goalie_name,bucket,height_in,weight_lbs,weight_height_ratio,QNFS_pct,QNFS_lo,QNFS_hi,GP,quality_games,goalie_id,display_name,match_score
Anthony Stolarz,Quiet consistent,78.0,248.0,3.1794871794871793,66.0,56.277728854724614,74.53847920265184,100,66,8476932,Anthony Stolarz,1.0
Jeremy Swayman,True elite,75.0,195.0,2.6,63.82978723404256,56.74792235398643,70.35779312569107,188,120,8480280,Jeremy Swayman,1.0
Connor Hellebuyck,True elite,76.0,207.0,2.723684210526316,63.37448559670782,57.15255380443286,69.18013775821751,243,154,8476945,Connor Hellebuyck,1.0
Igor Shesterkin,True elite,73.0,199.0,2.7260273972602738,62.22222222222222,55.73208300043887,68.30202353053487,225,140,8478048,Igor Shesterkin,1.0
Logan Thompson,True elite,76.0,207.0,2.723684210526316,60.86956521739131,53.66447092620626,67.63008260373752,184,112,8480313,Logan Thompson,1.0
Ilya Sorokin,True elite,75.0,189.0,2.52,59.74025974025974,53.30656632932145,65.85529726409045,231,138,8478009,Ilya Sorokin,1.0
Darcy Kuemper,Quiet consistent,77.0,215.0,2.792207792207792,58.37837837837838,51.17539857497127,65.24048816599839,185,108,8475311,Darcy Kuemper,1.0
Casey DeSmith,True elite,72.0,188.0,2.611111111111111,58.19672131147541,49.32518930899179,66.56782416004079,122,71,8479193,Casey Desmith,1.0
Joey Daccord,Unclassified,74.0,201.0,2.716216216216216,57.7922077922078,49.89530516684212,65.3098254619008,154,89,8478916,Joey Daccord,1.0
Lukas Dostal,Unclassified,74.0,190.0,2.5675675675675675,57.738095238095234,50.17741762056335,64.9528077502125,168,97,8480843,Lukas Dostal,1.0
Joel Hofer,Unclassified,77.0,193.0,2.5064935064935066,57.00934579439251,47.546911203382905,65.9859312542982,107,61,8480981,Joel Hofer,1.0
Joonas Korpisalo,Unclassified,76.0,200.0,2.6315789473684212,56.375838926174495,48.35187630234299,64.07930575166358,149,84,8476914,Joonas Korpisalo,1.0
John Gibson,Unclassified,75.0,209.0,2.786666666666666,56.284153005464475,49.04124957319459,63.2686521719381,183,103,8476434,John Gibson,1.0
Ukko-Pekka Luukkonen,Unclassified,77.0,223.0,2.896103896103896,56.25,48.86501119972675,63.36798565442716,176,99,8480045,Ukko Pekka Luukkonen,1.0
Mackenzie Blackwood,Unclassified,76.0,225.0,2.960526315789474,55.769230769230774,47.92982342290396,63.33133506051048,156,87,8478406,Mackenzie Blackwood,1.0
Juuse Saros,Unclassified,71.0,180.0,2.535211267605634,55.10204081632652,48.84284243054658,61.20371497129459,245,135,8477424,Juuse Saros,1.0
Joseph Woll,Unclassified,75.0,212.0,2.8266666666666667,54.46428571428571,45.246272462138286,63.38621551047827,112,61,8479361,Joseph Woll,1.0
Linus Ullmark,Unclassified,76.0,223.0,2.9342105263157894,54.44444444444444,47.151949265004,61.551201864581664,180,98,8476999,Linus Ullmark,1.0
Andrei Vasilevskiy,Unclassified,76.0,223.0,2.9342105263157894,53.879310344827594,47.45376139386353,60.17848447588625,232,125,8476883,Andrei Vasilevskiy,1.0
Filip Gustavsson,Unclassified,74.0,184.0,2.4864864864864864,53.72340425531915,46.59276516585937,60.70492746328458,188,101,8479406,Filip Gustavsson,1.0
Stuart Skinner,Game-stealer,76.0,215.0,2.8289473684210527,53.62318840579711,46.825584042584325,60.28876627727211,207,111,8479973,Stuart Skinner,1.0
Sergei Bobrovsky,Unclassified,74.0,180.0,2.4324324324324325,53.588516746411486,46.82353268827886,60.223966461140435,209,112,8475683,Sergei Bobrovsky,1.0
Anton Forsberg,Game-stealer,75.0,200.0,2.6666666666666665,53.333333333333336,44.44278926967431,62.01708295420101,120,64,8476341,Anton Forsberg,1.0
Adin Hill,Unclassified,76.0,222.0,2.9210526315789473,52.63157894736842,44.19158940535558,60.92381937523351,133,70,8478499,Adin Hill,1.0
Alex Lyon,Unclassified,73.0,199.0,2.7260273972602738,52.5,43.62699530582483,61.21790886208165,120,63,8479312,Alex Lyon,1.0
Karel Vejmelka,Unclassified,76.0,221.0,2.9078947368421053,52.42718446601942,45.62550841005766,59.13999410607993,206,108,8478872,Karel Vejmelka,1.0
Alex Nedeljkovic,Unclassified,72.0,205.0,2.8472222222222223,52.34375,43.749793124049376,60.801127393418554,128,67,8477968,Alex Nedeljkovic,1.0
Jordan Binnington,Game-stealer,74.0,172.0,2.324324324324324,52.33644859813083,45.662682034320014,58.927812380350154,214,112,8476412,Jordan Binnington,1.0
Jake Oettinger,Unclassified,78.0,225.0,2.8846153846153846,51.541850220264315,45.06918660258749,57.96319763019335,227,117,8479979,Jake Oettinger,1.0
Philipp Grubauer,Unclassified,73.0,188.0,2.5753424657534247,50.75757575757576,42.32891159052686,59.14339297492981,132,67,8475831,Philipp Grubauer,1.0
Cam Talbot,Unclassified,75.0,202.0,2.693333333333334,50.602409638554214,43.06969185778069,58.10787692541697,166,84,8475660,Cam Talbot,1.0
Tristan Jarry,Below average,76.0,201.0,2.6447368421052633,50.0,42.390229825595185,57.609770174404815,162,81,8477465,Tristan Jarry,1.0
Jacob Markstrom,Below average,78.0,207.0,2.6538461538461537,49.746192893401016,42.83614710656092,56.66594772691029,197,98,8474593,Jacob Markstrom,1.0
Samuel Ersson,Below average,75.0,194.0,2.5866666666666664,48.9051094890511,40.6793178139353,57.19062756640947,137,67,8481035,Samuel Ersson,1.0
Elvis Merzlikins,Below average,75.0,190.0,2.533333333333333,46.666666666666664,38.86605075992821,54.63375086919231,150,70,8478007,Elvis Merzlikins,1.0
Jake Allen,Below average,74.0,197.0,2.6621621621621623,42.65734265734265,34.84768555230025,50.85117622103395,143,61,8474596,Jake Allen,1.0
Arvid Soderblom,Game-stealer,75.0,180.0,2.4,42.201834862385326,33.350964579265366,51.58365060768192,109,46,8482821,Arvid Soderblom,1.0
