display_name,height_in,weight_lbs,weight_height_ratio,avg_gsax,total_gsax,qualifying_seasons,size_source
Connor Hellebuyck,76.0,207.0,2.723684210526316,26.083333333333332,78.25,3,cache
Logan Thompson,76.0,207.0,2.723684210526316,19.94666666666667,59.84,3,cache
Igor Shesterkin,73.0,199.0,2.7260273972602738,18.29666666666667,54.890000000000015,3,cache
Andrei Vasilevskiy,76.0,223.0,2.9342105263157894,17.126666666666665,51.379999999999995,3,cache
Ilya Sorokin,75.0,189.0,2.52,14.75666666666667,44.27000000000001,3,cache
Anthony Stolarz,78.0,248.0,3.1794871794871793,13.053333333333333,39.16,3,cache
Jeremy Swayman,75.0,195.0,2.6,12.696666666666667,38.09,3,cache
Casey Desmith,72.0,188.0,2.611111111111111,8.65333333333333,25.959999999999994,3,cache
Mackenzie Blackwood,76.0,225.0,2.960526315789474,8.023333333333326,24.06999999999998,3,cache
Jake Allen,74.0,197.0,2.6621621621621623,7.6166666666666645,22.849999999999994,3,cache
Jake Oettinger,78.0,225.0,2.8846153846153846,6.106666666666665,18.319999999999993,3,cache
Joel Hofer,77.0,193.0,2.5064935064935066,5.893333333333331,17.679999999999993,3,cache
John Gibson,75.0,209.0,2.7866666666666666,5.8266666666666636,17.47999999999999,3,cache
Joseph Woll,75.0,212.0,2.8266666666666667,5.8066666666666675,17.42,3,cache
Alex Lyon,73.0,199.0,2.7260273972602738,5.703333333333338,17.110000000000014,3,cache
Joey Daccord,74.0,201.0,2.7162162162162162,5.550000000000007,16.65000000000002,3,cache
Linus Ullmark,76.0,223.0,2.9342105263157894,5.260000000000001,15.780000000000001,3,cache
Karel Vejmelka,76.0,221.0,2.9078947368421053,4.809999999999998,14.429999999999994,3,cache
Darcy Kuemper,77.0,215.0,2.792207792207792,3.9833333333333294,11.949999999999989,3,cache
Filip Gustavsson,74.0,184.0,2.4864864864864864,3.953333333333328,11.859999999999983,3,cache
Ukko Pekka Luukkonen,77.0,223.0,2.896103896103896,3.7933333333333272,11.379999999999981,3,cache
Sergei Bobrovsky,74.0,180.0,2.4324324324324325,3.5466666666666717,10.640000000000015,3,cache
Cam Talbot,75.0,202.0,2.6933333333333334,3.4766666666666732,10.43000000000002,3,cache
Stuart Skinner,76.0,215.0,2.8289473684210527,2.923333333333327,8.769999999999982,3,cache
Adin Hill,76.0,222.0,2.9210526315789473,2.2533333333333343,6.760000000000003,3,cache
Lukas Dostal,74.0,190.0,2.5675675675675675,2.053333333333337,6.160000000000011,3,scraped
Jacob Markstrom,78.0,207.0,2.6538461538461537,1.7333333333333296,5.199999999999989,3,scraped
Anton Forsberg,75.0,200.0,2.6666666666666665,1.4400000000000024,4.320000000000007,3,cache
Jordan Binnington,74.0,172.0,2.324324324324324,-0.2133333333333335,-0.6400000000000006,3,cache
Alex Nedeljkovic,72.0,205.0,2.8472222222222223,-1.8166666666666675,-5.450000000000003,3,cache
Tristan Jarry,76.0,201.0,2.6447368421052633,-2.0599999999999974,-6.179999999999993,3,cache
Philipp Grubauer,73.0,188.0,2.5753424657534247,-5.499999999999996,-16.499999999999986,3,cache
Joonas Korpisalo,76.0,200.0,2.6315789473684212,-6.216666666666673,-18.65000000000002,3,cache
Juuse Saros,71.0,180.0,2.535211267605634,-6.553333333333332,-19.659999999999997,3,cache
Arvid Soderblom,75.0,180.0,2.4,-7.0966666666666685,-21.290000000000006,3,scraped
Elvis Merzlikins,75.0,190.0,2.533333333333333,-7.273333333333326,-21.81999999999998,3,scraped
Samuel Ersson,75.0,194.0,2.5866666666666664,-13.719999999999999,-41.16,3,cache
