player_name,player_id,primary_position,position_specific,team_2025_26,es_toi_min,events_for,events_against,offensive_NFI_60,off_rank_pos_rel,defensive_NFI_60,def_rank_pos_rel,pool_NFI
Devon Toews,8478038,D,D,COL,1213.4000,390,296,19.2847,1,14.6366,133,0.5685
Sam Malinski,8484258,D,D,COL,1271.0000,390,265,18.4102,2,12.5095,35,0.5954
Jordan Spence,8481606,D,D,OTT,1204.8000,364,229,18.1282,3,11.4049,9,0.6138
Samuel Girard,8479398,D,D,TRADED:COL+PIT,960.2000,289,219,18.0587,4,13.6846,84,0.5689
Connor Clifton,8477365,D,D,PIT,729.7000,217,175,17.8438,5,14.3901,115,0.5536
Brent Burns,8470613,D,D,COL,1270.8000,377,302,17.7996,6,14.2585,111,0.5552
Mattias Ekholm,8475218,D,D,EDM,1458.4000,423,316,17.4020,7,13.0001,54,0.5724
Sean Durzi,8480434,D,D,UTA,1011.6000,293,254,17.3787,8,15.0655,149,0.5356
Alexander Nikishin,8482100,D,D,CAR,1235.1000,353,298,17.1482,9,14.4764,121,0.5422
Josh Manson,8476312,D,D,COL,1234.1000,351,245,17.0653,10,11.9117,17,0.5889
Ryan Shea,8478854,D,D,PIT,1291.2000,367,328,17.0537,11,15.2414,158,0.5281
J.J. Moser,8482655,D,D,TBL,1454.6000,406,311,16.7467,12,12.8281,44,0.5662
K'Andre Miller,8480817,D,D,CAR,1374.7000,382,287,16.6723,13,12.5261,37,0.5710
Damon Severson,8476923,D,D,CBJ,1318.3000,364,283,16.5664,14,12.8799,48,0.5626
Sean Walker,8480336,D,D,CAR,1507.2000,409,322,16.2820,15,12.8186,43,0.5595
Kris Letang,8471724,D,D,PIT,1319.9000,355,362,16.1374,16,16.4556,180,0.4951
Olen Zellweger,8482803,D,D,ANA,1108.2000,298,285,16.1335,17,15.4297,164,0.5111
Radko Gudas,8475462,D,D,ANA,789.3000,211,204,16.0395,18,15.5074,167,0.5084
Evan Bouchard,8480803,D,D,EDM,1608.9000,428,338,15.9611,19,12.6048,38,0.5587
Adam Fox,8479323,D,D,NYR,1082.8000,287,179,15.9037,20,9.9190,1,0.6159
Jaccob Slavin,8476958,D,D,CAR,709.4000,187,143,15.8173,21,12.0956,22,0.5667
Jakob Chychrun,8479345,D,D,WSH,1554.7000,409,383,15.7842,22,14.7808,138,0.5164
Zach Werenski,8478460,D,D,CBJ,1681.4000,442,341,15.7723,23,12.1682,26,0.5645
Shayne Gostisbehere,8476906,D,D,CAR,882.8000,232,196,15.7689,24,13.3220,63,0.5421
Cale Makar,8480069,D,D,COL,1469.1000,385,336,15.7241,25,13.7228,85,0.5340
Trevor van Riemsdyk,8477845,D,D,WSH,945.1000,247,231,15.6809,26,14.6651,136,0.5167
Darren Raddysh,8478178,D,D,TBL,1371.8000,358,270,15.6584,27,11.8094,13,0.5701
Brock Faber,8482122,D,D,MIN,1638.4000,426,397,15.6004,28,14.5384,127,0.5176
Charle-Edouard D'Astous,8480426,D,D,TBL,1153.4000,298,233,15.5022,29,12.1209,23,0.5612
Jacob Trouba,8476885,D,D,ANA,1505.0000,388,377,15.4679,30,15.0294,147,0.5072
Emil Andrae,8482126,D,D,PHI,847.2000,217,206,15.3674,31,14.5884,130,0.5130
Denton Mateychuk,8483485,D,D,CBJ,1268.9000,324,306,15.3208,32,14.4696,120,0.5143
Quinn Hughes,8480800,D,D,TRADED:MIN+VAN,1716.0000,438,400,15.3147,33,13.9860,99,0.5227
Parker Wotherspoon,8478450,D,D,PIT,1430.9000,364,323,15.2628,34,13.5436,78,0.5298
John Carlson,8474590,D,D,TRADED:WSH+ANA,1321.7000,336,292,15.2535,35,13.2560,62,0.5350
Jalen Chatfield,8478970,D,D,CAR,1266.9000,320,303,15.1553,36,14.3502,114,0.5136
Thomas Chabot,8478469,D,D,OTT,1037.8000,262,210,15.1479,37,12.1415,24,0.5551
Shea Theodore,8477447,D,D,VGK,1371.1000,346,267,15.1413,38,11.6842,11,0.5644
Logan Mailloux,8482733,D,D,STL,983.4000,247,232,15.0702,39,14.1550,106,0.5157
Gustav Forsling,8478055,D,D,FLA,1498.8000,375,341,15.0115,40,13.6505,83,0.5237
Nick Blankenburg,8483565,D,D,TRADED:NSH+COL,837.9000,209,188,14.9663,41,13.4625,73,0.5264
Cody Ceci,8476879,D,D,TRADED:LAK+SJS,1291.4000,322,268,14.9611,42,12.4521,34,0.5458
Nate Schmidt,8477220,D,D,UTA,1352.9000,337,296,14.9460,43,13.1277,59,0.5324
Jake Middleton,8478136,D,D,MIN,1154.6000,287,272,14.9138,44,14.1344,104,0.5134
Owen Power,8482671,D,D,BUF,1487.8000,369,350,14.8814,45,14.1151,103,0.5132
Brayden McNabb,8475188,D,D,VGK,1166.8000,289,215,14.8616,46,11.0562,6,0.5734
Pavel Mintyukov,8483490,D,D,ANA,1106.7000,274,300,14.8545,47,16.2641,178,0.4774
Kaedan Korczak,8481527,D,D,VGK,1156.3000,286,212,14.8404,48,11.0006,4,0.5743
John Marino,8478507,D,D,UTA,1395.8000,345,316,14.8302,49,13.5836,80,0.5219
Dougie Hamilton,8476462,D,D,NJD,1420.4000,351,328,14.8266,50,13.8551,94,0.5169
Jared Spurgeon,8474716,D,D,MIN,1270.2000,313,292,14.7847,51,13.7927,87,0.5174
Jeff Petry,8473507,D,D,TRADED:FLA+MIN,844.2000,208,189,14.7841,52,13.4336,71,0.5239
Lian Bichsel,8483425,D,D,DAL,685.9000,169,147,14.7828,53,12.8584,46,0.5348
Dmitry Orlov,8475200,D,D,SJS,1416.7000,349,342,14.7807,54,14.4842,123,0.5051
Justin Barron,8482111,D,D,NSH,658.1000,162,164,14.7705,55,14.9529,143,0.4969
Henri Jokiharju,8480035,D,D,BOS,641.9000,158,156,14.7683,56,14.5813,128,0.5032
Brandt Clarke,8482730,D,D,LAK,1361.6000,335,288,14.7619,57,12.6908,39,0.5377
Noah Hanifin,8478396,D,D,VGK,1398.9000,343,279,14.7114,58,11.9664,18,0.5514
Alexander Petrovic,8475755,D,D,DAL,752.7000,184,170,14.6672,59,13.5512,79,0.5198
Lane Hutson,8483457,D,D,MTL,1645.1000,402,341,14.6619,60,12.4371,33,0.5410
Nils Lundkvist,8480878,D,D,DAL,793.9000,194,182,14.6612,61,13.7543,86,0.5160
Matt Roy,8478911,D,D,WSH,1368.2000,334,341,14.6464,62,14.9534,144,0.4948
Tyler Kleven,8482095,D,D,OTT,1067.5000,260,205,14.6138,63,11.5224,10,0.5591
Darnell Nurse,8477498,D,D,EDM,1494.4000,363,377,14.5749,64,15.1370,153,0.4905
Jackson LaCombe,8481605,D,D,ANA,1578.0000,383,363,14.5624,65,13.8020,89,0.5134
Nikolas Matinpalo,8484321,D,D,OTT,693.4000,168,155,14.5364,66,13.4115,70,0.5201
Erik Karlsson,8474578,D,D,PIT,1440.2000,348,306,14.4980,67,12.7482,40,0.5321
Nicolas Hague,8479980,D,D,TRADED:NSH+VGK,1071.9000,259,261,14.4974,68,14.6093,131,0.4981
Thomas Harley,8481581,D,D,DAL,1324.9000,320,318,14.4918,69,14.4013,117,0.5016
Adam Wilsby,8482482,D,D,NSH,862.6000,208,221,14.4670,70,15.3712,162,0.4848
Martin Fehérváry,8480796,D,D,WSH,1327.4000,320,327,14.4647,71,14.7811,139,0.4946
Spencer Stastney,8481056,D,D,TRADED:EDM+NSH,892.7000,215,230,14.4511,72,15.4593,165,0.4831
Aaron Ekblad,8477932,D,D,FLA,1296.3000,312,307,14.4409,73,14.2095,108,0.5040
Ian Moore,8482178,D,D,ANA,827.2000,199,204,14.4337,74,14.7963,140,0.4938
Tyler Tucker,8481006,D,D,STL,873.7000,210,197,14.4214,75,13.5287,77,0.5160
Rasmus Sandin,8480873,D,D,WSH,1169.6000,281,269,14.4148,76,13.7992,88,0.5109
Ryan McDonagh,8474151,D,D,TBL,761.9000,183,156,14.4117,77,12.2853,29,0.5398
Nick Jensen,8475324,D,D,OTT,953.5000,229,205,14.4101,78,12.8998,50,0.5276
Troy Stecher,8479442,D,D,TRADED:TOR+EDM,1078.6000,259,272,14.4073,79,15.1305,152,0.4878
Jake Walman,8478013,D,D,EDM,851.1000,204,255,14.3817,80,17.9771,195,0.4444
Cam Fowler,8475764,D,D,STL,1452.9000,348,326,14.3713,81,13.4627,74,0.5163
Dylan DeMelo,8476331,D,D,WPG,1514.5000,362,341,14.3412,82,13.5093,75,0.5149
Rasmus Ristolainen,8477499,D,D,PHI,793.6000,189,162,14.2902,83,12.2488,28,0.5385
Matthew Schaefer,8485366,D,D,NYI,1684.0000,399,405,14.2166,84,14.4304,118,0.4963
Kaiden Guhle,8482087,D,D,MTL,675.5000,160,165,14.2113,85,14.6554,135,0.4923
Dante Fabbro,8479371,D,D,CBJ,1081.6000,256,256,14.2007,86,14.2007,107,0.5000
Jayden Struble,8481593,D,D,MTL,785.9000,186,173,14.2003,87,13.2078,61,0.5181
Ivan Provorov,8478500,D,D,CBJ,1693.1000,400,364,14.1750,88,12.8993,49,0.5236
Bowen Byram,8481524,D,D,BUF,1537.7000,362,369,14.1251,89,14.3983,116,0.4952
Jonas Siegenthaler,8478399,D,D,NJD,1442.2000,339,348,14.1036,90,14.4780,122,0.4934
Timothy Liljegren,8480043,D,D,TRADED:SJS+WSH,783.2000,184,208,14.0966,91,15.9353,174,0.4694
Mason Lohrei,8482511,D,D,BOS,1064.6000,250,279,14.0902,92,15.7247,170,0.4726
Travis Sanheim,8477948,D,D,PHI,1603.4000,376,301,14.0697,93,11.2632,8,0.5554
Vladislav Gavrikov,8478882,D,D,NYR,1634.5000,383,319,14.0592,94,11.7099,12,0.5456
Nick Seeler,8476372,D,D,PHI,1225.8000,287,254,14.0484,95,12.4330,32,0.5305
Rasmus Dahlin,8480839,D,D,BUF,1569.8000,367,341,14.0274,96,13.0336,57,0.5184
Brian Dumoulin,8475208,D,D,LAK,1285.0000,299,268,13.9609,97,12.5135,36,0.5273
Sam Dickinson,8484806,D,D,SJS,1040.2000,242,277,13.9589,98,15.9777,175,0.4663
Ben Hutton,8477018,D,D,VGK,757.5000,176,164,13.9406,99,12.9901,53,0.5176
Roman Josi,8474600,D,D,NSH,1386.0000,322,334,13.9399,100,14.4594,119,0.4909
Drew Helleson,8481563,D,D,ANA,892.0000,207,243,13.9245,101,16.3462,179,0.4600
Adam Pelech,8476917,D,D,NYI,1468.4000,340,348,13.8927,102,14.2196,109,0.4942
Jamie Drysdale,8482142,D,D,PHI,1423.7000,328,317,13.8235,103,13.3599,66,0.5085
Niko Mikkola,8478859,D,D,FLA,1168.1000,269,284,13.8173,104,14.5878,129,0.4864
Jeremy Lauzon,8478468,D,D,VGK,1038.0000,239,213,13.8157,105,12.3127,30,0.5288
Morgan Rielly,8476853,D,D,TOR,1389.0000,319,347,13.7800,106,14.9896,146,0.4790
Yan Kuznetsov,8482165,D,D,CGY,1020.6000,234,289,13.7568,107,16.9903,186,0.4474
Noah Dobson,8480865,D,D,MTL,1461.1000,335,386,13.7566,108,15.8509,171,0.4646
Simon Edvinsson,8482762,D,D,DET,1423.5000,326,319,13.7408,109,13.4457,72,0.5054
Drew Doughty,8474563,D,D,LAK,1353.7000,310,274,13.7400,110,12.1443,25,0.5308
Tony DeAngelo,8477950,D,D,NYI,1275.1000,292,350,13.7397,111,16.4689,181,0.4548
Erik Cernak,8478416,D,D,TBL,899.8000,206,180,13.7369,112,12.0031,19,0.5337
Ian Cole,8474013,D,D,UTA,1260.6000,288,250,13.7078,113,11.8991,15,0.5353
Mikhail Sergachev,8479410,D,D,UTA,1520.7000,346,330,13.6518,114,13.0205,56,0.5118
Matt Grzelcyk,8476891,D,D,CHI,1033.4000,235,294,13.6447,115,17.0704,189,0.4442
Brenden Dillon,8475455,D,D,NJD,1315.8000,298,281,13.5890,116,12.8138,42,0.5147
John Klingberg,8475906,D,D,SJS,941.6000,213,217,13.5722,117,13.8270,92,0.4953
Seth Jones,8477495,D,D,FLA,966.4000,218,215,13.5345,118,13.3483,65,0.5035
MacKenzie Weegar,8477346,D,D,TRADED:CGY+UTA,1453.7000,327,345,13.4967,119,14.2397,110,0.4866
Matthew Robertson,8481525,D,D,NYR,1108.4000,249,255,13.4791,120,13.8039,90,0.4940
Alexandre Carrier,8478851,D,D,MTL,1180.4000,265,272,13.4706,121,13.8264,91,0.4935
Jake Sanderson,8482105,D,D,OTT,1341.5000,301,243,13.4627,122,10.8686,3,0.5533
Luke Hughes,8482684,D,D,NJD,1342.0000,301,339,13.4577,123,15.1567,154,0.4703
Philip Broberg,8481598,D,D,STL,1576.3000,353,325,13.4365,124,12.3707,31,0.5206
Oliver Ekman-Larsson,8475171,D,D,TOR,1389.3000,311,349,13.4314,125,15.0725,150,0.4712
Ryker Evans,8482858,D,D,SEA,1030.4000,230,229,13.3929,126,13.3346,64,0.5011
Zeev Buium,8484798,D,D,TRADED:VAN+MIN,1257.2000,280,349,13.3629,127,16.6558,183,0.4452
Colton Parayko,8476892,D,D,STL,1464.0000,326,289,13.3608,128,11.8444,14,0.5301
Zach Whitecloud,8480727,D,D,TRADED:VGK+CGY,1381.3000,306,339,13.2918,129,14.7253,137,0.4744
Ilya Lyubushkin,8480950,D,D,DAL,728.2000,161,184,13.2665,130,15.1617,155,0.4667
Axel Sandin-Pellikka,8484223,D,D,DET,933.4000,206,261,13.2417,131,16.7771,184,0.4411
Jonathan Aspirot,8481219,D,D,BOS,929.0000,205,234,13.2393,132,15.1122,151,0.4670
Jonas Brodin,8476463,D,D,MIN,1106.2000,244,240,13.2343,133,13.0173,55,0.5041
Simon Nemec,8483495,D,D,NJD,1180.3000,260,282,13.2170,134,14.3353,113,0.4797
Emil Lilleberg,8482929,D,D,TBL,754.9000,166,152,13.1938,135,12.0811,21,0.5220
Brett Kulak,8476967,D,D,TRADED:EDM+COL,1360.4000,299,351,13.1870,136,15.4804,166,0.4600
Artem Zub,8482245,D,D,OTT,1471.0000,323,292,13.1749,137,11.9104,16,0.5252
Brady Skjei,8476869,D,D,NSH,1517.2000,333,356,13.1687,138,14.0783,101,0.4833
Josh Morrissey,8477504,D,D,WPG,1614.3000,354,355,13.1574,139,13.1946,60,0.4993
Mikey Anderson,8479998,D,D,LAK,1443.0000,316,325,13.1393,140,13.5135,76,0.4930
Rasmus Andersson,8478397,D,D,TRADED:CGY+VGK,1555.4000,340,339,13.1153,141,13.0767,58,0.5007
Hampus Lindholm,8476854,D,D,BOS,1176.1000,256,252,13.0605,142,12.8564,45,0.5039
Logan Stanley,8479378,D,D,TRADED:WPG+BUF,1130.1000,246,299,13.0604,143,15.8742,172,0.4514
Ty Emberson,8480834,D,D,EDM,979.7000,213,230,13.0448,144,14.0859,102,0.4808
Ben Chiarot,8475279,D,D,DET,1504.6000,327,439,13.0396,145,17.5057,191,0.4269
Brett Pesce,8477488,D,D,NJD,674.4000,146,157,12.9890,146,13.9676,98,0.4818
Artyom Levshunov,8484783,D,D,CHI,1112.7000,240,331,12.9417,147,17.8487,192,0.4203
Olli Määttä,8476874,D,D,TRADED:UTA+CGY,649.1000,140,145,12.9413,148,13.4035,67,0.4912
Shakir Mukhamadullin,8482166,D,D,SJS,757.0000,163,183,12.9191,149,14.5043,125,0.4711
Brandon Carlo,8478443,D,D,TOR,916.2000,197,257,12.9018,150,16.8313,185,0.4339
Dylan Samberg,8480049,D,D,WPG,1230.3000,264,266,12.8747,151,12.9723,52,0.4981
Joel Edmundson,8476441,D,D,LAK,1318.9000,281,285,12.7835,152,12.9655,51,0.4965
Albert Johansson,8481607,D,D,DET,1147.8000,244,291,12.7548,153,15.2117,157,0.4561
Conor Timmins,8479982,D,D,BUF,611.8000,130,141,12.7493,154,13.8280,93,0.4797
Jake McCabe,8476931,D,D,TOR,1520.1000,322,368,12.7100,155,14.5257,126,0.4667
Mike Matheson,8476875,D,D,MTL,1525.0000,323,390,12.7081,156,15.3441,161,0.4530
Moritz Seider,8481542,D,D,DET,1735.3000,367,348,12.6892,157,12.0323,20,0.5133
Kevin Bahl,8480860,D,D,CGY,1452.6000,307,391,12.6804,158,16.1500,177,0.4398
Charlie McAvoy,8479325,D,D,BOS,1330.9000,281,309,12.6678,159,13.9301,96,0.4763
Ryan Pulock,8477506,D,D,NYI,1361.1000,287,350,12.6518,160,15.4291,163,0.4505
Will Borgen,8478840,D,D,NYR,1174.5000,247,277,12.6183,161,14.1509,105,0.4714
Esa Lindell,8476902,D,D,DAL,1564.4000,329,288,12.6181,162,11.0457,5,0.5332
Brandon Montour,8477986,D,D,SEA,1208.1000,254,270,12.6152,163,13.4099,69,0.4847
Nick Perbix,8480246,D,D,NSH,1290.3000,271,315,12.6016,164,14.6476,134,0.4625
Filip Hronek,8479425,D,D,VAN,1686.2000,354,463,12.5965,165,16.4751,182,0.4333
Nikita Zadorov,8477507,D,D,BOS,1445.5000,303,376,12.5771,166,15.6072,168,0.4462
Mattias Samuelsson,8480807,D,D,BUF,1563.6000,327,354,12.5477,167,13.5837,81,0.4802
Scott Mayfield,8476429,D,D,NYI,1159.6000,242,280,12.5212,168,14.4873,124,0.4636
Mario Ferraro,8479983,D,D,SJS,1469.5000,305,341,12.4529,169,13.9228,95,0.4721
Wyatt Kaiser,8482176,D,D,CHI,1312.9000,271,376,12.3846,170,17.1831,190,0.4189
Uvis Balinskis,8484304,D,D,FLA,756.8000,156,202,12.3684,171,16.0155,176,0.4358
Carson Soucy,8477369,D,D,TRADED:NYR+NYI,1106.8000,228,270,12.3594,172,14.6361,132,0.4578
Noah Juulsen,8478454,D,D,PHI,626.5000,129,140,12.3537,173,13.4071,68,0.4796
Cam York,8481546,D,D,PHI,1370.6000,282,257,12.3454,174,11.2510,7,0.5232
Justin Faulk,8475753,D,D,TRADED:STL+DET,1441.8000,295,328,12.2766,175,13.6499,82,0.4735
Neal Pionk,8480145,D,D,WPG,962.8000,197,239,12.2763,176,14.8935,142,0.4518
Tyler Myers,8474574,D,D,TRADED:VAN+DAL,1220.8000,249,303,12.2380,177,14.8921,141,0.4511
Sam Rinzel,8483506,D,D,CHI,851.7000,172,254,12.1174,178,17.8943,193,0.4038
Elias Pettersson,8483678,D,D,VAN,921.2000,186,280,12.1142,179,18.2364,196,0.3991
Joel Hanley,8477810,D,D,CGY,899.2000,180,209,12.0107,180,13.9457,97,0.4627
Louis Crevier,8481806,D,D,CHI,1160.6000,232,347,11.9943,181,17.9398,194,0.4007
Arber Xhekaj,8482964,D,D,MTL,691.3000,138,162,11.9774,182,14.0605,100,0.4600
Jacob Bernard-Docker,8480879,D,D,DET,838.1000,167,214,11.9561,183,15.3210,160,0.4383
Miro Heiskanen,8480036,D,D,DAL,1565.8000,312,261,11.9553,184,10.0011,2,0.5445
Andrew Peeke,8479369,D,D,BOS,1278.8000,254,319,11.9171,185,14.9668,145,0.4433
Tom Willander,8484240,D,D,VAN,1003.3000,198,266,11.8407,186,15.9072,173,0.4267
Simon Benoit,8481122,D,D,TOR,1093.4000,213,311,11.6880,187,17.0655,188,0.4065
Braden Schneider,8482073,D,D,NYR,1426.4000,277,340,11.6516,188,14.3016,112,0.4489
Ryan Lindgren,8479324,D,D,SEA,1179.8000,229,296,11.6460,189,15.0534,148,0.4362
Jamie Oleksiak,8476467,D,D,SEA,1175.6000,225,250,11.4832,190,12.7591,41,0.4737
Adam Larsson,8476457,D,D,SEA,1523.3000,291,398,11.4617,191,15.6761,169,0.4224
Vince Dunn,8478407,D,D,SEA,1480.4000,282,375,11.4290,192,15.1981,156,0.4292
Vincent Desharnais,8479576,D,D,SJS,819.6000,155,167,11.3470,193,12.2255,27,0.4814
Alex Vlasic,8481568,D,D,CHI,1478.2000,278,419,11.2839,194,17.0070,187,0.3989
Marcus Pettersson,8477969,D,D,VAN,1511.0000,284,385,11.2772,195,15.2877,159,0.4245
Connor Murphy,8476473,D,D,TRADED:CHI+EDM,1203.3000,221,258,11.0194,196,12.8643,47,0.4614
