rank,goalie_name,goalie_id,team_2025_26,GP,faced_DZ,GA_DZ,save_pct_DZ,xG,GSAx,es_toi_min_prorated,GSAx_per60
1,Darcy Kuemper,8475311,LAK,50,298,36,0.8792,53.7000,17.7000,1754.8000,0.6050
2,Andrei Vasilevskiy,8476883,TBL,63,438,63,0.8562,78.7000,15.7000,2509.6000,0.3750
3,Connor Hellebuyck,8476945,WPG,63,413,60,0.8547,74.1200,14.1200,2336.0000,0.3630
4,Logan Thompson,8480313,WSH,43,324,45,0.8611,58.4700,13.4700,1878.5000,0.4300
5,Spencer Knight,8481519,CHI,38,295,41,0.8610,53.3300,12.3300,1504.7000,0.4920
6,Elvis Merzlikins,8478007,CBJ,53,419,66,0.8425,75.9700,9.9700,2180.0000,0.2750
7,Anthony Stolarz,8476932,TOR,34,216,29,0.8657,38.7900,9.7900,1182.0000,0.4970
8,Casey DeSmith,8479193,DAL,27,214,29,0.8645,38.5100,9.5100,1116.5000,0.5110
9,Scott Wedgewood,8475809,COL,24,156,19,0.8782,28.2800,9.2800,868.8000,0.6410
10,Jet Greaves,8482982,CBJ,11,102,10,0.9020,18.2300,8.2300,468.7000,1.0530
11,Sergei Bobrovsky,8475683,FLA,54,334,53,0.8413,60.0400,7.0400,1965.5000,0.2150
12,Cam Talbot,8475660,DET,47,309,49,0.8414,55.9200,6.9200,1936.6000,0.2140
13,Filip Gustavsson,8479406,MIN,58,391,64,0.8363,70.3600,6.3600,2296.0000,0.1660
14,Dustin Wolf,8481692,CGY,53,394,65,0.8350,70.9800,5.9800,2146.4000,0.1670
15,Ilya Sorokin,8478009,NYI,60,432,73,0.8310,78.2500,5.2500,2333.1000,0.1350
16,Frederik Andersen,8475883,CAR,22,171,27,0.8421,31.1900,4.1900,969.6000,0.2590
17,Igor Shesterkin,8478048,NYR,61,506,87,0.8281,91.0900,4.0900,2775.4000,0.0880
18,Joey Daccord,8478916,SEA,57,407,70,0.8280,73.4300,3.4300,2496.0000,0.0830
19,Joseph Woll,8479361,TOR,42,278,47,0.8309,50.3700,3.3700,1526.2000,0.1330
20,Jakub Dobes,8482487,MTL,16,107,16,0.8505,19.2300,3.2300,505.4000,0.3840
21,Pyotr Kochetkov,8481611,CAR,47,361,62,0.8283,65.1800,3.1800,2367.6000,0.0810
22,Thatcher Demko,8477967,VAN,23,149,24,0.8389,27.0300,3.0300,827.6000,0.2190
23,Lukas Dostal,8480843,ANA,54,436,76,0.8257,78.9600,2.9600,2170.6000,0.0820
24,Yaroslav Askarov,8482137,SJS,13,105,16,0.8476,18.8800,2.8800,436.0000,0.3960
25,Jonas Johansson,8477992,TBL,19,165,27,0.8364,29.7200,2.7200,858.1000,0.1900
26,Jeremy Swayman,8480280,BOS,58,406,70,0.8276,72.7100,2.7100,2421.6000,0.0670
27,Joel Hofer,8480981,STL,31,186,31,0.8333,33.5600,2.5600,1072.1000,0.1430
28,Eric Comrie,8477480,WPG,20,135,22,0.8370,24.4600,2.4600,689.5000,0.2140
29,Jordan Binnington,8476412,STL,56,351,62,0.8234,63.3300,1.3300,1932.7000,0.0410
30,Kevin Lankinen,8480947,VAN,51,316,56,0.8228,57.0500,1.0500,1684.8000,0.0370
31,Alex Lyon,8479312,BUF,30,203,36,0.8227,36.8000,0.8000,1060.9000,0.0450
32,Jacob Markstrom,8474593,NJD,49,310,55,0.8226,55.7800,0.7800,1825.1000,0.0260
33,Samuel Montembeault,8478470,MTL,62,458,82,0.8210,82.7400,0.7400,2383.4000,0.0190
34,Ilya Samsonov,8478492,,29,212,38,0.8208,38.3600,0.3600,1364.7000,0.0160
35,Jake Allen,8474596,NJD,31,217,39,0.8203,39.3400,0.3400,1060.0000,0.0190
36,Juuse Saros,8477424,NSH,58,433,78,0.8199,78.2100,0.2100,2379.0000,0.0050
37,Linus Ullmark,8476999,OTT,44,327,59,0.8196,58.8600,-0.1400,1969.8000,-0.0040
38,Adin Hill,8478499,VGK,50,326,59,0.8190,58.4900,-0.5100,2176.9000,-0.0140
39,Joonas Korpisalo,8476914,BOS,26,173,32,0.8150,31.1600,-0.8400,915.5000,-0.0550
40,Dan Vladar,8478435,PHI,30,194,36,0.8144,34.8800,-1.1200,1183.4000,-0.0570
41,Arvid Soderblom,8482821,CHI,36,311,57,0.8167,55.8400,-1.1600,1438.3000,-0.0480
42,John Gibson,8476434,DET,29,218,41,0.8119,39.3300,-1.6700,1053.2000,-0.0950
43,Joel Blomqvist,8482446,,15,119,23,0.8067,21.3100,-1.6900,658.5000,-0.1540
44,Anton Forsberg,8476341,LAK,30,194,37,0.8093,34.7800,-2.2200,1063.2000,-0.1250
45,Vitek Vanecek,8477970,UTA,25,184,36,0.8043,33.2600,-2.7400,1091.7000,-0.1510
46,Jonathan Quick,8471734,NYR,24,194,38,0.8041,35.1400,-2.8600,1056.2000,-0.1630
47,Connor Ingram,8478971,EDM,22,137,28,0.7956,24.5400,-3.4600,809.0000,-0.2570
48,James Reimer,8473503,OTT,24,180,36,0.8000,32.3700,-3.6300,1019.0000,-0.2140
49,Marc-Andre Fleury,8470594,,25,156,32,0.7949,27.9500,-4.0500,983.8000,-0.2470
50,Justus Annunen,8481020,NSH,34,209,42,0.7990,37.9200,-4.0800,1178.6000,-0.2080
51,Alexandar Georgiev,8480382,,49,387,74,0.8088,69.7300,-4.2700,2283.8000,-0.1120
52,Petr Mrazek,8475852,ANA,38,277,55,0.8014,50.5100,-4.4900,1470.9000,-0.1830
53,Karel Vejmelka,8478872,UTA,58,352,68,0.8068,63.3400,-4.6600,1830.2000,-0.1530
54,Mackenzie Blackwood,8478406,COL,56,398,77,0.8065,71.7700,-5.2300,2212.4000,-0.1420
55,Alex Nedeljkovic,8477968,SJS,38,293,59,0.7986,53.0000,-6.0000,1552.5000,-0.2320
56,Philipp Grubauer,8475831,SEA,26,205,43,0.7902,36.8500,-6.1500,1228.0000,-0.3000
57,Stuart Skinner,8479973,PIT,51,358,71,0.8017,64.1800,-6.8200,2068.0000,-0.1980
58,David Rittich,8479496,NYI,34,211,45,0.7867,38.0400,-6.9600,1314.4000,-0.3180
59,Aleksei Kolosov,8482783,PHI,17,115,28,0.7565,20.7500,-7.2500,772.2000,-0.5630
60,Daniil Tarasov,8480193,FLA,20,153,35,0.7712,27.7400,-7.2600,761.7000,-0.5720
61,Tristan Jarry,8477465,EDM,36,268,56,0.7910,48.2600,-7.7400,1462.6000,-0.3170
62,Calvin Pickard,8475717,EDM,35,201,44,0.7811,36.0100,-7.9900,1273.0000,-0.3770
63,Samuel Ersson,8481035,PHI,47,293,62,0.7884,52.9200,-9.0800,1917.8000,-0.2840
64,Jake Oettinger,8479979,DAL,58,390,80,0.7949,70.1000,-9.9000,2405.0000,-0.2470
65,Ukko-Pekka Luukkonen,8480045,BUF,55,394,81,0.7944,70.8100,-10.1900,2259.4000,-0.2710
66,Ivan Fedotov,8478905,,26,172,42,0.7558,30.8500,-11.1500,1146.6000,-0.5840
67,Charlie Lindgren,8479292,WSH,39,240,58,0.7583,43.2900,-14.7100,1411.2000,-0.6260
