team,player_name,player_id,primary_position,gp_2025_26_team,es_toi_2025_26_min_team,slot_in_team,offensive_NFI_60_5y,defensive_NFI_60_5y,pool_NFI_combined_5y,gp_in_window_5y,es_toi_in_window_min_5y,qualified_5y,offensive_NFI_60_4y,defensive_NFI_60_4y,pool_NFI_combined_4y,gp_in_window_4y,es_toi_in_window_min_4y,qualified_4y,offensive_NFI_60_3y,defensive_NFI_60_3y,pool_NFI_combined_3y,gp_in_window_3y,es_toi_in_window_min_3y,qualified_3y,offensive_NFI_60_2y,defensive_NFI_60_2y,pool_NFI_combined_2y,gp_in_window_2y,es_toi_in_window_min_2y,qualified_2y,offensive_NFI_60_current,defensive_NFI_60_current,pool_NFI_combined_current,gp_in_window_current,es_toi_in_window_min_current,qualified_current
ANA,Jackson LaCombe,8481605,D,81,1183.533333,D1,12.181635,14.433905,0.457689,145,2477.500000,True,12.181635,14.433905,0.457689,145,2477.500000,True,12.181635,14.433905,0.457689,145,2477.500000,True,12.146080,14.526221,0.455382,143,2445.233333,True,14.562430,13.801990,0.513405,81,1578.033333,True
ANA,Jacob Trouba,8476885,D,80,1121.966667,D2,13.824556,15.310963,0.474491,345,6175.966667,True,13.740499,15.487909,0.470108,307,5528.183333,True,13.884331,14.933902,0.481790,226,4001.633333,True,13.605072,15.191941,0.472447,144,2571.100000,True,15.467925,15.029401,0.507190,80,1505.050000,True
ANA,Pavel Mintyukov,8483490,D,72,786.216667,D3,13.250532,16.457281,0.446029,128,1983.316667,True,13.250532,16.457281,0.446029,128,1983.316667,True,13.250532,16.457281,0.446029,128,1983.316667,True,13.250532,16.457281,0.446029,128,1983.316667,True,14.854527,16.264080,0.477352,72,1106.733333,True
ANA,Olen Zellweger,8482803,D,76,729.383333,D4,11.915335,15.731634,0.430982,86,1414.983333,True,11.915335,15.731634,0.430982,86,1414.983333,True,11.915335,15.731634,0.430982,86,1414.983333,True,11.915335,15.731634,0.430982,86,1414.983333,True,16.133544,15.429732,0.511149,76,1108.250000,True
ANA,Beckett Sennecke,8484762,F,81,857.933333,F1,,,,0,0.000000,False,,,,0,0.000000,False,,,,0,0.000000,False,,,,0,0.000000,False,16.866586,15.647314,0.518750,81,1181.033333,True
ANA,Mikael Granlund,8475798,F,57,839.766667,F2,13.006263,14.696646,0.469491,358,5572.700000,True,12.941529,15.083834,0.461779,307,4789.233333,True,12.416746,16.287345,0.432578,227,3503.333333,True,11.175922,16.638592,0.401802,148,2394.433333,True,14.555725,12.884255,0.530457,58,861.516667,True
ANA,Alex Killorn,8473986,F,81,814.916667,F3,13.236834,14.434895,0.478352,362,5158.333333,True,13.428981,14.792539,0.475842,306,4356.250000,True,13.046998,14.856435,0.467577,224,3150.150000,True,12.031518,14.285598,0.457175,142,2049.616667,True,15.774998,13.313651,0.542308,81,1072.583333,True
ANA,Leo Carlsson,8484153,F,69,811.816667,F4,12.122650,15.013689,0.446731,128,1826.333333,True,12.122650,15.013689,0.446731,128,1826.333333,True,12.122650,15.013689,0.446731,128,1826.333333,True,12.122650,15.013689,0.446731,128,1826.333333,True,15.145212,14.356985,0.513359,69,1065.683333,True
ANA,Chris Kreider,8475184,F,74,770.850000,F5,12.802749,13.047834,0.495260,356,5141.083333,True,12.859896,13.441363,0.488946,306,4437.050000,True,12.759313,13.208981,0.491342,225,3202.366667,True,12.248087,12.716914,0.490610,146,2047.666667,True,15.187380,14.182767,0.517103,74,1015.316667,True
ANA,Cutter Gauthier,8483445,F,75,735.483333,F6,12.269568,16.319130,0.429175,80,992.700000,True,12.269568,16.319130,0.429175,80,992.700000,True,12.269568,16.319130,0.429175,80,992.700000,True,12.269568,16.319130,0.429175,80,992.700000,True,14.783574,16.267639,0.476103,75,1051.166667,True
BOS,Charlie McAvoy,8479325,D,69,1046.316667,D1,15.621371,12.187025,0.561750,320,6114.700000,True,15.856670,12.303191,0.563095,269,5149.883333,True,15.461275,12.834521,0.546416,191,3609.016667,True,13.876025,12.639303,0.523321,124,2425.766667,True,12.667802,13.930074,0.476271,69,1330.933333,True
BOS,Nikita Zadorov,8477507,D,81,986.316667,D2,14.826767,13.537042,0.522735,363,5908.233333,True,15.199791,13.018061,0.538659,308,4977.700000,True,14.079714,13.314002,0.513976,234,3839.566667,True,12.980202,13.027403,0.499093,152,2542.333333,True,12.577108,15.607236,0.446244,81,1445.483333,True
BOS,Hampus Lindholm,8476854,D,67,919.783333,D3,15.021972,13.625739,0.524369,259,4812.950000,True,15.205659,13.730683,0.525487,241,4474.650000,True,15.245878,12.851739,0.542604,170,3132.650000,True,14.256994,12.583979,0.531165,90,1649.716667,True,13.060484,12.856414,0.503937,67,1176.066667,True
BOS,Andrew Peeke,8479369,D,77,878.466667,D4,12.190668,15.109561,0.446541,283,4892.266667,True,12.230757,15.091381,0.447650,272,4719.250000,True,11.878595,14.347846,0.452924,190,3207.450000,True,11.585652,12.895934,0.473239,110,1740.083333,True,11.917112,14.966767,0.443281,77,1278.833333,True
BOS,David Pastrnak,8477956,F,77,934.133333,F1,14.334232,12.111221,0.542030,362,5721.966667,True,14.583021,12.312682,0.542206,314,4994.850000,True,14.279913,12.771905,0.527873,242,3899.183333,True,13.312591,12.463339,0.516474,160,2614.066667,True,12.059288,13.782043,0.466667,77,1288.633333,True
BOS,Morgan Geekie,8479987,F,81,842.650000,F2,13.985587,14.221299,0.495822,327,3818.216667,True,14.207971,14.378330,0.497020,291,3521.966667,True,13.830340,13.874315,0.499206,218,2728.783333,True,13.457890,13.168473,0.505435,149,2073.133333,True,11.592386,14.105779,0.451098,81,1169.733333,True
BOS,Fraser Minten,8483489,F,82,777.583333,F3,9.486860,13.703243,0.409091,21,227.683333,False,9.486860,13.703243,0.409091,21,227.683333,False,9.486860,13.703243,0.409091,21,227.683333,False,9.486860,13.703243,0.409091,21,227.683333,False,13.774398,13.658159,0.502119,82,1032.350000,True
BOS,Elias Lindholm,8477496,F,69,772.800000,F4,13.532361,12.419676,0.521437,371,5661.983333,True,13.849586,12.454573,0.526517,315,4774.150000,True,12.435443,12.314037,0.502453,233,3459.466667,True,11.132443,12.319552,0.474691,153,2274.433333,True,11.974197,14.514178,0.452055,69,992.133333,True
BOS,Pavel Zacha,8478401,F,78,746.883333,F5,13.866796,13.571255,0.505386,358,5075.433333,True,14.010769,13.462403,0.509980,308,4376.633333,True,13.277578,13.367292,0.498316,238,3343.983333,True,12.284473,12.751959,0.490664,156,2310.233333,True,11.824270,13.727689,0.462754,78,1040.233333,True
BOS,Casey Mittelstadt,8479999,F,71,690.466667,F6,13.126202,13.789141,0.487685,320,4525.300000,True,13.241031,13.816728,0.489362,279,3960.416667,True,13.108498,13.651764,0.489849,239,3423.733333,True,11.940722,12.476523,0.489028,157,2351.616667,True,12.941920,14.762894,0.467136,71,922.583333,True
BUF,Rasmus Dahlin,8480839,D,77,1195.133333,D1,13.822068,14.326581,0.491038,364,7492.366667,True,13.970046,14.323719,0.493750,308,6446.650000,True,14.365762,13.990351,0.506620,228,4794.733333,True,13.872501,12.820104,0.519713,150,3135.700000,True,14.027414,13.033646,0.518362,77,1569.783333,True
BUF,Bowen Byram,8481524,D,82,1186.566667,D2,14.209611,15.322998,0.481150,242,4311.166667,True,14.130959,15.521624,0.476551,223,4012.466667,True,13.676123,15.505304,0.468658,193,3509.766667,True,13.221567,15.044475,0.467754,151,2731.900000,True,14.125145,14.398283,0.495212,82,1537.683333,True
BUF,Mattias Samuelsson,8480807,D,78,1144.666667,D3,13.570082,15.404316,0.468347,208,3696.366667,True,13.693882,15.459176,0.469724,196,3500.833333,True,13.756690,15.644438,0.467897,154,2765.200000,True,12.277177,14.182256,0.464000,99,1700.716667,True,12.547699,13.583747,0.480176,78,1563.633333,True
BUF,Owen Power,8482671,D,81,1123.933333,D4,14.395776,15.572033,0.480375,239,4488.816667,True,14.395776,15.572033,0.480375,239,4488.816667,True,14.273170,15.625947,0.477378,231,4346.616667,True,12.704461,13.869217,0.478084,152,2781.700000,True,14.881366,14.115117,0.513213,81,1487.766667,True
BUF,Tage Thompson,8479420,F,81,1024.266667,F1,14.439892,15.311779,0.485347,337,5023.583333,True,14.498569,15.248495,0.487395,299,4560.450000,True,14.498892,15.193556,0.488302,221,3368.533333,True,13.288765,13.288765,0.500000,143,2198.850000,True,13.171293,13.585775,0.492255,81,1302.833333,True
BUF,Alex Tuch,8477949,F,79,983.750000,F2,14.263834,14.287807,0.499580,332,5005.666667,True,13.974401,14.580146,0.489393,277,4259.216667,True,13.787571,14.543996,0.486650,227,3490.100000,True,12.224798,13.112490,0.482482,153,2365.683333,True,13.027805,12.977505,0.500967,79,1192.833333,True
BUF,Ryan McLeod,8480802,F,81,915.433333,F3,15.733425,13.861216,0.531631,294,3493.200000,True,15.689171,14.005023,0.528358,284,3384.500000,True,16.167699,13.877464,0.538113,213,2646.016667,True,14.665708,14.070750,0.510352,156,2016.950000,True,14.751271,14.485961,0.504537,81,1130.750000,True
BUF,Josh Doan,8482659,F,82,838.466667,F4,14.964319,10.120378,0.596552,58,693.650000,True,14.964319,10.120378,0.596552,58,693.650000,True,14.964319,10.120378,0.596552,58,693.650000,True,14.964319,10.120378,0.596552,58,693.650000,True,15.752090,12.677196,0.554080,82,1112.233333,True
BUF,Jack Quinn,8482097,F,82,812.566667,F5,14.391857,15.211825,0.486151,174,2122.033333,True,14.391857,15.211825,0.486151,174,2122.033333,True,14.504363,15.047919,0.490803,172,2097.300000,True,12.516297,13.689700,0.477612,97,1227.200000,True,14.686693,15.566795,0.485455,82,1090.783333,True
BUF,Peyton Krebs,8481522,F,82,742.700000,F6,13.213329,14.893136,0.470117,292,3464.683333,True,13.144571,14.897180,0.468750,288,3423.466667,True,13.356457,14.738928,0.475397,231,2690.833333,True,13.197609,14.311055,0.479762,157,1832.150000,True,13.671458,13.840939,0.496920,82,1062.066667,True
CAR,Sean Walker,8480336,D,81,1085.866667,D1,15.360739,14.725521,0.510557,282,4156.050000,True,15.786738,14.313771,0.524467,235,3462.400000,True,15.811550,14.264188,0.525724,229,3373.483333,True,15.436223,13.853645,0.527016,159,2464.333333,True,16.282027,12.818613,0.559508,81,1507.183333,True
CAR,K'Andre Miller,8480817,D,72,1003.150000,D2,13.819664,14.572974,0.486734,365,6690.466667,True,13.959802,14.460976,0.491183,312,5746.500000,True,13.982528,13.841433,0.502535,230,4252.450000,True,13.758430,13.780028,0.499608,151,2777.933333,True,16.672324,12.526066,0.571001,72,1374.733333,True
CAR,Jalen Chatfield,8478970,D,72,932.850000,D3,16.221809,12.742206,0.560068,259,3672.833333,True,16.298742,12.376585,0.568389,241,3441.983333,True,16.192768,12.344429,0.567427,225,3227.366667,True,14.933104,12.421992,0.545898,147,2246.016667,True,15.155302,14.350177,0.513644,72,1266.883333,True
CAR,Alexander Nikishin,8482100,D,81,926.433333,D4,,,,0,0.000000,False,,,,0,0.000000,False,,,,0,0.000000,False,,,,0,0.000000,False,17.148178,14.476365,0.542243,81,1235.116667,True
CAR,Sebastian Aho,8478427,F,79,937.450000,F1,15.658401,12.212261,0.561824,363,5571.450000,True,15.658921,12.122626,0.563645,307,4716.800000,True,15.558865,11.889002,0.566852,228,3547.816667,True,13.973666,11.706993,0.544132,153,2408.816667,True,14.890801,13.203177,0.530035,79,1208.800000,True
CAR,Nikolaj Ehlers,8477940,F,82,854.266667,F2,15.473688,14.839520,0.510460,303,4257.550000,True,15.677845,14.433038,0.520670,256,3566.816667,True,14.738317,13.317204,0.525327,194,2617.666667,True,13.863171,12.535846,0.525140,149,2034.166667,True,14.765280,12.197405,0.547619,82,1121.550000,True
CAR,Jackson Blake,8482809,F,81,852.100000,F3,15.743829,11.007338,0.588529,77,899.400000,True,15.743829,11.007338,0.588529,77,899.400000,True,15.743829,11.007338,0.588529,77,899.400000,True,15.743829,11.007338,0.588529,77,899.400000,True,18.495130,13.926393,0.570458,81,1090.016667,True
CAR,Andrei Svechnikov,8480830,F,79,816.283333,F4,16.684817,13.342712,0.555651,324,4667.716667,True,17.073517,13.320755,0.561735,269,3869.150000,True,16.314858,13.130407,0.554074,191,2750.866667,True,14.707607,13.256632,0.525943,127,1819.466667,True,16.246350,13.538625,0.545455,79,1130.100000,True
CAR,Logan Stankoven,8482702,F,81,788.200000,F5,16.531094,13.838887,0.544323,98,1270.333333,True,16.531094,13.838887,0.544323,98,1270.333333,True,16.531094,13.838887,0.544323,98,1270.333333,True,16.531094,13.838887,0.544323,98,1270.333333,True,19.072621,13.607034,0.583624,81,1053.866667,True
CAR,Seth Jarvis,8482093,F,71,785.000000,F6,16.272581,11.781119,0.580051,300,4181.266667,True,16.272581,11.781119,0.580051,300,4181.266667,True,15.492248,11.205644,0.580280,232,3373.300000,True,13.638972,10.328542,0.569061,150,2265.566667,True,14.446274,13.295177,0.520747,71,1042.483333,True
CBJ,Ivan Provorov,8478500,D,82,1260.833333,D1,12.545423,14.749126,0.459631,377,7269.583333,True,12.807679,14.989368,0.460757,321,6160.366667,True,12.704426,14.968842,0.459087,242,4557.466667,True,12.129678,14.583776,0.454066,160,2982.766667,True,14.175042,12.899288,0.523560,82,1693.116667,True
CBJ,Zach Werenski,8478460,D,75,1206.833333,D2,13.673748,14.005947,0.493999,263,5599.050000,True,13.977238,14.137189,0.497155,228,4876.500000,True,14.017916,13.843129,0.503137,160,3432.750000,True,14.036229,14.111794,0.498658,147,3176.066667,True,15.772258,12.168190,0.564496,75,1681.433333,True
CBJ,Denton Mateychuk,8483485,D,75,913.216667,D3,11.716994,13.762819,0.459854,41,645.216667,True,11.716994,13.762819,0.459854,41,645.216667,True,11.716994,13.762819,0.459854,41,645.216667,True,11.716994,13.762819,0.459854,41,645.216667,True,15.320759,14.469605,0.514286,75,1268.866667,True
CBJ,Damon Severson,8476923,D,71,876.383333,D4,15.205060,13.786046,0.524473,354,6384.716667,True,15.332198,14.018009,0.522388,298,5341.700000,True,15.667000,14.235416,0.523938,218,3730.133333,True,13.298752,14.560493,0.477355,137,2377.666667,True,16.566372,12.879899,0.562597,71,1318.333333,True
CBJ,Adam Fantilli,8484166,F,82,978.083333,F1,10.987984,14.353672,0.433594,127,1818.350000,True,10.987984,14.353672,0.433594,127,1818.350000,True,10.987984,14.353672,0.433594,127,1818.350000,True,10.987984,14.353672,0.433594,127,1818.350000,True,16.529558,14.187871,0.538117,82,1306.750000,True
CBJ,Kirill Marchenko,8480893,F,76,941.816667,F2,13.040455,14.554079,0.472574,212,3091.916667,True,13.040455,14.554079,0.472574,212,3091.916667,True,13.040455,14.554079,0.472574,212,3091.916667,True,12.661196,14.522365,0.465767,153,2288.883333,True,16.007782,14.156882,0.530680,76,1199.416667,True
CBJ,Charlie Coyle,8475745,F,82,941.550000,F3,13.446990,13.047691,0.507535,376,5108.950000,True,13.823007,13.017001,0.515015,325,4466.466667,True,13.529803,13.547676,0.499670,243,3357.033333,True,12.569588,13.163002,0.488470,161,2224.416667,True,13.541294,12.202045,0.526012,82,1209.633333,True
CBJ,Sean Monahan,8477497,F,78,819.600000,F4,13.884123,12.889016,0.518584,273,3798.583333,True,14.288735,13.117527,0.521368,223,3073.750000,True,13.569966,13.335552,0.504356,158,2303.616667,True,13.711384,13.345747,0.506757,133,1969.166667,True,14.495017,13.062049,0.526000,78,1088.650000,True
CBJ,Mason Marchment,8478975,F,39,799.833333,F5,16.879936,14.270933,0.541877,296,3817.550000,True,16.899517,14.535336,0.537604,263,3426.133333,True,16.032619,14.918636,0.517996,209,2746.900000,True,15.510894,14.463745,0.517467,141,1833.550000,True,14.588824,13.462045,0.520085,68,1011.733333,True
CBJ,Cole Sillinger,8482705,F,81,763.616667,F6,13.272356,16.548230,0.445074,282,3553.250000,True,13.272356,16.548230,0.445074,282,3553.250000,True,12.679689,16.210742,0.438889,203,2616.783333,True,11.633559,15.595943,0.427241,139,1892.800000,True,15.035339,13.438179,0.528046,81,1089.433333,True
CGY,Rasmus Andersson,8478397,D,48,1195.683333,D1,14.538026,14.086905,0.507880,373,7049.100000,True,14.795103,13.993496,0.513922,317,6062.816667,True,13.935075,14.212193,0.495077,235,4546.800000,True,12.937916,14.070729,0.479029,156,3019.033333,True,13.115316,13.076742,0.500736,81,1555.433333,True
CGY,MacKenzie Weegar,8477346,D,60,1090.700000,D2,15.258267,12.994354,0.540066,375,7129.250000,True,15.294763,13.241119,0.535984,321,6135.433333,True,14.191555,13.284576,0.516505,241,4498.450000,True,12.684616,13.037511,0.493140,160,3060.400000,True,13.496750,14.239690,0.486607,78,1453.683333,True
CGY,Kevin Bahl,8480860,D,76,1056.600000,D3,13.384895,13.125162,0.504899,218,3465.100000,True,13.495330,13.030590,0.508760,211,3356.716667,True,13.417514,12.800617,0.511765,194,3112.350000,True,12.449245,12.565811,0.497670,152,2573.650000,True,12.680419,16.149980,0.439828,76,1452.633333,True
CGY,Zach Whitecloud,8480727,D,30,988.800000,D4,14.715015,13.376138,0.523831,301,4750.250000,True,14.878041,13.511690,0.524064,250,3952.133333,True,14.320902,13.209971,0.520176,191,2970.483333,True,14.538902,11.990249,0.548035,132,2071.683333,True,13.291827,14.725259,0.474419,78,1381.300000,True
CGY,Mikael Backlund,8474150,F,81,934.716667,F1,15.800960,12.918055,0.550192,373,5452.833333,True,15.970812,13.057736,0.550176,319,4696.066667,True,15.364786,12.985284,0.541966,237,3530.150000,True,13.454174,12.841460,0.511650,155,2350.200000,True,12.058632,14.051795,0.461832,81,1204.116667,True
CGY,Nazem Kadri,8475172,F,61,904.316667,F2,14.218640,13.356251,0.515637,370,5565.933333,True,14.097797,13.485393,0.511101,314,4800.750000,True,13.962856,13.717894,0.504425,243,3674.033333,True,12.860800,13.551473,0.486925,161,2519.283333,True,15.388385,14.604264,0.513072,77,1224.300000,True
CGY,Joel Farabee,8480797,F,81,878.550000,F3,13.065443,14.177655,0.479587,360,4909.133333,True,13.385396,14.456799,0.480759,305,4200.100000,True,13.739142,14.592166,0.484946,242,3305.883333,True,13.778051,13.581623,0.503590,160,2138.183333,True,14.094529,14.255303,0.497164,81,1119.583333,True
CGY,Matt Coronato,8482679,F,79,845.716667,F4,12.156623,13.156345,0.480253,109,1500.416667,True,12.156623,13.156345,0.480253,109,1500.416667,True,12.156623,13.156345,0.480253,109,1500.416667,True,12.113327,13.203526,0.478469,108,1485.966667,True,12.544675,15.922087,0.440678,79,1119.200000,True
CGY,Morgan Frost,8480028,F,81,813.816667,F5,13.960851,13.596792,0.506605,287,3790.600000,True,13.952440,13.618345,0.506059,285,3771.383333,True,13.879038,12.978050,0.516774,230,3129.900000,True,13.486963,11.748643,0.534442,149,2001.933333,True,12.366609,14.255952,0.464516,81,1047.983333,True
CGY,Blake Coleman,8476399,F,68,797.783333,F6,16.569651,13.579374,0.549592,375,5116.583333,True,16.799973,13.600626,0.552620,320,4407.150000,True,16.320005,13.442107,0.548348,239,3356.616667,True,14.391006,13.147665,0.522574,157,2268.083333,True,13.561040,13.074545,0.509132,68,986.650000,True
CHI,Alex Vlasic,8481568,D,81,1070.250000,D1,10.401443,14.473966,0.418142,175,3270.700000,True,10.401443,14.473966,0.418142,175,3270.700000,True,10.302583,14.486174,0.415615,160,3069.133333,True,10.405443,14.595962,0.416194,154,2963.833333,True,11.283867,17.006979,0.398852,81,1478.216667,True
CHI,Wyatt Kaiser,8482176,D,77,984.216667,D2,12.403412,15.494230,0.444604,95,1494.750000,True,12.403412,15.494230,0.444604,95,1494.750000,True,12.403412,15.494230,0.444604,95,1494.750000,True,12.515000,15.409929,0.448166,86,1347.183333,True,12.384640,17.183116,0.418856,77,1312.916667,True
CHI,Connor Murphy,8476473,D,60,908.600000,D3,11.692101,15.226661,0.434348,298,5347.200000,True,11.414657,15.005632,0.432041,248,4394.350000,True,11.388000,15.563601,0.422535,191,3319.283333,True,11.124620,14.528875,0.433649,111,1974.000000,True,11.019391,12.864266,0.461378,79,1203.333333,True
CHI,Louis Crevier,8481806,D,78,878.566667,D4,9.980696,17.078079,0.368852,54,811.566667,True,9.980696,17.078079,0.368852,54,811.566667,True,9.980696,17.078079,0.368852,54,811.566667,True,9.980696,17.078079,0.368852,54,811.566667,True,11.994313,17.939770,0.400691,78,1160.550000,True
CHI,Tyler Bertuzzi,8477479,F,79,948.800000,F1,14.209842,14.354251,0.497472,285,4154.866667,True,14.396658,14.545846,0.497423,276,4021.766667,True,14.332838,14.043703,0.505095,208,2905.216667,True,13.989777,14.097390,0.498084,158,2230.200000,True,13.114578,15.862854,0.452579,79,1244.416667,True
CHI,Connor Bedard,8484144,F,69,894.633333,F2,10.400763,15.768130,0.397448,146,2515.200000,True,10.400763,15.768130,0.397448,146,2515.200000,True,10.400763,15.768130,0.397448,146,2515.200000,True,10.400763,15.768130,0.397448,146,2515.200000,True,12.456228,18.709355,0.399679,69,1199.400000,True
CHI,Ilya Mikheyev,8481624,F,77,852.416667,F3,14.212741,13.141813,0.519575,307,3921.833333,True,13.835994,13.152507,0.512663,253,3248.050000,True,12.878358,13.040788,0.496867,200,2585.733333,True,12.313766,12.191241,0.502500,154,1958.783333,True,12.202487,16.944938,0.418647,77,1126.000000,True
CHI,Ryan Greene,8483450,F,81,852.383333,F4,4.687500,14.062500,0.250000,1,12.800000,False,4.687500,14.062500,0.250000,1,12.800000,False,4.687500,14.062500,0.250000,1,12.800000,False,4.687500,14.062500,0.250000,1,12.800000,False,12.843382,18.515876,0.409556,81,1121.200000,True
CHI,Teuvo Teravainen,8476882,F,75,836.650000,F5,13.371378,12.767951,0.511542,320,4375.016667,True,13.169891,12.568593,0.511681,299,4091.150000,True,12.222622,12.003650,0.504519,222,3014.083333,True,10.938450,11.790796,0.481250,154,2111.816667,True,10.473934,14.480357,0.419725,75,1048.316667,True
CHI,Frank Nazar,8483493,F,66,807.400000,F6,10.894534,15.869990,0.407051,52,699.433333,True,10.894534,15.869990,0.407051,52,699.433333,True,10.894534,15.869990,0.407051,52,699.433333,True,10.894534,15.869990,0.407051,52,699.433333,True,11.029224,15.931101,0.409091,66,979.216667,True
COL,Cale Makar,8480069,D,74,1060.516667,D1,15.089815,11.661103,0.564086,336,6894.716667,True,14.797872,11.734871,0.557721,292,6033.300000,True,14.460518,11.251622,0.562400,215,4394.033333,True,14.158369,11.207910,0.558157,155,3131.716667,True,15.724091,13.722843,0.533981,74,1469.083333,True
COL,Devon Toews,8478038,D,67,1035.983333,D2,15.900771,12.482063,0.560225,355,7143.050000,True,15.730522,12.947581,0.548520,302,6079.900000,True,15.519282,12.615014,0.551614,236,4689.650000,True,15.021650,12.286889,0.550072,156,3071.566667,True,19.284655,14.636558,0.568513,67,1213.400000,True
COL,Brett Kulak,8476967,D,26,969.950000,D3,15.482757,13.421912,0.535649,362,5677.283333,True,15.650333,13.424938,0.538270,316,4960.916667,True,16.223346,13.041987,0.554354,242,3790.833333,True,15.791329,12.101986,0.566133,160,2553.300000,True,13.186975,15.480362,0.460000,82,1360.433333,True
COL,Brent Burns,8470613,D,81,930.350000,D4,15.027336,13.170581,0.532924,380,7270.750000,True,15.194542,12.991432,0.539082,324,6073.233333,True,15.909584,12.353980,0.562901,242,4303.066667,True,14.814190,12.406613,0.544223,160,2766.266667,True,17.799578,14.258548,0.555228,81,1270.816667,True
COL,Nathan MacKinnon,8477492,F,80,1126.816667,F1,16.829747,13.044975,0.563344,344,6246.083333,True,16.755385,13.541267,0.553044,296,5432.283333,True,16.873291,13.282632,0.559535,231,4277.766667,True,17.015191,12.469761,0.577080,160,2983.216667,True,18.427834,13.644084,0.574578,80,1442.383333,True
COL,Martin Necas,8480039,F,78,1011.916667,F2,15.178286,14.015985,0.519906,366,5265.416667,True,15.186127,13.966997,0.520909,313,4527.816667,True,15.119303,13.581747,0.526786,235,3512.066667,True,14.286441,13.396809,0.516068,153,2293.083333,True,16.663051,13.885875,0.545455,78,1382.700000,True
COL,Brock Nelson,8475754,F,80,973.183333,F3,14.637335,14.078494,0.509731,368,5582.983333,True,14.471118,14.332216,0.502411,312,4751.533333,True,14.434814,13.745096,0.512238,240,3653.666667,True,13.454206,12.985161,0.508870,158,2430.466667,True,18.319371,13.008702,0.584759,80,1231.483333,True
COL,Valeri Nichushkin,8477501,F,71,812.550000,F4,16.015923,12.660929,0.558497,264,3952.316667,True,15.398827,12.958872,0.543021,209,3319.733333,True,14.972144,12.938576,0.536430,147,2360.383333,True,15.330274,12.953488,0.542017,94,1514.650000,True,18.462461,12.767871,0.591171,71,1000.950000,True
COL,Artturi Lehkonen,8477476,F,69,719.816667,F5,15.606064,12.866925,0.548101,296,4271.416667,True,15.850320,12.876376,0.551763,249,3732.416667,True,15.741890,12.784967,0.551827,175,2820.500000,True,15.974579,12.285534,0.565269,111,1772.816667,True,19.158257,13.667781,0.583630,69,1027.233333,True
COL,Jack Drury,8480835,F,81,693.883333,F6,14.011026,11.189583,0.555980,182,1871.383333,True,14.011026,11.189583,0.555980,182,1871.383333,True,13.953867,11.156588,0.555699,180,1844.650000,True,12.886338,10.993658,0.539629,142,1489.950000,True,14.853049,11.002258,0.574468,81,981.616667,True
DAL,Miro Heiskanen,8480036,D,77,1157.033333,D1,15.546571,11.977619,0.564833,325,6657.416667,True,15.794784,12.119064,0.565840,270,5549.933333,True,15.687422,11.970440,0.567196,200,4100.100000,True,15.439842,11.156375,0.580528,121,2479.300000,True,11.955295,10.001064,0.544503,77,1565.833333,True
DAL,Esa Lindell,8476902,D,82,1156.416667,D2,14.217225,13.116710,0.520131,374,6705.950000,True,14.386218,13.050431,0.524343,318,5659.583333,True,14.378858,12.943814,0.526261,242,4222.866667,True,14.214934,12.121424,0.539746,160,2866.000000,True,12.618122,11.045651,0.533225,82,1564.416667,True
DAL,Thomas Harley,8481581,D,70,1032.650000,D3,16.126422,12.704602,0.559343,195,3419.233333,True,16.126422,12.704602,0.559343,195,3419.233333,True,15.650596,12.625352,0.553495,161,2974.966667,True,15.666557,12.712173,0.552053,155,2883.850000,True,14.491842,14.401268,0.501567,70,1324.883333,True
DAL,Nils Lundkvist,8480878,D,52,611.033333,D4,16.674567,14.846215,0.529002,183,2461.233333,True,16.674567,14.846215,0.529002,183,2461.233333,True,17.270744,14.112825,0.550312,158,2146.983333,True,15.994421,13.855632,0.535826,98,1290.450000,True,14.661181,13.754303,0.515957,52,793.933333,True
DAL,Jason Robertson,8480027,F,82,1019.450000,F1,16.362906,11.540831,0.586406,367,5599.250000,True,16.607917,11.408702,0.592788,316,4869.966667,True,15.639025,11.385598,0.578695,242,3709.950000,True,14.313676,10.827326,0.569336,160,2443.816667,True,15.355115,11.195516,0.578333,82,1355.900000,True
DAL,Wyatt Johnston,8482740,F,82,994.133333,F2,15.024049,12.431246,0.547219,242,3378.583333,True,15.024049,12.431246,0.547219,242,3378.583333,True,15.024049,12.431246,0.547219,242,3378.583333,True,14.543146,11.608547,0.556107,160,2310.366667,True,13.491457,12.648241,0.516129,82,1351.966667,True
DAL,Mavrik Bourque,8482145,F,82,788.883333,F3,13.125161,11.735438,0.527950,70,777.133333,True,13.125161,11.735438,0.527950,70,777.133333,True,13.125161,11.735438,0.527950,70,777.133333,True,13.125161,11.735438,0.527950,70,777.133333,True,15.485536,11.005792,0.584551,82,1084.883333,True
DAL,Mikko Rantanen,8478420,F,64,757.950000,F4,15.834810,12.774146,0.553491,367,6547.600000,True,15.692965,13.328995,0.540727,315,5685.350000,True,15.467446,13.448161,0.534917,240,4367.883333,True,15.096222,12.799425,0.541168,158,2873.566667,True,13.066012,12.153102,0.518100,64,1051.583333,True
DAL,Matt Duchene,8475168,F,57,695.816667,F5,15.304546,14.256949,0.517719,341,4982.833333,True,15.143722,14.403068,0.512534,307,4536.533333,True,14.975784,14.884691,0.501525,229,3293.316667,True,14.980367,14.163256,0.514019,158,2202.883333,True,11.259210,13.223904,0.459877,57,794.016667,True
DAL,Justin Hryckowian,8484829,F,81,691.916667,F6,10.852713,9.302326,0.538462,5,38.700000,False,10.852713,9.302326,0.538462,5,38.700000,False,10.852713,9.302326,0.538462,5,38.700000,False,10.852713,9.302326,0.538462,5,38.700000,False,12.792517,11.201738,0.533149,81,905.216667,True
DET,Moritz Seider,8481542,D,82,1337.700000,D1,11.105057,14.305812,0.437020,324,6148.550000,True,11.105057,14.305812,0.437020,324,6148.550000,True,10.692888,13.777878,0.436966,242,4589.966667,True,10.453052,13.885687,0.429482,160,3093.833333,True,12.689205,12.032270,0.513287,82,1735.333333,True
DET,Simon Edvinsson,8482762,D,72,1084.850000,D2,12.952658,12.885546,0.501299,99,1788.050000,True,12.952658,12.885546,0.501299,99,1788.050000,True,12.952658,12.885546,0.501299,99,1788.050000,True,12.674646,12.638224,0.500719,90,1647.383333,True,13.740780,13.445732,0.505426,72,1423.500000,True
DET,Ben Chiarot,8475279,D,82,1075.366667,D3,12.624728,15.419588,0.450171,345,6268.650000,True,12.477579,15.820958,0.440927,304,5491.450000,True,11.558344,15.435511,0.428184,230,4100.933333,True,11.313504,15.278617,0.425446,154,2784.283333,True,13.039577,17.505732,0.426893,82,1504.650000,True
DET,Albert Johansson,8481607,D,82,812.216667,D4,11.935521,12.895850,0.480663,57,874.700000,True,11.935521,12.895850,0.480663,57,874.700000,True,11.935521,12.895850,0.480663,57,874.700000,True,11.935521,12.895850,0.480663,57,874.700000,True,12.754835,15.211709,0.456075,82,1147.800000,True
DET,Lucas Raymond,8482078,F,80,988.766667,F1,12.660411,13.973156,0.475355,316,4753.400000,True,12.660411,13.973156,0.475355,316,4753.400000,True,12.031096,13.287563,0.475187,234,3485.966667,True,11.627891,12.439139,0.483146,160,2440.683333,True,11.718906,13.727861,0.460526,80,1254.383333,True
DET,Alex DeBrincat,8479337,F,82,974.216667,F2,12.989290,13.685145,0.486957,376,5949.516667,True,13.145490,13.335488,0.496413,324,5052.683333,True,13.305416,13.583978,0.494820,242,3661.666667,True,12.420632,13.412299,0.480806,160,2420.166667,True,13.121225,12.742273,0.507326,82,1266.650000,True
DET,Dylan Larkin,8477946,F,74,891.333333,F3,12.540852,13.414778,0.483165,341,5492.450000,True,12.555449,13.491102,0.482039,297,4745.350000,True,12.017935,12.839244,0.483479,226,3579.650000,True,11.296913,12.130913,0.482201,146,2374.100000,True,10.900719,13.964976,0.438384,74,1194.416667,True
DET,J.T. Compher,8477456,F,82,842.566667,F4,12.076039,12.655689,0.488281,349,4968.516667,True,11.842685,13.102833,0.474742,301,4428.050000,True,11.709742,13.115597,0.471685,231,3499.650000,True,10.249130,13.221100,0.436686,149,2160.183333,True,12.411500,15.348150,0.447106,82,1082.866667,True
DET,Emmitt Finnie,8484471,F,82,841.783333,F5,,,,0,0.000000,False,,,,0,0.000000,False,,,,0,0.000000,False,,,,0,0.000000,False,13.172646,15.022422,0.467197,82,1070.400000,True
DET,Andrew Copp,8477429,F,79,827.683333,F6,12.789966,14.917455,0.461608,344,4794.383333,True,12.692591,14.868036,0.460533,289,3999.183333,True,11.352300,14.757990,0.434783,217,2906.900000,True,11.655780,14.109628,0.452381,135,1760.500000,True,12.483014,13.663840,0.477419,79,1067.050000,True
EDM,Evan Bouchard,8480803,D,81,1245.666667,D1,17.329497,13.179752,0.568008,336,5913.616667,True,17.410383,13.073501,0.571134,322,5727.616667,True,17.709027,12.162116,0.592847,241,4380.816667,True,16.924433,11.712477,0.591001,159,3119.750000,True,15.961050,12.604755,0.558747,81,1608.916667,True
EDM,Darnell Nurse,8477498,D,81,1063.683333,D2,16.221530,13.988437,0.536960,362,7120.166667,True,16.521494,13.942232,0.542333,306,5908.666667,True,16.338860,13.498495,0.547597,235,4436.050000,True,15.578606,12.664170,0.551596,153,2861.616667,True,14.574899,15.137016,0.490541,81,1494.350000,True
EDM,Mattias Ekholm,8475218,D,81,1027.000000,D3,15.755174,12.954677,0.548772,345,6298.883333,True,16.343052,12.921640,0.558456,297,5418.816667,True,17.521115,12.914270,0.575682,221,3972.350000,True,17.720560,12.177206,0.592705,143,2641.000000,True,17.402036,13.000103,0.572395,81,1458.450000,True
EDM,Ty Emberson,8480834,D,71,631.233333,D4,12.105300,13.058799,0.481054,102,1447.300000,True,12.105300,13.058799,0.481054,102,1447.300000,True,12.105300,13.058799,0.481054,102,1447.300000,True,12.105300,13.058799,0.481054,102,1447.300000,True,13.044810,14.085945,0.480813,71,979.700000,True
EDM,Connor McDavid,8478402,F,81,1152.716667,F1,18.252414,12.515941,0.593220,358,6442.983333,True,18.527913,12.488611,0.597356,302,5414.533333,True,18.383146,11.887868,0.607285,222,3972.116667,True,18.197598,11.352630,0.615819,140,2515.716667,True,17.516395,13.548150,0.563871,81,1496.883333,True
EDM,Ryan Nugent-Hopkins,8476454,F,71,891.866667,F2,14.521103,12.357004,0.540258,354,5545.033333,True,14.407146,12.518521,0.535071,302,4701.833333,True,14.772393,11.689459,0.558252,239,3736.700000,True,14.406619,10.707622,0.573643,157,2465.533333,True,13.981128,13.026593,0.517672,71,1068.583333,True
EDM,Matt Savoie,8483512,F,81,773.500000,F3,19.459459,14.880763,0.566667,5,52.416667,False,19.459459,14.880763,0.566667,5,52.416667,False,19.459459,14.880763,0.566667,5,52.416667,False,19.459459,14.880763,0.566667,5,52.416667,False,15.270037,14.855734,0.506876,81,1013.750000,True
EDM,Vasily Podkolzin,8481617,F,81,772.583333,F4,15.481728,13.683223,0.530833,215,2468.716667,True,15.481728,13.683223,0.530833,215,2468.716667,True,15.404381,12.117094,0.559722,136,1569.683333,True,15.220992,10.670386,0.587879,97,1147.100000,True,14.112366,14.758734,0.488806,81,1113.916667,True
EDM,Zach Hyman,8475786,F,57,743.833333,F5,17.881175,12.571071,0.587187,349,5751.300000,True,18.103070,12.602798,0.589564,306,5017.933333,True,18.484119,12.211873,0.602167,230,3788.116667,True,18.257887,11.041905,0.623140,151,2477.833333,True,18.237018,14.043139,0.564961,57,944.233333,True
EDM,Leon Draisaitl,8477934,F,65,743.400000,F6,15.981872,13.882402,0.535150,368,6487.350000,True,16.498675,13.604556,0.548070,312,5473.166667,True,17.090867,12.777245,0.572211,232,4033.733333,True,17.109943,11.897643,0.589844,152,2647.583333,True,15.154175,13.976111,0.520221,65,1120.483333,True
FLA,Gustav Forsling,8478055,D,80,1129.450000,D1,16.034379,13.918026,0.535329,351,6492.300000,True,16.138435,14.046032,0.534660,308,5792.383333,True,15.452933,13.786309,0.528500,237,4500.116667,True,14.739039,12.677206,0.537602,155,2939.133333,True,15.011509,13.650465,0.523743,80,1498.850000,True
FLA,Aaron Ekblad,8477932,D,72,975.233333,D2,15.049286,12.384670,0.548564,274,5178.983333,True,15.415073,12.879260,0.544811,239,4495.600000,True,14.949289,13.374705,0.527796,178,3238.950000,True,14.090444,12.727851,0.525404,107,1937.483333,True,14.440916,14.209491,0.504039,72,1296.316667,True
FLA,Seth Jones,8477495,D,52,868.150000,D3,11.723932,14.345594,0.449718,332,6934.533333,True,11.773556,14.523507,0.447714,276,5738.283333,True,11.649056,14.668090,0.442641,198,4074.150000,True,10.803403,14.389311,0.428830,126,2626.950000,True,13.534535,13.348280,0.503464,52,966.416667,True
FLA,Niko Mikkola,8478859,D,68,787.133333,D4,13.675258,13.791941,0.497876,320,5142.133333,True,13.846833,14.035997,0.496608,290,4757.766667,True,13.636134,13.787815,0.497235,236,3955.666667,True,13.546211,11.966932,0.530950,155,2697.433333,True,13.817310,14.587792,0.486438,68,1168.100000,True
FLA,Sam Bennett,8477935,F,76,866.633333,F1,18.443886,13.958268,0.569218,326,4427.483333,True,18.860643,14.530950,0.564832,278,3852.466667,True,18.647627,14.405712,0.564168,207,2857.200000,True,17.377074,13.538645,0.562079,144,2016.450000,True,14.916291,15.686874,0.487410,76,1090.083333,True
FLA,Carter Verhaeghe,8477409,F,77,844.550000,F2,17.821441,13.176368,0.574926,356,5218.433333,True,17.595895,13.546357,0.565017,313,4593.116667,True,16.673822,12.913197,0.563552,235,3494.100000,True,15.145698,11.352779,0.571569,154,2309.566667,True,15.360599,15.788769,0.493127,77,1121.050000,True
FLA,Eetu Luostarinen,8480185,F,73,832.266667,F3,14.999607,12.818336,0.539206,363,4456.116667,True,15.367698,12.778821,0.545989,319,3986.283333,True,14.384005,12.209904,0.540876,241,3090.933333,True,12.255868,11.083058,0.525126,159,2046.366667,True,14.377045,13.531337,0.515152,73,993.250000,True
FLA,Sam Reinhart,8477933,F,64,742.866667,F4,14.017616,11.009456,0.560098,372,5864.050000,True,14.286099,10.711545,0.571498,318,4951.666667,True,13.245045,10.435011,0.559333,240,3800.666667,True,11.854664,9.332897,0.559511,158,2545.833333,True,12.712552,12.197178,0.510345,64,1047.783333,True
FLA,Mackie Samoskevich,8482713,F,77,698.783333,F5,15.207400,11.898383,0.561039,76,852.216667,True,15.207400,11.898383,0.561039,76,852.216667,True,15.207400,11.898383,0.561039,76,852.216667,True,15.207400,11.898383,0.561039,76,852.216667,True,16.087869,13.503473,0.543668,77,928.650000,True
FLA,Anton Lundell,8482113,F,64,696.016667,F6,14.522337,12.760611,0.532286,292,3780.383333,True,14.522337,12.760611,0.532286,292,3780.383333,True,13.939901,12.730410,0.522675,227,2926.850000,True,12.748240,11.779253,0.519753,154,1981.450000,True,13.045514,12.358908,0.513514,64,961.250000,True
LAK,Drew Doughty,8474563,D,71,1140.300000,D1,12.973741,12.369159,0.511928,287,6053.766667,True,13.009630,12.229052,0.515464,231,4842.566667,True,12.571784,12.272812,0.506017,192,4013.750000,True,11.688822,11.793655,0.497768,111,2289.366667,True,13.739951,12.144343,0.530822,71,1353.716667,True
LAK,Brandt Clarke,8482730,D,81,997.550000,D2,15.132870,11.009711,0.578859,100,1367.883333,True,15.132870,11.009711,0.578859,100,1367.883333,True,15.132870,11.009711,0.578859,100,1367.883333,True,14.471022,10.758063,0.573585,91,1260.450000,True,14.761864,12.690796,0.537721,81,1361.616667,True
LAK,Mikey Anderson,8479998,D,79,983.850000,D3,13.166488,12.670719,0.509594,336,6293.250000,True,13.282791,12.328339,0.518634,282,5280.516667,True,12.684831,11.826035,0.517519,225,4261.783333,True,12.031957,11.045379,0.521375,148,2797.550000,True,13.139293,13.513514,0.492980,79,1443.000000,True
LAK,Joel Edmundson,8476441,D,81,929.183333,D4,13.228135,14.691959,0.473785,266,4467.750000,True,12.868909,15.236788,0.457875,211,3496.800000,True,12.816018,14.194711,0.474479,187,3089.883333,True,12.939183,12.996184,0.498901,126,2105.233333,True,12.783542,12.965514,0.496466,81,1318.883333,True
LAK,Quinton Byfield,8482124,F,78,955.983333,F1,13.092583,11.694677,0.528198,257,3519.550000,True,13.129765,11.628223,0.530324,251,3436.466667,True,12.963500,11.177507,0.536991,211,2989.933333,True,12.406959,10.090307,0.551487,158,2330.950000,True,13.774595,12.244085,0.529412,78,1254.483333,True
LAK,Adrian Kempe,8477960,F,80,940.716667,F2,12.501777,12.534447,0.499348,371,5509.616667,True,12.628704,12.225393,0.508114,315,4760.583333,True,11.648816,11.532328,0.502513,237,3605.516667,True,10.377464,10.402591,0.499395,155,2387.866667,True,12.008038,13.792364,0.465421,80,1244.166667,True
LAK,Alex Laferriere,8482155,F,81,932.783333,F3,14.232131,12.511443,0.532170,155,2057.316667,True,14.232131,12.511443,0.532170,155,2057.316667,True,14.232131,12.511443,0.532170,155,2057.316667,True,14.232131,12.511443,0.532170,155,2057.316667,True,13.909204,12.617635,0.524345,81,1207.833333,True
LAK,Anze Kopitar,8471685,F,66,895.400000,F4,12.495456,12.062543,0.508814,378,6098.216667,True,12.687101,11.870836,0.516619,322,5145.383333,True,11.774905,11.459647,0.506784,241,3806.400000,True,10.577676,10.336727,0.505760,159,2490.150000,True,10.995581,12.048349,0.477157,66,1025.866667,True
LAK,Trevor Moore,8479675,F,68,775.416667,F5,14.445157,12.726106,0.531634,346,4677.000000,True,14.804260,12.269387,0.546814,290,4000.200000,True,14.157475,11.516913,0.551424,209,2953.916667,True,13.577601,11.529740,0.540782,150,2138.816667,True,15.023408,12.119724,0.553488,68,950.516667,True
LAK,Scott Laughton,8476872,F,20,617.650000,F6,13.418080,14.188798,0.486041,356,4748.816667,True,13.628981,14.145789,0.490696,303,4063.400000,True,13.063754,13.617626,0.489621,236,3141.516667,True,12.229968,12.653779,0.491484,158,1982.016667,True,12.327698,13.029909,0.486154,63,769.000000,True
MIN,Quinn Hughes,8480800,D,48,1269.100000,D1,13.887432,13.440252,0.508182,356,7245.400000,True,13.919180,13.111848,0.514933,300,6168.466667,True,13.859343,12.677337,0.522271,224,4619.266667,True,13.980929,11.898663,0.540230,146,3025.550000,True,15.314685,13.986014,0.522673,74,1716.000000,True
MIN,Brock Faber,8482122,D,80,1184.183333,D2,11.839992,11.950131,0.497685,159,3268.583333,True,11.839992,11.950131,0.497685,159,3268.583333,True,11.839992,11.950131,0.497685,159,3268.583333,True,11.845220,11.956617,0.497660,157,3231.683333,True,15.600427,14.538426,0.517618,80,1638.416667,True
MIN,Jared Spurgeon,8474716,D,79,899.333333,D3,13.269421,10.835675,0.550482,278,4906.016667,True,13.353932,11.306533,0.541512,224,3926.933333,True,13.022103,11.477471,0.531524,159,2796.783333,True,11.880201,10.640899,0.527514,80,1404.016667,True,14.784685,13.792741,0.517355,79,1270.233333,True
MIN,Jake Middleton,8478136,D,75,778.483333,D4,13.064863,13.630339,0.489409,293,5093.050000,True,13.073918,13.628497,0.489616,292,5084.933333,True,12.755568,13.056053,0.494179,226,3993.550000,True,12.061988,12.375287,0.493590,147,2681.150000,True,14.913825,14.134357,0.513417,75,1154.633333,True
MIN,Kirill Kaprizov,8478864,F,78,1006.900000,F1,14.043818,11.691929,0.545693,316,5331.883333,True,14.327759,11.745819,0.549513,261,4485.000000,True,14.308531,11.669276,0.550798,180,3182.716667,True,13.829857,11.505264,0.545877,113,2039.066667,True,14.829019,13.763716,0.518629,78,1408.050000,True
MIN,Matt Boldy,8481557,F,76,942.666667,F2,13.898432,11.686369,0.543230,282,4312.716667,True,13.898432,11.686369,0.543230,282,4312.716667,True,13.712983,11.514345,0.543577,235,3684.100000,True,13.832598,10.984000,0.557393,154,2485.433333,True,13.228008,13.178465,0.500938,76,1211.066667,True
MIN,Ryan Hartman,8477451,F,76,805.983333,F3,13.569453,13.154608,0.507762,332,4483.600000,True,13.748868,13.422992,0.505997,281,3866.500000,True,13.051346,13.322778,0.494854,199,2652.600000,True,12.093884,12.546596,0.490814,140,1855.483333,True,17.152638,14.765701,0.537391,76,1080.883333,True
MIN,Joel Eriksson Ek,8478493,F,70,784.816667,F4,13.002017,10.416114,0.555212,331,4965.383333,True,12.804425,10.358636,0.552795,275,4170.433333,True,12.733534,10.710449,0.543147,198,3025.083333,True,13.230656,9.963428,0.570432,120,1854.783333,True,13.092580,13.092580,0.500000,70,1044.866667,True
MIN,Vladimir Tarasenko,8475765,F,75,727.066667,F5,13.691376,15.655079,0.466543,320,4399.850000,True,14.002472,15.708282,0.471293,296,4045.000000,True,13.165075,15.149964,0.464950,221,2962.383333,True,12.603514,14.209251,0.470056,152,1980.400000,True,14.363806,13.984146,0.506696,75,948.216667,True
MIN,Yakov Trenin,8478508,F,82,676.616667,F6,13.233241,13.333492,0.498113,351,4189.450000,True,13.218976,13.622485,0.492483,306,3717.383333,True,12.798375,13.459220,0.487416,226,2723.783333,True,12.194687,12.262248,0.498619,149,1776.183333,True,15.059516,15.511948,0.492600,82,928.316667,True
MTL,Lane Hutson,8483457,D,82,1270.250000,D1,14.400772,13.667221,0.513067,80,1554.083333,True,14.400772,13.667221,0.513067,80,1554.083333,True,14.400772,13.667221,0.513067,80,1554.083333,True,14.400772,13.667221,0.513067,80,1554.083333,True,14.661871,12.437060,0.541050,82,1645.083333,True
MTL,Mike Matheson,8476875,D,78,1176.916667,D2,13.635844,14.448901,0.485525,324,6125.033333,True,13.479844,14.506455,0.481659,280,5376.916667,True,11.850715,14.235399,0.454292,206,4126.333333,True,11.812837,13.933090,0.458824,158,3169.433333,True,12.708058,15.344095,0.453015,78,1525.016667,True
MTL,Noah Dobson,8480865,D,80,1150.216667,D3,14.140844,13.339716,0.514576,350,6440.916667,True,14.221231,13.336955,0.516044,304,5767.433333,True,14.140900,12.605683,0.528699,224,4259.983333,True,13.462322,11.914460,0.530498,146,2946.000000,True,13.756602,15.850890,0.464632,80,1461.116667,True
MTL,Alexandre Carrier,8478851,D,73,839.816667,D4,13.529071,13.516647,0.500230,287,4829.600000,True,13.713499,13.646864,0.501218,268,4502.133333,True,13.734577,13.791646,0.498963,191,3154.083333,True,13.308688,13.475642,0.496883,148,2515.650000,True,13.470581,13.826407,0.493482,73,1180.350000,True
MTL,Nick Suzuki,8480018,F,82,1111.316667,F1,12.164178,14.512326,0.455988,380,6234.700000,True,11.986929,15.070240,0.443022,324,5370.850000,True,11.880600,14.791347,0.445434,242,4040.200000,True,12.621402,14.366192,0.467674,160,2647.883333,True,12.444786,12.747263,0.493997,82,1388.533333,True
MTL,Juraj Slafkovský,8483515,F,82,1011.600000,F2,13.306035,15.197579,0.466819,196,2759.650000,True,13.306035,15.197579,0.466819,196,2759.650000,True,13.306035,15.197579,0.466819,196,2759.650000,True,13.493559,15.075035,0.472321,157,2352.233333,True,13.244488,14.587460,0.475874,82,1295.633333,True
MTL,Cole Caufield,8481540,F,81,955.966667,F3,12.527216,15.704921,0.443722,283,4248.350000,True,12.555923,15.683992,0.444616,273,4123.950000,True,12.271512,15.330008,0.444596,206,3197.650000,True,12.891008,15.339579,0.456633,160,2499.416667,True,13.384709,13.190022,0.503663,81,1232.750000,True
MTL,Ivan Demidov,8484984,F,82,827.616667,F4,22.832981,7.610994,0.750000,1,7.883333,False,22.832981,7.610994,0.750000,1,7.883333,False,22.832981,7.610994,0.750000,1,7.883333,False,22.832981,7.610994,0.750000,1,7.883333,False,12.934336,12.650688,0.505543,82,1057.650000,True
MTL,Oliver Kapanen,8482775,F,82,763.916667,F5,12.477535,16.636714,0.428571,14,129.833333,False,12.477535,16.636714,0.428571,14,129.833333,False,12.477535,16.636714,0.428571,14,129.833333,False,12.477535,16.636714,0.428571,14,129.833333,False,13.554359,16.189928,0.455696,82,956.150000,True
MTL,Jake Evans,8478133,F,68,706.216667,F6,13.296714,15.372009,0.463806,333,4047.616667,True,13.091092,15.605386,0.456192,286,3579.533333,True,12.644004,14.687021,0.462625,214,2643.150000,True,12.736374,14.428620,0.468852,160,2020.983333,True,13.368625,13.155296,0.504021,68,843.766667,True
NJD,Dougie Hamilton,8476462,D,77,1041.016667,D1,15.139197,13.304143,0.532258,283,5100.666667,True,14.901173,13.446325,0.525661,228,4082.900000,True,14.847716,12.910170,0.534901,166,2941.866667,True,14.105958,12.384695,0.532488,84,1429.183333,True,14.826635,13.855089,0.516937,77,1420.416667,True
NJD,Luke Hughes,8482684,D,68,971.500000,D2,13.675255,13.917101,0.495618,151,2729.016667,True,13.675255,13.917101,0.495618,151,2729.016667,True,13.675255,13.917101,0.495618,151,2729.016667,True,13.619952,13.931011,0.494355,149,2700.450000,True,13.457693,15.156671,0.470313,68,1341.983333,True
NJD,Jonas Siegenthaler,8478399,D,82,947.450000,D3,14.087742,12.874562,0.522498,277,4846.766667,True,14.180862,12.926948,0.523128,262,4641.466667,True,13.731116,12.831305,0.516938,192,3334.033333,True,13.304676,12.486895,0.515854,112,1907.600000,True,14.103616,14.478048,0.493450,82,1442.183333,True
NJD,Brenden Dillon,8475455,D,82,884.866667,D4,14.880569,14.336631,0.509309,372,6177.183333,True,15.146315,14.641055,0.508481,316,5225.033333,True,14.434927,13.251232,0.521377,237,3903.033333,True,13.670886,12.811982,0.516216,155,2514.833333,True,13.589036,12.813822,0.514680,82,1315.766667,True
NJD,Nico Hischier,8480002,F,82,1006.950000,F1,14.741340,12.730607,0.536596,314,4953.416667,True,14.977454,12.673230,0.541667,293,4634.966667,True,14.994799,12.259146,0.550188,223,3509.216667,True,14.404123,12.316186,0.539070,142,2270.183333,True,14.403086,12.302636,0.539326,82,1399.700000,True
NJD,Jesper Bratt,8479407,F,82,919.816667,F2,16.125081,13.173865,0.550364,363,5346.950000,True,16.415360,13.155122,0.555127,317,4729.716667,True,16.006683,12.848789,0.554719,241,3591.000000,True,14.544299,12.381301,0.540166,159,2413.316667,True,15.717647,13.317647,0.541329,82,1275.000000,True
NJD,Dawson Mercer,8482110,F,82,900.466667,F3,14.051583,13.158803,0.516405,324,4637.200000,True,14.051583,13.158803,0.516405,324,4637.200000,True,13.484378,12.688124,0.515212,242,3466.233333,True,12.805967,12.470327,0.506639,160,2323.916667,True,13.572057,13.477478,0.501748,82,1268.783333,True
NJD,Connor Brown,8477015,F,75,846.316667,F4,13.550011,13.499388,0.500936,273,3555.716667,True,14.032105,13.201545,0.515249,217,2745.133333,True,14.213218,12.479898,0.532468,153,1730.783333,True,14.321429,12.392857,0.536096,149,1680.000000,True,12.546716,13.614522,0.479592,75,1123.800000,True
NJD,Timo Meier,8478414,F,77,814.566667,F5,15.748926,13.834692,0.532353,354,5516.566667,True,15.736344,13.711123,0.534387,300,4769.850000,True,15.574009,13.273108,0.539881,223,3494.283333,True,14.205551,12.828207,0.525475,145,2221.666667,True,15.251189,13.284841,0.534454,77,1251.050000,True
NJD,Jack Hughes,8481559,F,61,778.400000,F6,15.005906,12.159352,0.552393,307,5121.983333,True,15.206273,12.397652,0.550874,251,4229.833333,True,15.262124,12.213244,0.555484,202,3384.850000,True,13.791360,11.971469,0.535320,124,2110.016667,True,15.458326,13.288736,0.537736,61,1106.200000,True
NSH,Brady Skjei,8476869,D,81,1188.000000,D1,14.853470,13.353030,0.526597,373,6758.016667,True,15.141423,13.374063,0.530989,321,5805.266667,True,14.552524,13.066722,0.526898,239,4320.900000,True,13.343012,13.024310,0.506044,158,2823.950000,True,13.168706,14.078256,0.483309,81,1517.233333,True
NSH,Roman Josi,8474600,D,68,1138.533333,D2,14.979865,13.199471,0.531590,330,6841.183333,True,15.147423,13.321938,0.532061,282,5850.500000,True,15.073949,13.527532,0.527034,202,4151.533333,True,14.475237,12.459972,0.537409,135,2768.866667,True,13.939897,14.459396,0.490854,68,1385.950000,True
NSH,Nick Perbix,8480246,D,78,925.683333,D3,15.037547,13.922955,0.519243,217,3176.050000,True,15.037547,13.922955,0.519243,217,3176.050000,True,15.037547,13.922955,0.519243,217,3176.050000,True,13.615444,13.150660,0.508682,148,2194.566667,True,12.601558,14.647567,0.462457,78,1290.316667,True
NSH,Nicolas Hague,8479980,D,62,803.833333,D4,14.885202,14.191792,0.511924,326,5191.733333,True,14.741054,14.309477,0.507428,274,4448.800000,True,14.600676,14.000648,0.510490,222,3599.833333,True,14.146851,13.266010,0.516066,141,2247.850000,True,14.497396,14.609345,0.498077,63,1071.916667,True
NSH,Ryan O'Reilly,8475158,F,80,1035.300000,F1,12.966092,13.221418,0.495125,344,5404.866667,True,13.651540,13.273829,0.507014,288,4447.850000,True,13.979714,12.786778,0.522284,210,3218.950000,True,13.156007,11.655977,0.530228,157,2439.950000,True,13.954393,13.487691,0.508503,80,1285.616667,True
NSH,Filip Forsberg,8476887,F,81,984.616667,F2,14.282025,13.327410,0.517288,318,4839.650000,True,14.554002,13.411682,0.520424,279,4254.500000,True,14.179039,13.805414,0.506676,210,3211.783333,True,13.752429,13.366396,0.507117,160,2486.833333,True,13.507642,14.787314,0.477387,81,1265.950000,True
NSH,Steven Stamkos,8474564,F,81,931.200000,F3,14.023726,13.275645,0.513701,357,5373.750000,True,14.039317,13.266282,0.514155,319,4812.200000,True,13.542414,13.142638,0.507491,238,3602.016667,True,12.362181,12.362181,0.500000,157,2349.100000,True,15.064431,13.318553,0.530756,81,1202.833333,True
NSH,Erik Haula,8475287,F,81,878.250000,F4,14.217844,12.906235,0.524178,350,4574.533333,True,14.660537,12.968937,0.530612,299,3937.100000,True,14.635139,13.067816,0.528288,221,2947.700000,True,13.008043,13.298545,0.494479,141,1858.850000,True,13.385864,14.809892,0.474747,81,1053.350000,True
NSH,Luke Evangelista,8482146,F,80,847.766667,F5,14.679440,13.264554,0.525316,168,2035.500000,True,14.679440,13.264554,0.525316,168,2035.500000,True,14.679440,13.264554,0.525316,168,2035.500000,True,14.688414,12.504525,0.540155,144,1703.383333,True,16.156046,12.460219,0.564576,80,1136.416667,True
NSH,Jonathan Marchessault,8476539,F,62,721.200000,F6,13.870166,13.239201,0.511637,363,5420.266667,True,13.453546,12.946601,0.509601,308,4615.883333,True,12.908533,12.751749,0.503055,232,3444.233333,True,11.965628,12.740939,0.484310,156,2321.650000,True,13.030602,16.584403,0.440000,62,861.050000,True
NYI,Matthew Schaefer,8485366,D,82,1315.183333,D1,,,,0,0.000000,False,,,,0,0.000000,False,,,,0,0.000000,False,,,,0,0.000000,False,14.216574,14.430357,0.496269,82,1683.950000,True
NYI,Adam Pelech,8476917,D,82,1090.916667,D2,14.456490,13.537955,0.516406,309,5748.283333,True,14.200079,14.034666,0.502929,253,4715.466667,True,14.262987,13.172940,0.519865,175,3247.566667,True,12.945097,11.682161,0.525641,114,2090.366667,True,13.892672,14.219559,0.494186,82,1468.400000,True
NYI,Ryan Pulock,8477506,D,76,997.716667,D3,14.362706,14.933950,0.490251,322,5881.900000,True,14.115939,15.547449,0.475871,266,4820.083333,True,13.922270,15.259437,0.477089,210,3814.033333,True,12.506593,14.025612,0.471374,128,2369.950000,True,12.651842,15.429075,0.450549,76,1361.066667,True
NYI,Tony DeAngelo,8477950,D,76,885.983333,D4,15.644337,15.731834,0.498606,202,3428.716667,True,15.721935,15.919356,0.496880,196,3343.100000,True,14.756803,16.103130,0.478186,132,2272.850000,True,15.170850,15.841048,0.489194,62,984.783333,True,13.739740,16.468866,0.454829,76,1275.133333,True
NYI,Mathew Barzal,8478445,F,81,1074.533333,F1,15.149159,13.142484,0.535464,296,4843.833333,True,14.976820,13.673169,0.522751,241,3958.116667,True,15.032434,12.930896,0.537577,168,2797.950000,True,14.777521,12.504057,0.541667,110,1900.183333,True,13.095608,14.258705,0.478740,81,1392.833333,True
NYI,Bo Horvat,8477500,F,68,929.550000,F2,13.480379,14.067363,0.489346,363,5928.616667,True,13.591181,13.639037,0.499121,307,5015.016667,True,13.777150,13.455683,0.505902,237,3919.533333,True,13.574904,12.975672,0.511285,158,2603.333333,True,13.143065,14.124705,0.482000,68,1100.200000,True
NYI,Simon Holmstrom,8481601,F,79,873.550000,F3,12.364966,13.486787,0.478303,196,2406.800000,True,12.364966,13.486787,0.478303,196,2406.800000,True,12.364966,13.486787,0.478303,196,2406.800000,True,10.994848,13.353163,0.451571,146,1882.700000,True,12.779049,15.391654,0.453629,79,1056.416667,True
NYI,Emil Heineman,8482476,F,82,869.683333,F4,11.196521,13.017093,0.462406,66,659.133333,True,11.196521,13.017093,0.462406,66,659.133333,True,11.196521,13.017093,0.462406,66,659.133333,True,11.196521,13.017093,0.462406,66,659.133333,True,12.433980,15.076201,0.451977,82,1158.116667,True
NYI,Anders Lee,8475314,F,82,816.050000,F5,16.241393,14.254605,0.532575,344,5013.116667,True,16.251345,14.511064,0.528286,317,4585.466667,True,16.768756,13.710413,0.550171,241,3452.850000,True,15.402742,13.626523,0.530594,159,2263.233333,True,15.804004,15.369529,0.506969,82,1104.783333,True
NYI,Jean-Gabriel Pageau,8476419,F,74,757.166667,F6,13.597196,14.638478,0.481561,358,4955.433333,True,13.608595,14.747389,0.479920,304,4214.983333,True,13.782168,14.349094,0.489924,227,3069.183333,True,13.046498,13.621233,0.489224,157,2087.916667,True,13.458649,16.225848,0.453390,74,954.033333,True
NYR,Vladislav Gavrikov,8478882,D,82,1234.583333,D1,13.454857,13.803058,0.493613,363,6720.250000,True,13.776847,13.870214,0.498311,308,5783.616667,True,13.673878,12.267100,0.527115,228,4265.066667,True,13.450581,11.123773,0.547342,156,2939.650000,True,14.059202,11.709884,0.545584,82,1634.516667,True
NYR,Braden Schneider,8482073,D,82,1086.666667,D2,13.021255,15.732808,0.452849,283,4137.850000,True,13.021255,15.732808,0.452849,283,4137.850000,True,13.029568,15.832539,0.451442,240,3531.966667,True,12.815510,15.106691,0.458972,159,2383.050000,True,11.651574,14.301572,0.448947,82,1426.416667,True
NYR,Will Borgen,8478840,D,75,888.400000,D3,13.696441,13.905867,0.496206,290,4297.466667,True,13.737809,13.969182,0.495825,280,4149.133333,True,13.805242,13.952979,0.497339,244,3655.133333,True,13.784779,13.664071,0.502199,162,2485.350000,True,12.618314,14.150903,0.471374,75,1174.483333,True
NYR,Matthew Robertson,8481525,D,72,834.816667,D4,6.366048,19.098143,0.250000,1,18.850000,False,6.366048,19.098143,0.250000,1,18.850000,False,6.366048,19.098143,0.250000,1,18.850000,False,6.366048,19.098143,0.250000,1,18.850000,False,13.479091,13.803889,0.494048,72,1108.383333,True
NYR,Mika Zibanejad,8476459,F,81,1066.000000,F1,12.052088,13.216093,0.476967,378,5824.716667,True,12.422670,13.527717,0.478708,322,4940.966667,True,12.447113,13.364269,0.482234,241,3663.500000,True,12.487474,12.664065,0.496489,159,2378.383333,True,12.149144,11.831816,0.506616,81,1323.550000,True
NYR,Artemi Panarin,8478550,F,52,1008.933333,F2,14.368153,13.764363,0.510731,357,5862.966667,True,14.585239,13.868690,0.512591,315,5191.550000,True,14.822869,13.366374,0.525834,240,3954.700000,True,14.739906,12.985698,0.531635,158,2633.666667,True,13.374415,11.959375,0.527928,77,1314.450000,True
NYR,Alexis Lafrenière,8482109,F,82,939.633333,F3,14.911201,15.122209,0.496487,376,5118.300000,True,15.051774,15.065310,0.499775,320,4432.700000,True,15.174889,14.620556,0.509302,241,3463.616667,True,15.442493,13.793295,0.528205,160,2401.166667,True,13.984190,11.734985,0.543726,82,1227.100000,True
NYR,Vincent Trocheck,8476389,F,67,928.816667,F4,14.545143,13.486380,0.518885,370,5837.000000,True,14.500690,13.499840,0.517872,323,5155.616667,True,14.056797,13.454793,0.510941,242,3986.683333,True,13.382406,13.072731,0.505853,160,2712.516667,True,11.482465,12.855966,0.471783,67,1092.100000,True
NYR,Will Cuylle,8482157,F,82,866.900000,F5,12.489075,14.190672,0.468111,163,1868.833333,True,12.489075,14.190672,0.468111,163,1868.833333,True,12.489075,14.190672,0.468111,163,1868.833333,True,12.600847,14.359104,0.467391,159,1842.733333,True,12.661752,12.450723,0.504202,82,1137.283333,True
NYR,J.T. Miller,8476468,F,68,843.766667,F6,13.626743,13.468660,0.502917,363,5693.216667,True,13.674764,13.226411,0.508333,310,4817.633333,True,13.191355,13.105250,0.501637,230,3484.100000,True,12.577934,12.198428,0.507659,149,2213.400000,True,13.634035,11.287193,0.547085,68,1073.783333,True
OTT,Artem Zub,8482245,D,81,1045.533333,D1,13.929105,13.505999,0.507711,303,5388.716667,True,14.213439,13.475583,0.513324,256,4635.050000,True,14.046047,12.407024,0.530980,175,3148.216667,True,13.043774,11.060033,0.541150,122,2207.950000,True,13.174860,11.910400,0.525203,81,1470.983333,True
OTT,Jordan Spence,8481606,D,73,912.450000,D2,13.768763,12.416042,0.525830,177,2483.883333,True,13.768763,12.416042,0.525830,177,2483.883333,True,13.460895,11.853624,0.531746,153,2090.500000,True,13.170369,11.832521,0.526754,147,2018.166667,True,18.128242,11.404856,0.613828,73,1204.750000,True
OTT,Jake Sanderson,8482105,D,67,872.116667,D3,13.248279,12.241183,0.519755,233,4229.983333,True,13.248279,12.241183,0.519755,233,4229.983333,True,13.248279,12.241183,0.519755,233,4229.983333,True,12.472818,11.195115,0.526992,156,2958.433333,True,13.462709,10.868566,0.553309,67,1341.483333,True
OTT,Thomas Chabot,8478469,D,57,733.833333,D4,14.335002,13.969411,0.506458,304,6236.483333,True,14.491973,13.721248,0.513659,255,5138.016667,True,14.705111,13.132372,0.528249,196,3815.000000,True,13.770370,12.237582,0.529468,128,2426.950000,True,15.147914,12.141458,0.555085,57,1037.766667,True
OTT,Tim Stützle,8482116,F,80,972.100000,F1,13.856484,13.283902,0.510549,364,5763.366667,True,13.966700,13.218484,0.513761,311,5052.016667,True,13.992287,12.961605,0.519119,232,3842.116667,True,12.344075,12.181957,0.503305,154,2590.716667,True,13.419483,11.583133,0.536723,80,1274.266667,True
OTT,Dylan Cozens,8481528,F,82,857.516667,F2,14.037366,15.218424,0.479815,359,4876.983333,True,13.923518,15.092984,0.479848,318,4360.966667,True,14.047696,15.304883,0.478585,239,3293.066667,True,12.984212,14.001532,0.481151,158,2241.183333,True,16.325473,11.298264,0.590994,82,1157.700000,True
OTT,Ridly Greig,8482092,F,77,844.000000,F3,13.469226,12.435281,0.519957,168,2147.116667,True,13.469226,12.435281,0.519957,168,2147.116667,True,13.469226,12.435281,0.519957,168,2147.116667,True,12.561365,12.374347,0.503750,148,1924.950000,True,14.198516,12.170157,0.538462,77,1064.900000,True
OTT,Michael Amadio,8478020,F,81,811.500000,F4,14.690812,13.153604,0.527604,290,3434.800000,True,14.802663,12.815093,0.535984,265,3169.700000,True,14.101607,12.793701,0.524315,209,2523.116667,True,13.369391,12.203855,0.522788,142,1750.266667,True,13.784465,11.324783,0.548980,81,1170.883333,True
OTT,Drake Batherson,8480208,F,79,807.883333,F5,13.875823,13.516766,0.506554,345,5180.233333,True,13.614528,13.437362,0.503275,289,4402.650000,True,13.580101,13.221012,0.506699,243,3675.966667,True,12.196361,12.489074,0.494071,161,2459.750000,True,15.564717,12.100145,0.562617,79,1160.316667,True
OTT,Claude Giroux,8473512,F,82,788.166667,F6,14.231992,12.726583,0.527921,371,5619.733333,True,14.382264,12.742835,0.530220,317,4830.950000,True,14.201605,12.638277,0.529123,242,3646.066667,True,12.619558,11.756893,0.517695,160,2434.316667,True,13.934628,10.838044,0.562500,82,1085.066667,True
PHI,Travis Sanheim,8477948,D,81,1234.900000,D1,14.006581,13.789683,0.503902,376,7192.333333,True,14.125941,14.009519,0.502069,321,6184.366667,True,14.271042,13.323963,0.517160,241,4624.750000,True,14.301434,11.902363,0.545777,160,3226.250000,True,14.069662,11.263214,0.555391,81,1603.450000,True
PHI,Jamie Drysdale,8482142,D,78,1121.083333,D2,13.130129,15.280754,0.462151,214,3710.550000,True,13.353345,15.008869,0.470815,190,3298.050000,True,12.695600,14.481915,0.467136,109,1880.966667,True,12.646530,14.112300,0.472611,101,1760.166667,True,13.823461,13.359869,0.508527,78,1423.666667,True
PHI,Cam York,8481546,D,74,968.383333,D3,14.133588,12.556760,0.529539,232,4147.566667,True,14.158702,12.518811,0.530735,229,4097.833333,True,14.319942,12.438368,0.535159,199,3603.366667,True,13.896331,11.569087,0.545694,145,2681.283333,True,12.345409,11.250958,0.523191,74,1370.550000,True
PHI,Nick Seeler,8476372,D,80,880.716667,D4,13.440322,13.782854,0.493709,265,3678.483333,True,13.440322,13.782854,0.493709,265,3678.483333,True,13.667254,13.176441,0.509142,222,3178.400000,True,13.322198,12.936048,0.507353,145,2175.316667,True,14.048351,12.433035,0.530499,80,1225.766667,True
PHI,Trevor Zegras,8481533,F,81,959.333333,F1,13.996761,16.106068,0.464965,265,3982.350000,True,14.111642,16.532192,0.460505,241,3643.800000,True,13.215190,17.652232,0.428127,166,2501.666667,True,12.708804,15.825139,0.445392,85,1232.216667,True,15.246830,12.721878,0.545139,81,1235.666667,True
PHI,Travis Konecny,8478439,F,77,945.933333,F2,13.222597,13.647329,0.492097,344,5368.083333,True,13.451991,13.795934,0.493689,294,4710.083333,True,13.118185,13.101215,0.500324,215,3535.550000,True,12.882788,12.014549,0.517436,155,2556.900000,True,13.189997,14.007981,0.484962,77,1173.616667,True
PHI,Christian Dvorak,8477989,F,80,935.383333,F3,12.789786,15.246313,0.456190,284,3785.833333,True,13.354983,15.932616,0.455994,228,2956.200000,True,13.607936,15.587272,0.466102,172,2182.550000,True,13.782166,14.406601,0.488924,108,1345.216667,True,12.542150,13.499181,0.481625,80,1191.183333,True
PHI,Owen Tippett,8480015,F,81,856.233333,F4,14.719823,13.251881,0.526240,337,4455.216667,True,14.584740,13.489384,0.519508,292,3998.700000,True,14.112171,12.991282,0.520678,229,3265.266667,True,13.551028,11.687762,0.536913,152,2125.300000,True,14.537977,11.641110,0.555328,81,1118.450000,True
PHI,Noah Cates,8480220,F,82,834.766667,F5,14.028548,12.557022,0.527675,232,3058.050000,True,14.028548,12.557022,0.527675,232,3058.050000,True,13.830244,12.597639,0.523320,216,2871.966667,True,15.304845,11.657429,0.567639,134,1677.900000,True,12.828432,11.688127,0.523256,82,1052.350000,True
PHI,Sean Couturier,8476461,F,78,792.533333,F6,13.159325,11.558866,0.532374,224,3374.033333,True,13.539546,11.796832,0.534392,179,2685.466667,True,13.379962,11.608684,0.535442,150,2201.800000,True,13.379962,11.608684,0.535442,150,2201.800000,True,13.606850,10.953232,0.554023,78,1062.700000,True
PIT,Erik Karlsson,8474578,D,75,1118.300000,D1,16.163574,15.295673,0.513794,345,6982.366667,True,16.250640,15.082688,0.518638,293,5959.150000,True,16.361942,14.931324,0.522858,243,4990.850000,True,15.812728,14.733742,0.517661,161,3225.250000,True,14.497986,12.748229,0.532110,75,1440.200000,True
PIT,Parker Wotherspoon,8478450,D,80,1003.650000,D2,13.815604,12.761552,0.519830,104,1593.850000,True,13.815604,12.761552,0.519830,104,1593.850000,True,13.815604,12.761552,0.519830,104,1593.850000,True,13.248313,12.415086,0.516234,92,1440.183333,True,15.262766,13.543608,0.529840,80,1430.933333,True
PIT,Kris Letang,8471724,D,74,992.016667,D3,15.015581,14.365988,0.511054,350,7204.516667,True,15.557459,14.476667,0.517993,295,6051.116667,True,15.313104,14.875977,0.507240,217,4392.316667,True,13.570599,14.270515,0.487430,153,3086.083333,True,16.137382,16.455584,0.495119,74,1319.916667,True
PIT,Ryan Shea,8478854,D,80,956.383333,D4,13.535369,14.623640,0.480676,67,882.133333,True,13.535369,14.623640,0.480676,67,882.133333,True,13.535369,14.623640,0.480676,67,882.133333,True,13.535369,14.623640,0.480676,67,882.133333,True,17.053683,15.241439,0.528058,80,1291.216667,True
PIT,Bryan Rust,8475810,F,72,909.800000,F1,16.470938,14.201092,0.537002,327,5154.533333,True,16.943870,14.339323,0.541629,271,4192.666667,True,16.633893,14.488176,0.534473,211,3271.633333,True,15.598833,14.232512,0.522901,130,2107.850000,True,13.850252,14.223143,0.493359,72,1126.333333,True
PIT,Sidney Crosby,8471675,F,68,811.550000,F2,17.072101,14.244625,0.545143,365,6153.900000,True,17.626948,14.671740,0.545748,310,5177.300000,True,17.040396,14.802165,0.535145,241,4021.033333,True,16.090591,14.337705,0.528804,159,2669.883333,True,14.687142,14.577126,0.501880,68,1090.750000,True
PIT,Rickard Rakell,8476483,F,60,804.116667,F3,15.607095,14.275319,0.522284,352,5451.366667,True,15.997755,14.223105,0.529361,300,4631.900000,True,15.656502,13.986250,0.528173,230,3556.350000,True,14.038719,12.910374,0.520935,148,2286.533333,True,14.894951,13.734305,0.520270,60,930.516667,True
PIT,Anthony Mantha,8477511,F,81,800.516667,F4,13.643528,12.798841,0.515972,247,3267.483333,True,14.198984,12.935200,0.523288,191,2421.300000,True,14.250402,12.756910,0.527650,154,1928.366667,True,13.299804,11.958648,0.526549,87,1073.700000,True,15.546528,15.834426,0.495413,81,1042.033333,True
PIT,Tommy Novak,8478438,F,82,760.916667,F5,15.964693,14.227735,0.528765,203,2348.933333,True,15.964693,14.227735,0.528765,203,2348.933333,True,16.187802,14.517174,0.527205,176,2083.050000,True,16.475025,12.832306,0.562147,125,1449.466667,True,19.919817,14.134721,0.584939,82,1006.033333,True
PIT,Ben Kindel,8485414,F,77,756.350000,F6,,,,0,0.000000,False,,,,0,0.000000,False,,,,0,0.000000,False,,,,0,0.000000,False,17.444513,15.279866,0.533074,77,942.416667,True
SEA,Adam Larsson,8476457,D,81,1075.900000,D1,13.094940,13.458918,0.493146,380,7253.183333,True,13.248996,13.496819,0.495367,324,6294.816667,True,13.427216,13.478270,0.499051,242,4700.900000,True,12.454969,13.562077,0.478723,160,3034.933333,True,11.461707,15.676149,0.422351,81,1523.333333,True
SEA,Vince Dunn,8478407,D,80,1037.166667,D2,13.465517,13.727571,0.495182,315,5952.983333,True,13.713739,13.713739,0.500000,272,5228.333333,True,13.822330,13.456176,0.506711,199,3932.766667,True,12.843151,13.829090,0.481518,118,2312.516667,True,11.428957,15.198082,0.429224,80,1480.450000,True
SEA,Brandon Montour,8477986,D,63,946.816667,D3,15.574231,14.088774,0.525039,355,6503.050000,True,15.780670,13.816094,0.533189,305,5619.533333,True,14.506794,13.273922,0.522189,224,4380.016667,True,12.880862,12.500147,0.507500,144,2836.766667,True,12.615198,13.409856,0.484733,63,1208.066667,True
SEA,Ryan Lindgren,8479324,D,75,877.733333,D4,13.734638,13.846467,0.497973,339,5901.866667,True,13.774393,14.146350,0.493339,288,5000.583333,True,13.804673,14.202885,0.492891,210,3616.166667,True,13.138772,14.129488,0.481834,147,2543.616667,True,11.646042,15.053399,0.436190,75,1179.800000,True
SEA,Chandler Stephenson,8476905,F,79,973.583333,F1,12.861512,13.944131,0.479806,361,5542.116667,True,12.807593,14.087098,0.476213,310,4783.100000,True,12.233076,13.851658,0.468975,231,3521.600000,True,10.676962,14.830593,0.418580,150,2253.450000,True,9.092895,15.974005,0.362745,79,1220.733333,True
SEA,Matty Beniers,8482665,F,81,958.366667,F2,12.636179,12.652569,0.499676,246,3660.916667,True,12.636179,12.652569,0.499676,246,3660.916667,True,12.609994,12.575913,0.500677,236,3521.016667,True,12.030033,11.805406,0.504712,156,2403.983333,True,11.298146,12.325250,0.478261,81,1285.166667,True
SEA,Jordan Eberle,8474586,F,79,911.883333,F3,14.353484,12.310063,0.538319,333,4844.816667,True,13.967757,12.735744,0.523068,278,4042.166667,True,14.357500,12.915388,0.526439,199,2829.183333,True,14.199363,11.714474,0.547945,117,1690.216667,True,11.692938,12.675537,0.479839,79,1221.250000,True
SEA,Eeli Tolvanen,8480009,F,77,772.400000,F4,12.741721,13.141238,0.492282,335,4205.083333,True,12.971952,13.085315,0.497825,295,3704.916667,True,12.221596,13.469129,0.475720,220,2837.600000,True,11.553845,13.393263,0.463134,159,2087.616667,True,10.207940,14.187306,0.418440,77,1040.366667,True
SEA,Frederick Gaudreau,8477919,F,67,721.850000,F5,11.415449,12.236168,0.482650,323,4020.866667,True,11.360592,12.227212,0.481630,304,3807.900000,True,10.789488,12.111520,0.471136,228,2813.850000,True,10.054907,11.050103,0.476423,146,1748.400000,True,10.747442,15.465832,0.410000,67,915.566667,True
SEA,Kaapo Kakko,8481554,F,64,632.133333,F6,13.962112,14.574355,0.489273,310,4018.016667,True,13.957838,14.957332,0.482717,262,3421.733333,True,13.937527,15.120106,0.479651,219,2841.250000,True,12.678096,14.279899,0.470291,137,1760.516667,True,12.275704,15.344630,0.444444,64,801.583333,True
SJS,Mario Ferraro,8479983,D,82,1110.816667,D1,13.778585,15.084309,0.477381,346,6571.066667,True,13.811480,15.294007,0.474532,290,5504.116667,True,13.615295,15.780721,0.463168,227,4239.350000,True,12.639270,15.281840,0.452678,155,2928.966667,True,12.452933,13.922787,0.472136,82,1469.533333,True
SJS,Dmitry Orlov,8475200,D,81,1091.600000,D2,15.241371,13.256818,0.534819,347,6046.700000,True,15.147918,13.284992,0.532760,296,5153.183333,True,15.232858,13.230642,0.535172,220,3745.850000,True,14.679167,12.053625,0.549107,154,2513.766667,True,14.780655,14.484195,0.505065,81,1416.716667,True
SJS,Sam Dickinson,8484806,D,71,783.450000,D3,,,,0,0.000000,False,,,,0,0.000000,False,,,,0,0.000000,False,,,,0,0.000000,False,13.958854,15.977697,0.466281,71,1040.200000,True
SJS,John Klingberg,8475906,D,55,749.500000,D4,15.183841,16.011504,0.486734,219,3987.133333,True,16.012580,17.225654,0.481752,166,2967.666667,True,13.825589,19.096117,0.419954,92,1571.000000,True,13.167203,16.061093,0.450495,25,414.666667,False,13.572162,13.827038,0.495349,55,941.633333,True
SJS,Macklin Celebrini,8484801,F,82,1145.833333,F1,12.059102,13.766099,0.466951,66,1089.633333,True,12.059102,13.766099,0.466951,66,1089.633333,True,12.059102,13.766099,0.466951,66,1089.633333,True,12.059102,13.766099,0.466951,66,1089.633333,True,13.867225,15.236827,0.476471,82,1401.866667,True
SJS,Alexander Wennberg,8477505,F,81,1045.133333,F2,12.034379,12.001073,0.500693,370,5404.516667,True,11.836512,12.199914,0.492441,314,4622.983333,True,11.625027,12.184427,0.488253,234,3432.250000,True,10.552662,12.176148,0.464286,152,2217.450000,True,11.080986,11.175292,0.497881,81,1272.450000,True
SJS,William Eklund,8482667,F,77,900.200000,F3,11.373081,13.938267,0.449327,170,2643.083333,True,11.373081,13.938267,0.449327,170,2643.083333,True,11.320829,14.002703,0.447048,161,2528.083333,True,11.085278,13.900191,0.443669,153,2408.600000,True,13.215897,13.728141,0.490494,77,1171.316667,True
SJS,Collin Graf,8484911,F,80,848.166667,F4,10.070250,14.533202,0.409302,40,524.316667,False,10.070250,14.533202,0.409302,40,524.316667,False,10.070250,14.533202,0.409302,40,524.316667,False,10.070250,14.533202,0.409302,40,524.316667,False,13.500957,14.922110,0.475000,80,1097.700000,True
SJS,Will Smith,8484227,F,69,822.116667,F5,12.760527,14.674607,0.465116,70,940.400000,True,12.760527,14.674607,0.465116,70,940.400000,True,12.760527,14.674607,0.465116,70,940.400000,True,12.760527,14.674607,0.465116,70,940.400000,True,13.648449,15.598227,0.466667,69,1015.500000,True
SJS,Kiefer Sherwood,8480748,F,27,773.316667,F6,13.133059,13.744517,0.488625,201,2256.900000,True,12.755850,14.195116,0.473298,185,2126.083333,True,12.668811,14.109117,0.473106,174,2041.233333,True,12.166285,13.027614,0.482906,142,1671.833333,True,12.532218,13.194979,0.487119,71,995.833333,True
STL,Philip Broberg,8481598,D,80,1156.600000,D1,15.157655,13.248702,0.533601,148,2105.866667,True,15.157655,13.248702,0.533601,148,2105.866667,True,15.040014,12.728670,0.541618,125,1843.083333,True,13.669235,12.859873,0.515254,79,1334.383333,True,13.436529,12.370742,0.520649,80,1576.300000,True
STL,Cam Fowler,8475764,D,81,1017.233333,D2,12.664839,15.030324,0.457294,361,6949.950000,True,12.551686,15.159433,0.452948,305,5913.150000,True,12.238423,15.257234,0.445104,229,4412.333333,True,11.683657,12.796386,0.477273,147,2803.916667,True,14.371257,13.462730,0.516320,81,1452.900000,True
STL,Justin Faulk,8475753,D,61,1005.583333,D3,13.146715,15.276483,0.462535,350,6845.816667,True,13.560576,15.611045,0.464855,294,5676.750000,True,12.731214,14.971098,0.459572,218,4152.000000,True,12.323322,13.469133,0.477788,136,2565.866667,True,12.276605,13.649920,0.473515,78,1441.766667,True
STL,Colton Parayko,8476892,D,76,1003.566667,D4,12.948589,14.826223,0.466199,336,6774.483333,True,13.037910,14.961220,0.465654,304,6208.050000,True,12.477699,14.526668,0.462062,224,4568.150000,True,11.339400,13.295846,0.460292,145,3005.450000,True,13.360808,11.844397,0.530081,76,1463.983333,True
STL,Pavel Buchnevich,8477402,F,80,862.033333,F1,13.560138,13.915522,0.493533,344,5402.600000,True,13.829864,14.182801,0.493700,290,4590.066667,True,13.225469,14.030646,0.485229,217,3502.333333,True,12.782657,13.503484,0.486289,154,2497.133333,True,13.860265,12.280602,0.530214,80,1177.466667,True
STL,Robert Thomas,8480023,F,63,808.083333,F2,14.375044,14.235368,0.502441,328,5154.766667,True,14.441455,14.428908,0.500217,295,4782.066667,True,13.504963,13.976823,0.491415,223,3687.533333,True,13.237380,13.024636,0.504050,150,2538.266667,True,15.294806,11.440997,0.572072,63,996.416667,True
STL,Brayden Schenn,8475170,F,61,794.466667,F3,12.145057,15.244749,0.443415,362,5439.250000,True,12.229686,15.580646,0.439753,306,4547.950000,True,11.919326,15.043809,0.442060,244,3629.400000,True,11.106836,13.398723,0.453237,162,2382.316667,True,13.632128,13.312625,0.505929,80,1126.750000,True
STL,Pius Suter,8480459,F,63,690.066667,F4,13.278605,14.103758,0.484933,360,4726.400000,True,13.132045,13.753770,0.488438,305,3956.733333,True,12.876209,12.555905,0.506297,223,2809.833333,True,13.039320,11.764081,0.525707,144,1882.000000,True,13.801090,14.376136,0.489796,63,834.716667,True
STL,Dylan Holloway,8482077,F,58,688.566667,F5,14.373597,11.319979,0.559424,166,1945.233333,True,14.373597,11.319979,0.559424,166,1945.233333,True,14.373597,11.319979,0.559424,166,1945.233333,True,13.579559,10.784925,0.557351,115,1524.350000,True,14.756031,12.330382,0.544776,58,890.483333,True
STL,Jimmy Snuggerud,8483516,F,69,658.100000,F6,8.731506,14.843561,0.370370,5,68.716667,False,8.731506,14.843561,0.370370,5,68.716667,False,8.731506,14.843561,0.370370,5,68.716667,False,8.731506,14.843561,0.370370,5,68.716667,False,14.592404,14.412250,0.503106,69,999.150000,True
TBL,J.J. Moser,8482655,D,79,1076.250000,D1,13.342285,15.405816,0.464110,256,4245.150000,True,13.342285,15.405816,0.464110,256,4245.150000,True,13.106898,14.673661,0.471801,213,3561.483333,True,13.498374,14.013372,0.490640,131,2213.600000,True,16.746680,12.828122,0.566248,79,1454.616667,True
TBL,Darren Raddysh,8478178,D,73,1071.000000,D2,14.172716,13.327554,0.515366,173,2768.700000,True,14.172716,13.327554,0.515366,173,2768.700000,True,14.121442,13.307590,0.514836,169,2727.766667,True,14.124523,13.004302,0.520646,152,2463.800000,True,15.658449,11.809445,0.570064,73,1371.783333,True
TBL,Charle-Edouard D'Astous,8480426,D,70,851.366667,D3,,,,0,0.000000,False,,,,0,0.000000,False,,,,0,0.000000,False,,,,0,0.000000,False,15.502218,12.120862,0.561205,70,1153.383333,True
TBL,Ryan McDonagh,8474151,D,48,705.333333,D4,14.272522,13.852180,0.507473,345,6280.600000,True,14.435589,13.851425,0.510326,295,5340.966667,True,14.534436,13.470575,0.518994,224,4004.283333,True,14.504414,11.753198,0.552389,153,2726.066667,True,14.411655,12.285346,0.539823,48,761.883333,True
TBL,Jake Guentzel,8477404,F,81,1066.366667,F1,16.926933,14.238835,0.543126,355,5937.283333,True,17.523360,14.426716,0.548461,299,4940.833333,True,17.053071,14.481186,0.540779,223,3662.683333,True,15.774727,13.550086,0.537931,145,2373.416667,True,14.312716,12.154077,0.540780,81,1278.583333,True
TBL,Nikita Kucherov,8476453,F,76,1005.333333,F2,16.086893,13.448889,0.544658,285,4867.316667,True,16.086893,13.448889,0.544658,285,4867.316667,True,15.918919,13.156132,0.547511,238,4104.550000,True,14.537277,12.535137,0.536977,156,2757.050000,True,16.637974,13.062478,0.560193,76,1258.566667,True
TBL,Yanni Gourde,8476826,F,82,870.250000,F3,14.210220,13.377207,0.515098,345,4897.883333,True,14.013139,13.187132,0.515184,289,4140.400000,True,14.569595,13.418319,0.520567,215,3022.733333,True,13.763075,12.807306,0.517986,134,1883.300000,True,13.219494,10.825841,0.549774,82,1102.916667,True
TBL,Brandon Hagel,8479542,F,71,835.800000,F4,15.053229,12.644277,0.543487,371,5504.466667,True,15.453764,12.261958,0.557581,319,4868.716667,True,16.099660,11.800140,0.577053,242,3823.683333,True,15.078128,10.629966,0.586513,161,2630.300000,True,17.537953,12.281930,0.588129,71,1118.716667,True
TBL,Brayden Point,8478010,F,63,810.300000,F5,15.842410,13.486894,0.540156,359,5756.700000,True,16.120938,13.917620,0.536675,303,4901.700000,True,15.821096,13.765599,0.534737,237,3853.083333,True,14.289470,13.485095,0.514480,155,2536.133333,True,13.422580,13.550415,0.497630,63,938.716667,True
TBL,Anthony Cirelli,8478519,F,71,801.433333,F6,14.809530,12.541296,0.541466,340,4999.483333,True,15.075096,12.560251,0.545501,290,4294.500000,True,15.397518,12.227440,0.557377,214,3179.733333,True,14.299801,10.850729,0.568569,156,2383.250000,True,16.501517,13.286148,0.553971,71,989.000000,True
TOR,Jake McCabe,8476931,D,80,1167.333333,D1,14.300949,13.571308,0.513089,303,5345.100000,True,14.261712,13.711834,0.509829,290,5128.416667,True,15.142654,13.356516,0.531337,215,3795.900000,True,14.735569,11.625790,0.558984,139,2508.216667,True,12.709969,14.525679,0.466667,80,1520.066667,True
TOR,Oliver Ekman-Larsson,8475171,D,78,965.166667,D2,13.682562,14.188542,0.490923,334,5691.916667,True,14.208637,14.098208,0.501951,288,4889.983333,True,14.106556,14.141473,0.499382,209,3436.700000,True,13.646162,12.483272,0.522252,155,2528.183333,True,13.431385,15.072519,0.471212,78,1389.283333,True
TOR,Morgan Rielly,8476853,D,78,964.200000,D3,15.493092,13.649097,0.531638,352,6800.450000,True,14.933540,13.620236,0.522997,297,5665.100000,True,14.451091,13.545113,0.516180,215,4039.833333,True,13.449435,13.137624,0.505864,150,2886.366667,True,13.780028,14.989561,0.478979,78,1388.966667,True
TOR,Troy Stecher,8479442,D,58,781.950000,D4,13.804013,14.670633,0.484783,271,3877.133333,True,14.204288,15.103768,0.484655,227,3201.850000,True,13.858897,14.746732,0.484481,198,2770.783333,True,14.094427,12.895674,0.522207,117,1651.716667,True,14.407343,15.130491,0.487759,64,1078.616667,True
TOR,Matthew Knies,8482720,F,79,950.600000,F1,15.086271,12.445471,0.547959,157,2135.716667,True,15.086271,12.445471,0.547959,157,2135.716667,True,15.086271,12.445471,0.547959,157,2135.716667,True,14.984272,12.467830,0.545833,154,2098.200000,True,11.797614,14.759358,0.444238,79,1215.500000,True
TOR,John Tavares,8475166,F,82,928.633333,F2,16.084151,13.115600,0.550832,366,5558.266667,True,15.894323,13.112816,0.547945,310,4680.916667,True,15.172115,13.128383,0.536108,231,3464.250000,True,14.272668,12.602740,0.531068,151,2299.500000,True,13.403438,14.556421,0.479381,82,1248.933333,True
TOR,William Nylander,8477939,F,65,862.466667,F3,16.582360,13.785587,0.546048,374,5749.483333,True,16.604659,13.930724,0.543784,323,5026.300000,True,16.316903,14.225805,0.534232,242,3787.483333,True,14.283214,13.676411,0.510851,160,2570.850000,True,12.991225,15.337657,0.458586,65,1048.400000,True
TOR,Max Domi,8477503,F,80,743.750000,F4,14.183538,15.446365,0.478690,356,4513.683333,True,14.450220,15.934724,0.475572,302,3799.250000,True,14.076482,15.142273,0.481762,230,2983.700000,True,13.581021,13.082940,0.509340,150,1806.933333,True,13.093006,15.803893,0.453094,80,1040.250000,True
TOR,Bobby McMann,8482259,F,60,743.450000,F5,12.790065,13.558237,0.485423,136,1562.150000,True,12.790065,13.558237,0.485423,136,1562.150000,True,12.790065,13.558237,0.485423,136,1562.150000,True,12.274360,13.054336,0.484603,126,1461.583333,True,12.427635,15.122123,0.451098,77,1091.116667,True
TOR,Auston Matthews,8479318,F,60,681.616667,F6,18.568698,12.170649,0.604069,343,5851.783333,True,18.360589,12.289452,0.599040,291,4892.000000,True,17.822356,12.378015,0.590137,218,3625.783333,True,16.119812,11.435848,0.584991,144,2408.216667,True,13.299050,14.646530,0.475891,60,1024.133333,True
UTA,Mikhail Sergachev,8479410,D,77,1058.533333,D1,15.173188,13.428916,0.530492,320,6054.100000,True,15.233425,13.275859,0.534332,264,5057.300000,True,14.598460,13.259303,0.524036,186,3629.150000,True,12.678853,12.026473,0.513203,107,2115.333333,True,13.651757,13.020462,0.511834,77,1520.683333,True
UTA,Nate Schmidt,8477220,D,81,930.283333,D2,15.419412,14.884174,0.508831,341,5268.683333,True,15.699680,14.278707,0.523700,287,4349.133333,True,14.958724,13.188343,0.531449,210,3016.300000,True,13.784498,11.076828,0.554455,139,1950.016667,True,14.946041,13.127679,0.532385,81,1352.866667,True
UTA,John Marino,8478507,D,79,915.200000,D3,14.647777,13.158733,0.526775,307,5439.733333,True,14.571791,13.195346,0.524786,255,4533.416667,True,14.585205,13.092232,0.526971,174,3134.683333,True,13.742644,12.567286,0.522337,110,1990.883333,True,14.830205,13.583608,0.521936,79,1395.800000,True
UTA,Ian Cole,8474013,D,81,875.133333,D4,14.678302,12.503739,0.540000,363,5739.083333,True,14.924845,12.449388,0.545215,309,4993.016667,True,14.399074,12.392772,0.537442,234,3887.750000,True,13.697476,11.537136,0.542805,156,2610.700000,True,13.707758,11.899096,0.535316,81,1260.600000,True
UTA,Nick Schmaltz,8477951,F,81,952.800000,F1,13.352191,14.191072,0.484772,335,5149.716667,True,13.152650,14.214665,0.480597,283,4406.716667,True,13.017185,13.226017,0.496021,220,3447.750000,True,12.520718,12.594082,0.498539,157,2453.533333,True,13.433534,11.186811,0.545627,81,1281.866667,True
UTA,Clayton Keller,8479343,F,81,923.050000,F2,12.308655,14.008919,0.467697,360,5752.050000,True,12.086783,14.032755,0.462749,304,4964.100000,True,12.196490,13.656962,0.471755,237,3861.766667,True,11.762096,12.633362,0.482143,155,2479.150000,True,14.417190,11.737071,0.551237,81,1298.450000,True
UTA,Dylan Guenther,8482699,F,79,848.050000,F3,12.170864,13.523183,0.473684,144,1863.466667,True,12.170864,13.523183,0.473684,144,1863.466667,True,12.170864,13.523183,0.473684,144,1863.466667,True,12.244898,12.643755,0.491987,111,1504.300000,True,14.444542,13.656658,0.514019,79,1142.300000,True
UTA,Lawson Crouse,8478474,F,80,802.833333,F4,13.023884,13.977488,0.482342,351,4593.100000,True,13.206351,14.203627,0.481808,300,3970.816667,True,13.459047,13.970649,0.490674,235,3049.250000,True,13.945581,13.214808,0.513453,158,1970.516667,True,14.383755,12.747955,0.530146,80,1063.700000,True
UTA,JJ Peterka,8482175,F,81,767.966667,F5,14.279247,15.297870,0.482780,234,3239.666667,True,14.279247,15.297870,0.482780,234,3239.666667,True,14.291527,15.305643,0.482868,232,3194.900000,True,12.668852,13.980328,0.475394,155,2287.500000,True,14.778192,13.429817,0.523901,81,1112.450000,True
UTA,Kevin Stenlund,8478831,F,79,670.133333,F6,10.786093,12.482020,0.463557,248,2653.416667,True,10.795781,12.341779,0.466591,216,2289.783333,True,10.876853,12.305928,0.469178,213,2267.200000,True,10.435675,11.735858,0.470679,159,1753.600000,True,10.655693,12.994748,0.450549,79,923.450000,True
VAN,Filip Hronek,8479425,D,81,1229.650000,D1,13.296478,13.591110,0.494521,336,6312.950000,True,13.693533,13.945843,0.495436,280,5231.666667,True,13.636603,13.178363,0.508544,202,3797.133333,True,13.858665,12.477255,0.526227,138,2692.900000,True,12.596495,16.475077,0.433293,81,1686.183333,True
VAN,Marcus Pettersson,8477969,D,81,1066.016667,D2,16.010331,14.106724,0.531603,343,5988.633333,True,16.235500,14.334147,0.531099,296,5269.933333,True,16.535732,14.853649,0.526794,224,4209.066667,True,15.661143,14.119061,0.525891,156,2995.950000,True,11.277175,15.287720,0.424514,81,1511.016667,True
VAN,Zeev Buium,8484798,D,44,887.300000,D3,,,,0,0.000000,False,,,,0,0.000000,False,,,,0,0.000000,False,,,,0,0.000000,False,13.362852,16.655840,0.445151,75,1257.216667,True
VAN,Tyler Myers,8474574,D,57,842.050000,D4,14.013518,14.890529,0.484829,363,6430.933333,True,14.264487,14.452761,0.496722,308,5417.650000,True,13.967757,14.137907,0.496973,226,3878.933333,True,13.634721,12.430240,0.523105,148,2490.700000,True,12.238044,14.892077,0.451087,73,1220.783333,True
VAN,Brock Boeser,8478444,F,74,887.583333,F1,13.442206,13.778542,0.493822,353,5351.800000,True,13.289161,13.653432,0.493240,297,4447.233333,True,12.703198,13.439875,0.485911,226,3339.316667,True,12.445756,12.263496,0.503688,152,2304.400000,True,10.548105,15.008746,0.412731,74,1143.333333,True
VAN,Jake DeBrusk,8478498,F,80,789.933333,F2,14.736151,12.559983,0.539862,340,4466.566667,True,15.028417,12.493503,0.546053,299,3976.466667,True,14.458791,12.566801,0.535004,222,3012.700000,True,13.087086,12.921076,0.503191,158,2168.550000,True,11.921809,14.571100,0.450000,80,1087.083333,True
VAN,Elias Pettersson,8480012,F,73,766.450000,F3,13.587269,12.488472,0.521069,332,5078.283333,True,13.416260,12.468929,0.518299,306,4686.850000,True,12.808699,11.709830,0.522409,226,3494.500000,True,11.703581,11.000826,0.515476,146,2219.833333,True,11.815211,15.085493,0.439216,73,1137.516667,True
VAN,Conor Garland,8478856,F,50,743.000000,F4,14.960120,13.251416,0.530284,366,5021.350000,True,15.215257,13.251998,0.534483,317,4278.600000,True,14.724080,12.476129,0.541322,240,3202.916667,True,14.179661,10.579357,0.572707,159,2166.483333,True,13.015700,15.868456,0.450617,71,1009.550000,True
VAN,Drew O'Connor,8482055,F,81,730.966667,F5,15.959168,14.427950,0.525195,237,2782.100000,True,16.058439,14.525891,0.525054,227,2701.383333,True,15.407178,14.903205,0.508314,205,2500.133333,True,15.195206,14.563269,0.510618,159,2088.816667,True,13.659581,16.695043,0.450000,81,1027.850000,True
VAN,Liam Ohgren,8483499,F,50,624.700000,F6,9.658793,15.958005,0.377049,28,285.750000,False,9.658793,15.958005,0.377049,28,285.750000,False,9.658793,15.958005,0.377049,28,285.750000,False,9.658793,15.958005,0.377049,28,285.750000,False,10.121075,17.656474,0.364362,68,812.166667,True
VGK,Noah Hanifin,8478396,D,72,1098.933333,D1,15.980212,13.392685,0.544046,366,6724.566667,True,16.011785,13.461685,0.543261,319,5905.650000,True,15.502039,13.396659,0.536427,238,4474.250000,True,14.681713,12.841498,0.533430,157,2999.650000,True,14.711384,11.966403,0.551447,72,1398.916667,True
VGK,Shea Theodore,8477447,D,71,1002.483333,D2,15.258069,13.302176,0.534242,297,5705.833333,True,15.022796,13.301168,0.530392,244,4704.850000,True,14.424904,12.509246,0.535562,166,3132.083333,True,13.107555,12.283002,0.516237,111,2110.233333,True,15.141312,11.684191,0.564437,71,1371.083333,True
VGK,Brayden McNabb,8475188,D,64,893.950000,D3,14.773091,12.446158,0.542744,353,6136.833333,True,14.721496,12.498969,0.540825,312,5453.250000,True,14.663750,12.029628,0.549340,243,4259.483333,True,13.848123,11.629010,0.543551,161,2811.933333,True,14.861583,11.056195,0.573413,64,1166.766667,True
VGK,Jeremy Lauzon,8478468,D,68,727.550000,D4,12.834077,13.774505,0.482328,281,4338.450000,True,12.951803,14.105602,0.478679,240,3692.150000,True,13.178029,14.410668,0.477660,174,2677.183333,True,13.209652,12.927846,0.505391,107,1703.300000,True,13.815694,12.312732,0.528761,68,1037.950000,True
VGK,Mitch Marner,8478483,F,81,1019.550000,F1,16.467011,11.698419,0.584653,353,6052.100000,True,16.186137,11.742415,0.579555,298,5022.816667,True,15.274095,11.550245,0.569412,226,3802.516667,True,14.534131,10.773213,0.574305,146,2472.800000,True,13.558072,10.287069,0.568588,81,1265.666667,True
VGK,Jack Eichel,8478403,F,75,956.866667,F2,13.392826,11.785128,0.531927,262,4291.850000,True,13.343952,11.590175,0.535168,241,3934.366667,True,13.315701,11.436469,0.537961,207,3352.433333,True,12.552101,11.351692,0.525109,140,2299.216667,True,13.850715,10.672640,0.564797,75,1264.916667,True
VGK,Pavel Dorofeyev,8481604,F,83,919.933333,F3,14.434618,11.498240,0.556615,146,1941.166667,True,14.434618,11.498240,0.556615,146,1941.166667,True,14.406348,11.574862,0.554491,144,1928.316667,True,14.318441,11.230150,0.560440,126,1709.683333,True,12.912979,10.092903,0.561290,83,1212.733333,True
VGK,Tomas Hertl,8476881,F,83,873.533333,F4,14.804895,13.542726,0.522262,336,5276.633333,True,14.543603,13.587311,0.516997,286,4517.450000,True,14.832365,13.077391,0.531440,204,3179.533333,True,13.506054,11.798392,0.533742,125,1932.466667,True,14.802036,10.506340,0.584867,83,1159.300000,True
VGK,Mark Stone,8475913,F,61,838.783333,F5,14.599132,11.545619,0.558396,254,3949.550000,True,14.700019,11.651984,0.557833,199,3110.200000,True,14.881296,11.296578,0.568468,162,2544.133333,True,13.832544,11.355554,0.549170,119,1865.166667,True,12.777228,9.026699,0.586006,61,943.866667,True
VGK,Ivan Barbashev,8477964,F,82,828.216667,F6,14.362401,15.389160,0.482744,350,4908.650000,True,14.548618,15.472127,0.484619,312,4482.900000,True,14.947077,14.569807,0.506391,231,3339.783333,True,14.154329,13.523419,0.511397,149,2187.316667,True,15.795393,12.346399,0.561279,82,1200.350000,True
WPG,Josh Morrissey,8477504,D,76,1223.550000,D1,15.238902,14.349966,0.515021,372,7559.600000,True,15.457266,13.997981,0.524771,316,6455.216667,True,14.968457,13.776388,0.520735,237,4882.266667,True,14.432596,12.730382,0.531333,159,3313.333333,True,13.157406,13.194573,0.499295,76,1614.300000,True
WPG,Dylan DeMelo,8476331,D,81,1075.666667,D2,14.592989,13.395761,0.521388,364,6364.700000,True,14.782873,13.440928,0.523773,312,5588.900000,True,14.470561,13.340479,0.520317,236,4353.666667,True,14.288179,13.084556,0.521986,161,3090.666667,True,14.341209,13.509260,0.514936,81,1514.516667,True
WPG,Dylan Samberg,8480049,D,65,964.000000,D3,14.248423,12.954841,0.523776,213,3154.033333,True,14.248423,12.954841,0.523776,213,3154.033333,True,14.352511,12.624517,0.532027,198,2951.400000,True,13.464170,12.148544,0.525683,135,2143.466667,True,12.874734,12.972270,0.498113,65,1230.316667,True
WPG,Neal Pionk,8480145,D,51,775.350000,D4,14.307415,15.245149,0.484134,362,6462.383333,True,14.381542,15.249489,0.485354,308,5461.166667,True,14.017260,14.061019,0.499221,231,4113.500000,True,12.829828,12.942966,0.497805,149,2651.633333,True,12.276268,14.893543,0.451835,51,962.833333,True
WPG,Mark Scheifele,8476460,F,81,1123.716667,F1,14.455425,15.489336,0.482736,357,6209.433333,True,14.577231,15.349306,0.487101,301,5206.750000,True,14.015142,14.759836,0.487060,234,4028.500000,True,13.478157,14.358640,0.484185,153,2657.633333,True,13.688978,13.205838,0.508982,81,1490.250000,True
WPG,Kyle Connor,8478398,F,81,1114.216667,F2,14.568479,14.954990,0.493454,361,6054.166667,True,14.882620,15.057163,0.497085,305,5156.350000,True,14.407633,14.407633,0.500000,226,3773.000000,True,13.324127,14.045021,0.486830,144,2413.666667,True,13.468866,12.722898,0.514241,81,1447.783333,True
WPG,Gabriel Vilardi,8480014,F,81,968.150000,F3,13.687311,14.263262,0.489697,260,3541.966667,True,13.767999,13.747264,0.500377,206,2893.666667,True,13.735023,13.666118,0.501257,181,2612.300000,True,12.555953,14.335273,0.466916,118,1787.200000,True,13.523257,12.887936,0.512027,81,1322.166667,True
WPG,Alex Iafallo,8480113,F,79,774.533333,F4,13.330086,12.199125,0.522150,354,4721.650000,True,13.793943,12.259543,0.529447,299,3832.116667,True,13.669687,11.504192,0.543011,220,2659.900000,True,12.813543,10.677953,0.545455,161,1882.383333,True,13.219373,13.447293,0.495726,79,1053.000000,True
WPG,Jonathan Toews,8473604,F,81,711.483333,F5,11.932870,16.070055,0.426129,124,1754.816667,True,11.932870,16.070055,0.426129,124,1754.816667,True,11.147976,17.996019,0.382514,53,753.500000,True,,,,0,0.000000,False,11.873828,13.923118,0.460280,81,995.466667,True
WPG,Cole Perfetti,8482149,F,67,699.050000,F6,13.663647,13.161628,0.509357,219,2748.900000,True,13.663647,13.161628,0.509357,219,2748.900000,True,13.476648,12.858671,0.511733,201,2524.366667,True,12.504241,11.925639,0.511842,150,1866.566667,True,12.168452,12.500924,0.493261,67,902.333333,True
WSH,Jakob Chychrun,8479345,D,80,1185.916667,D1,13.084074,13.966730,0.483685,306,5778.016667,True,12.865930,13.878289,0.481073,250,4682.133333,True,13.278864,13.945187,0.487762,203,3781.950000,True,12.946271,13.237666,0.494436,155,2882.683333,True,15.784226,14.780828,0.516414,80,1554.716667,True
WSH,Matt Roy,8478911,D,79,1020.400000,D2,14.460597,13.709397,0.513333,340,5750.800000,True,14.894123,13.145372,0.531184,296,5043.600000,True,14.630926,12.751582,0.534317,229,3863.050000,True,13.539745,12.272594,0.524545,147,2556.916667,True,14.646446,14.953408,0.494815,79,1368.250000,True
WSH,John Carlson,8474590,D,55,979.100000,D3,13.463706,13.101579,0.506816,329,6461.816667,True,13.614566,13.327944,0.505319,277,5442.700000,True,13.658603,12.953445,0.513249,199,3914.016667,True,13.385011,12.722387,0.512690,159,3169.216667,True,15.253468,13.255990,0.535032,70,1321.666667,True
WSH,Martin Fehérváry,8480796,D,81,965.866667,D4,14.385889,14.409806,0.499585,290,5017.416667,True,14.385889,14.409806,0.499585,290,5017.416667,True,14.150011,13.515182,0.511473,211,3591.516667,True,14.123205,12.606452,0.528372,144,2413.050000,True,14.464730,14.781146,0.494590,81,1327.366667,True
WSH,Tom Wilson,8476880,F,72,923.900000,F1,12.752465,12.581908,0.503366,310,4573.233333,True,13.069553,12.780471,0.505592,263,3943.516667,True,13.425597,12.852419,0.510906,185,2721.666667,True,13.772736,12.000805,0.534375,152,2234.850000,True,13.854896,10.932379,0.558952,72,1108.633333,True
WSH,Dylan Strome,8478440,F,80,919.216667,F2,14.553004,13.860572,0.512185,351,5025.766667,True,14.458045,13.791776,0.511792,311,4502.683333,True,15.043128,13.904543,0.519666,242,3478.000000,True,14.916144,13.315263,0.528353,161,2361.200000,True,14.758640,15.211977,0.492437,80,1191.166667,True
WSH,Alex Ovechkin,8471214,F,82,874.866667,F3,13.625367,14.909251,0.477503,337,5187.383333,True,13.913950,15.093553,0.479667,292,4476.083333,True,13.835468,15.140701,0.477477,215,3217.816667,True,13.072001,14.524445,0.473684,142,2065.483333,True,14.214986,14.707044,0.491493,82,1097.433333,True
WSH,Aliaksei Protas,8481656,F,76,869.350000,F4,14.426770,13.324725,0.519856,245,2994.433333,True,14.426770,13.324725,0.519856,245,2994.433333,True,14.236260,13.303853,0.516928,212,2638.333333,True,14.236062,13.285010,0.517279,154,2018.816667,True,16.454543,13.385850,0.551418,76,1134.033333,True
WSH,Anthony Beauvillier,8478463,F,82,803.366667,F5,14.859093,14.898894,0.499331,342,4522.483333,True,14.979584,15.321797,0.494353,295,3857.250000,True,14.949549,14.272011,0.511593,220,2745.233333,True,13.894377,13.821055,0.501323,138,1636.633333,True,16.408387,17.131468,0.489221,82,1078.716667,True
WSH,Connor McMichael,8481580,F,78,791.483333,F6,15.408713,13.714994,0.529078,234,2904.850000,True,15.414276,13.715391,0.529161,233,2896.016667,True,14.923798,13.512821,0.524809,165,2211.233333,True,14.997686,13.331276,0.529412,159,2160.333333,True,14.150668,15.846409,0.471735,78,1026.100000,True
