team,games_played,team_nfi_pct,team_nfi_rank,team_attack_per_game,team_attack_rank,team_suppress_per_game,team_suppress_rank,top10_5y_combined_score,top10_5y_combined_rank,top10_5y_off_rate,top10_5y_off_rank,top10_5y_def_rate,top10_5y_def_rank,top10_4y_combined_score,top10_4y_combined_rank,top10_4y_off_rate,top10_4y_off_rank,top10_4y_def_rate,top10_4y_def_rank,top10_3y_combined_score,top10_3y_combined_rank,top10_3y_off_rate,top10_3y_off_rank,top10_3y_def_rate,top10_3y_def_rank,top10_2y_combined_score,top10_2y_combined_rank,top10_2y_off_rate,top10_2y_off_rank,top10_2y_def_rate,top10_2y_def_rank,top10_current_combined_score,top10_current_combined_rank,top10_current_off_rate,top10_current_off_rank,top10_current_def_rate,top10_current_def_rank,all18_5y_combined_score,all18_5y_combined_rank,all18_5y_off_rate,all18_5y_off_rank,all18_5y_def_rate,all18_5y_def_rank,all18_4y_combined_score,all18_4y_combined_rank,all18_4y_off_rate,all18_4y_off_rank,all18_4y_def_rate,all18_4y_def_rank,all18_3y_combined_score,all18_3y_combined_rank,all18_3y_off_rate,all18_3y_off_rank,all18_3y_def_rate,all18_3y_def_rank,all18_2y_combined_score,all18_2y_combined_rank,all18_2y_off_rate,all18_2y_off_rank,all18_2y_def_rate,all18_2y_def_rank,all18_current_combined_score,all18_current_combined_rank,all18_current_off_rate,all18_current_off_rank,all18_current_def_rate,all18_current_def_rank,bottom8_5y_combined_score,bottom8_5y_combined_rank,bottom8_5y_off_rate,bottom8_5y_off_rank,bottom8_5y_def_rate,bottom8_5y_def_rank,bottom8_4y_combined_score,bottom8_4y_combined_rank,bottom8_4y_off_rate,bottom8_4y_off_rank,bottom8_4y_def_rate,bottom8_4y_def_rank,bottom8_3y_combined_score,bottom8_3y_combined_rank,bottom8_3y_off_rate,bottom8_3y_off_rank,bottom8_3y_def_rate,bottom8_3y_def_rank,bottom8_2y_combined_score,bottom8_2y_combined_rank,bottom8_2y_off_rate,bottom8_2y_off_rank,bottom8_2y_def_rate,bottom8_2y_def_rank,bottom8_current_combined_score,bottom8_current_combined_rank,bottom8_current_off_rate,bottom8_current_off_rank,bottom8_current_def_rate,bottom8_current_def_rank,all18_F_5y_combined_score,all18_F_5y_combined_rank,all18_F_5y_off_rate,all18_F_5y_off_rank,all18_F_5y_def_rate,all18_F_5y_def_rank,all18_F_4y_combined_score,all18_F_4y_combined_rank,all18_F_4y_off_rate,all18_F_4y_off_rank,all18_F_4y_def_rate,all18_F_4y_def_rank,all18_F_3y_combined_score,all18_F_3y_combined_rank,all18_F_3y_off_rate,all18_F_3y_off_rank,all18_F_3y_def_rate,all18_F_3y_def_rank,all18_F_2y_combined_score,all18_F_2y_combined_rank,all18_F_2y_off_rate,all18_F_2y_off_rank,all18_F_2y_def_rate,all18_F_2y_def_rank,all18_F_current_combined_score,all18_F_current_combined_rank,all18_F_current_off_rate,all18_F_current_off_rank,all18_F_current_def_rate,all18_F_current_def_rank,all18_D_5y_combined_score,all18_D_5y_combined_rank,all18_D_5y_off_rate,all18_D_5y_off_rank,all18_D_5y_def_rate,all18_D_5y_def_rank,all18_D_4y_combined_score,all18_D_4y_combined_rank,all18_D_4y_off_rate,all18_D_4y_off_rank,all18_D_4y_def_rate,all18_D_4y_def_rank,all18_D_3y_combined_score,all18_D_3y_combined_rank,all18_D_3y_off_rate,all18_D_3y_off_rank,all18_D_3y_def_rate,all18_D_3y_def_rank,all18_D_2y_combined_score,all18_D_2y_combined_rank,all18_D_2y_off_rate,all18_D_2y_off_rank,all18_D_2y_def_rate,all18_D_2y_def_rank,all18_D_current_combined_score,all18_D_current_combined_rank,all18_D_current_off_rate,all18_D_current_off_rank,all18_D_current_def_rate,all18_D_current_def_rank,top10_n_players,all18_n_players,bottom8_n_players,cohort_shortfall_flag
COL,82,0.569032,1,14.475610,1,10.963415,8,0.544730,3,15.427092,3,12.904902,5,0.540632,4,15.348773,6,13.055115,5,0.547407,3,15.371260,4,12.714529,6,0.547050,3,14.922029,2,12.334006,8,0.555498,3,17.199599,1,13.704371,14,0.535907,2,14.976580,4,12.963313,5,0.533258,4,14.978057,4,13.102300,5,0.537466,3,14.889500,3,12.797448,5,0.539077,3,14.532746,3,12.392071,5,0.562916,1,17.251091,1,13.354731,12,0.517812,5,14.052689,11,13.083099,4,0.518137,4,14.217806,9,13.199065,5,0.513794,7,13.742340,14,12.994892,5,0.520092,6,13.605792,8,12.530335,7,0.579648,1,17.367231,1,12.566115,6,0.535772,3,15.028940,5,13.011721,6,0.531370,5,15.016951,6,13.230681,8,0.531631,5,14.783385,6,12.998922,8,0.535805,4,14.433757,3,12.442845,8,0.573384,1,17.518334,1,13.011873,10,0.536099,3,14.901968,6,12.894331,2,0.535949,3,14.922633,6,12.919358,2,0.545138,1,15.029010,4,12.532570,2,0.543378,3,14.662887,3,12.325319,5,0.548754,5,16.889554,1,13.818565,13,10,18,8,0
OTT,82,0.553611,2,12.341463,8,9.951220,1,0.513081,17,13.929765,19,13.239922,8,0.515426,17,13.978358,19,13.157666,8,0.519026,12,13.873412,18,12.879463,9,0.515091,15,12.842231,22,12.105831,5,0.558173,2,14.683964,10,11.564392,2,0.505386,16,13.841058,20,13.550999,13,0.507268,16,13.906981,18,13.513088,10,0.510029,14,13.826555,17,13.291504,9,0.504541,19,12.797120,24,12.584727,9,0.556482,2,14.685488,10,11.657309,2,0.490078,25,13.664593,18,14.169826,24,0.491039,23,13.764991,17,14.220131,24,0.492132,22,13.733341,15,14.111176,23,0.483553,25,12.707382,22,13.537394,24,0.553515,3,14.688162,6,11.820367,2,0.505529,17,14.020876,15,13.724068,18,0.507046,16,14.071527,15,13.692283,16,0.507195,16,13.986493,15,13.599175,17,0.498980,22,12.817268,24,12.875177,17,0.556883,2,14.605528,10,11.585347,2,0.505090,17,13.468140,28,13.192080,5,0.507729,18,13.565737,28,13.141465,5,0.515907,9,13.494866,26,12.653437,3,0.516072,11,12.755337,26,11.982373,2,0.555750,1,14.831287,10,11.788524,2,10,18,8,0
CAR,82,0.552078,3,13.768293,2,11.170732,11,0.542174,4,15.693243,2,13.289292,9,0.547478,2,15.838132,2,13.121733,7,0.549063,2,15.567825,2,12.813274,7,0.539772,4,14.722668,4,12.582535,10,0.548530,5,16.299632,2,13.378434,12,0.542834,1,15.700206,1,13.242117,6,0.546899,1,15.874244,1,13.173143,6,0.548825,1,15.641918,2,12.882568,6,0.544426,2,14.952792,2,12.519590,8,0.553724,4,16.414042,2,13.184865,10,0.543911,1,15.711587,1,13.165008,7,0.545951,1,15.933270,1,13.257173,6,0.548435,1,15.763023,1,12.995831,6,0.552033,1,15.328933,1,12.416705,6,0.563188,2,16.622553,2,12.832085,8,0.554151,1,15.994801,1,12.906406,5,0.557059,1,16.161561,1,12.893089,4,0.556828,1,15.824349,1,12.639707,4,0.553278,2,15.120338,2,12.217772,6,0.556421,4,16.550399,2,13.115850,11,0.520109,6,15.108701,3,13.916177,17,0.526498,6,15.297352,3,13.735451,11,0.532755,5,15.275622,3,13.370200,10,0.526651,6,14.616383,4,13.125598,20,0.549265,4,16.188633,2,13.298952,11,10,18,8,0
VGK,82,0.547878,4,12.280488,10,10.134146,2,0.536154,6,14.777312,9,12.799641,4,0.534548,6,14.724455,10,12.845287,4,0.538313,5,14.583055,10,12.536728,4,0.536181,5,13.798212,11,11.947335,4,0.564742,1,14.232600,13,10.989885,1,0.533513,4,14.790580,5,12.939813,4,0.533136,5,14.791281,6,12.967837,4,0.536624,4,14.607066,6,12.634563,3,0.536816,5,13.932293,7,12.030655,3,0.556221,3,14.180999,13,11.352939,1,0.526446,2,14.826088,2,13.314946,8,0.529356,2,14.970124,2,13.295810,8,0.532101,2,14.671323,3,12.896392,3,0.538515,2,14.291124,3,12.253638,4,0.536224,5,14.059912,11,12.204892,3,0.531869,6,14.607160,8,12.882286,4,0.531296,6,14.603543,10,12.919650,5,0.536134,4,14.511425,8,12.585716,3,0.537725,3,13.882017,8,11.951049,3,0.556811,3,13.904711,15,11.123997,1,0.536117,2,15.081134,4,13.030941,3,0.536050,2,15.088676,5,13.044171,3,0.537399,4,14.758569,5,12.711941,4,0.535375,4,14.011936,6,12.156757,4,0.555228,2,14.645943,12,11.738206,1,10,18,8,0
TBL,82,0.546638,5,12.292683,9,10.195122,3,0.522960,9,14.981970,8,13.651698,16,0.525383,8,15.146104,7,13.661292,15,0.529922,8,15.161954,6,13.432110,15,0.534125,6,14.430919,6,12.618676,13,0.553758,4,15.440800,5,12.409601,5,0.512315,15,14.364800,12,13.634766,15,0.514097,14,14.506927,12,13.665895,15,0.518100,9,14.512402,8,13.454956,16,0.521299,7,13.831098,8,12.699767,13,0.548765,5,14.843010,7,12.154109,4,0.491834,22,13.177350,26,13.602189,10,0.492383,22,13.277134,25,13.674752,11,0.495355,20,13.262649,24,13.498912,11,0.496622,15,12.677029,23,12.855789,9,0.538166,4,13.574041,19,11.611760,1,0.521376,10,14.674758,7,13.418084,13,0.523985,9,14.863212,7,13.444149,12,0.528033,7,14.911999,4,13.285403,12,0.526997,7,13.940078,5,12.507790,9,0.546289,5,14.663113,7,12.121128,4,0.493559,25,13.723171,22,14.083308,21,0.493628,24,13.769400,22,14.124918,20,0.497539,22,13.685218,21,13.805938,20,0.509504,16,13.605505,13,13.097168,18,0.553004,3,15.151114,6,12.210595,3,10,18,8,0
LAK,82,0.531385,6,11.975610,13,10.560976,6,0.517178,12,13.454765,24,12.572940,2,0.520456,11,13.515496,25,12.475109,1,0.520321,10,13.091790,27,12.063573,1,0.521928,11,12.441804,27,11.368603,1,0.510181,17,13.278295,22,12.709766,7,0.517682,8,13.864607,18,12.928756,3,0.520027,7,13.959729,17,12.903622,3,0.519169,8,13.576274,22,12.576525,2,0.518534,11,12.850141,23,11.937300,2,0.517791,11,13.538143,19,12.558073,6,0.518654,3,14.654169,4,13.614236,12,0.519200,3,14.815546,5,13.729155,13,0.516950,5,14.509633,4,13.564728,14,0.511996,10,13.636804,7,13.032896,12,0.532450,8,14.038740,12,12.265835,4,0.521568,9,13.821917,18,12.654332,3,0.525596,7,13.951848,17,12.567446,1,0.525224,9,13.506411,21,12.161433,1,0.526053,8,12.808394,25,11.486465,1,0.514933,13,13.296255,21,12.453850,6,0.512226,10,13.924558,20,13.314128,7,0.512206,12,13.970797,20,13.375712,7,0.510666,14,13.674381,22,13.159436,7,0.507975,18,12.908768,25,12.570404,8,0.521804,10,13.877824,16,12.704432,6,10,18,8,0
UTA,82,0.525654,7,12.243902,11,11.048780,10,0.497888,22,13.690780,20,13.758232,18,0.499455,20,13.716943,21,13.688781,16,0.502135,20,13.537340,22,13.383458,13,0.508020,18,12.797190,25,12.377291,9,0.523526,10,13.988844,15,12.713959,8,0.498294,23,13.847128,19,13.902071,21,0.499948,21,13.887525,19,13.841910,18,0.504921,19,13.758382,18,13.446843,15,0.511917,14,13.132060,19,12.505359,7,0.526645,7,14.564508,11,13.066371,9,0.499168,18,14.183847,8,14.211851,25,0.501011,16,14.254899,8,14.171696,22,0.510920,8,14.234430,7,13.583352,15,0.520311,5,13.853253,4,12.781172,8,0.534505,7,16.014898,3,13.954276,18,0.481848,25,13.151143,26,14.108011,27,0.481916,25,13.156963,26,14.104137,27,0.490676,24,13.199869,24,13.653740,20,0.501334,19,12.856271,23,12.754823,13,0.526648,8,14.422958,11,12.932579,9,0.525646,5,15.004626,5,13.559571,9,0.529939,5,15.102528,4,13.405798,8,0.528612,6,14.687249,7,13.102750,6,0.529518,5,13.590727,15,12.090473,3,0.526642,8,14.802009,11,13.290854,10,10,18,8,0
PIT,82,0.523493,8,13.451220,3,12.243902,25,0.518475,10,15.230891,5,14.120150,25,0.521975,9,15.509694,3,14.170556,24,0.519558,11,15.394527,3,14.214098,26,0.516510,13,14.601618,5,13.654467,28,0.520823,11,15.834714,3,14.534253,27,0.512915,13,14.713112,7,13.947101,23,0.515473,12,14.949147,5,14.016616,23,0.513141,13,14.813612,4,14.016935,25,0.507387,18,14.057263,5,13.606362,28,0.521384,10,15.863900,3,14.529297,26,0.500058,17,13.515802,22,13.546943,9,0.500437,17,13.652940,21,13.660645,10,0.498301,17,13.470308,19,13.561015,13,0.486291,23,12.798499,20,13.495125,21,0.522639,9,15.929145,4,14.518217,22,0.518166,13,14.869447,6,13.793402,21,0.520279,12,15.119817,4,13.895624,20,0.517577,12,14.906772,5,13.840999,27,0.513909,14,14.142207,4,13.309041,26,0.518942,11,15.807410,3,14.586696,26,0.505027,18,14.478254,9,14.178000,26,0.508252,16,14.692754,10,14.198378,23,0.506477,18,14.673661,8,14.281238,26,0.497590,23,13.929655,7,14.053020,29,0.525688,9,15.963476,3,14.428119,23,10,18,8,0
PHI,82,0.522523,9,11.317073,19,10.341463,5,0.497336,23,13.661337,21,13.859387,21,0.497492,22,13.814918,20,14.018182,21,0.499093,22,13.622039,21,13.756176,21,0.515369,14,13.566777,13,12.810722,17,0.526106,9,13.639610,18,12.300936,4,0.499762,20,13.613314,22,13.669682,17,0.501431,20,13.768361,22,13.740879,17,0.504245,20,13.596448,21,13.435231,14,0.518161,12,13.527236,13,12.627154,10,0.528158,6,13.747631,18,12.303522,5,0.506328,10,13.483370,23,13.156358,6,0.512090,8,13.642383,23,12.990528,4,0.518186,4,13.527201,17,12.566786,1,0.525717,4,13.420240,12,12.130436,3,0.535438,6,14.130925,10,12.312695,5,0.501543,18,13.612909,20,13.586074,16,0.502406,18,13.786927,19,13.727391,18,0.500979,19,13.543612,20,13.602513,18,0.515411,13,13.507247,13,12.761145,14,0.527115,6,13.637372,18,12.255005,5,0.497321,22,13.613869,23,13.784330,14,0.500094,21,13.742902,23,13.759375,12,0.508724,16,13.668901,23,13.205843,8,0.521932,8,13.554645,16,12.443417,7,0.529429,7,13.882075,15,12.362680,4,10,18,8,0
DAL,82,0.522109,10,11.231707,21,10.280488,4,0.547148,2,15.327825,4,12.686846,3,0.547058,3,15.390282,4,12.744622,3,0.545151,4,15.203351,5,12.693080,5,0.549218,2,14.795868,3,12.164536,7,0.530612,7,13.499784,20,11.954012,3,0.533859,3,14.713362,6,12.801242,2,0.535092,2,14.785742,7,12.797616,2,0.534036,5,14.601072,7,12.705543,4,0.538075,4,14.176797,4,12.144353,4,0.524398,9,13.370838,21,12.149850,3,0.503818,13,13.324339,24,13.059839,3,0.508041,11,13.419150,24,12.917411,2,0.508909,10,13.239591,25,12.733717,2,0.512885,9,12.777358,21,12.098726,2,0.509543,13,13.062615,24,12.617965,7,0.531921,5,14.400690,11,12.604820,2,0.532412,4,14.429728,11,12.602543,2,0.529544,6,14.155101,12,12.535365,2,0.532776,5,13.688501,10,11.975171,4,0.526844,7,13.367677,19,11.976327,3,0.537083,1,15.233409,2,13.127938,4,0.539548,1,15.377875,2,13.122068,4,0.541508,2,15.342825,2,12.988589,5,0.546888,1,14.988947,2,12.425740,6,0.520538,11,13.375825,22,12.423616,5,10,18,8,0
CBJ,82,0.521717,11,12.451220,6,11.414634,12,0.484186,28,13.371270,27,14.186357,26,0.485166,27,13.530153,24,14.295226,27,0.480711,27,13.340841,23,14.351741,28,0.472622,29,12.799935,24,14.236669,30,0.534194,6,15.201382,7,13.248489,10,0.481674,29,13.420622,25,14.390463,30,0.482256,28,13.570805,24,14.513221,30,0.478050,29,13.390173,24,14.565094,30,0.477265,29,12.926008,22,14.103531,30,0.526216,8,14.833207,8,13.296142,11,0.476375,29,13.524724,21,14.821000,31,0.476118,28,13.656557,20,14.973055,31,0.472436,29,13.494234,18,15.015138,31,0.487061,22,13.191944,15,13.822693,28,0.505021,15,13.854987,13,13.422753,12,0.478275,29,13.336153,24,14.494898,30,0.478591,28,13.473253,24,14.620092,30,0.474699,29,13.255987,23,14.610168,31,0.476511,28,12.859115,22,14.070226,30,0.520844,10,14.613010,9,13.351048,12,0.486852,27,13.549310,25,14.231357,27,0.487839,26,13.719426,24,14.350404,26,0.483156,28,13.594607,24,14.496425,27,0.478415,29,13.027919,24,14.154270,30,0.534767,6,15.183668,5,13.208755,9,10,18,8,0
STL,82,0.512945,12,11.597561,16,11.012195,9,0.488262,26,13.536169,23,14.202390,27,0.487667,26,13.616280,23,14.328899,28,0.486685,26,13.173752,25,13.913859,24,0.493007,25,12.503456,26,12.849501,18,0.518294,12,13.857009,17,12.887510,9,0.482128,28,13.247581,28,14.223431,27,0.481460,29,13.303458,28,14.327818,26,0.481144,27,12.932839,29,13.949494,24,0.484939,26,12.258922,29,13.006486,19,0.517255,12,13.854712,15,12.917957,8,0.466448,31,12.509790,32,14.277226,28,0.465592,30,12.503713,32,14.325055,26,0.466980,30,12.316933,31,14.040597,22,0.464315,30,11.633759,31,13.407826,20,0.515061,11,13.849859,14,12.982260,9,0.481450,26,13.064479,27,14.067994,26,0.480696,26,13.100854,27,14.155703,28,0.481336,26,12.744078,27,13.743497,23,0.487632,25,12.277207,28,12.895105,18,0.521400,9,13.961125,14,12.795526,8,0.483043,29,13.494462,27,14.433013,28,0.482489,29,13.576635,27,14.559885,28,0.480886,29,13.187353,28,14.227247,25,0.481309,28,12.234268,30,13.156665,21,0.511811,14,13.714935,20,13.078774,8,10,18,8,0
WSH,82,0.509255,13,12.414634,7,11.963415,16,0.503739,18,14.046665,18,13.833592,19,0.505165,18,14.142098,17,13.851027,19,0.510358,17,14.169588,14,13.597776,18,0.514190,16,13.842277,9,13.081169,21,0.510392,16,15.006166,8,14.457124,25,0.503732,17,14.075055,16,13.842926,18,0.504502,17,14.140294,16,13.865193,19,0.506845,17,14.079220,14,13.688133,20,0.508723,17,13.669840,12,13.195561,23,0.510062,15,14.954157,6,14.398484,23,0.503712,14,14.154797,9,13.869145,21,0.502642,13,14.135226,12,13.904983,18,0.496980,18,13.825398,12,13.941922,21,0.493368,19,13.185507,16,13.516862,22,0.509459,14,14.859078,5,14.291283,20,0.501098,19,13.863128,17,13.789662,20,0.500718,19,13.932013,18,13.884460,19,0.502691,18,13.901467,16,13.739571,22,0.504827,17,13.605664,12,13.330585,27,0.509231,16,14.890898,6,14.406317,25,0.506858,16,14.326547,15,13.906135,16,0.508993,14,14.387458,14,13.842330,15,0.511775,12,14.290158,11,13.627092,16,0.513345,14,13.745997,10,13.035330,17,0.511304,15,15.048707,7,14.386776,22,10,18,8,0
EDM,82,0.508920,14,12.524390,4,12.085366,23,0.550813,1,16.174645,1,13.120792,7,0.554569,1,16.390888,1,13.086237,6,0.570538,1,16.658104,1,12.462141,3,0.581837,1,16.365904,1,11.695816,2,0.530376,8,15.664994,4,13.820042,16,0.531958,5,15.564462,2,13.614471,14,0.534752,3,15.758351,2,13.623889,14,0.543007,2,15.803656,1,13.205192,8,0.552622,1,15.507833,1,12.468935,6,0.516347,13,15.140997,4,14.156808,21,0.492339,21,14.282300,7,14.651828,30,0.493112,20,14.429217,7,14.753643,30,0.485156,24,14.008226,9,14.766546,30,0.491234,21,13.704790,6,14.093473,31,0.476935,23,13.668914,18,15.102894,27,0.535244,4,15.603434,2,13.467409,15,0.537430,3,15.802226,2,13.517035,14,0.545031,2,15.739287,2,13.062514,9,0.558080,1,15.397106,1,12.115018,5,0.516466,12,15.060544,5,14.035004,21,0.527428,4,15.510734,1,13.817217,15,0.531060,4,15.697863,1,13.771202,13,0.540217,3,15.892398,1,13.401893,12,0.545097,2,15.660486,1,12.956859,12,0.516181,12,15.252799,4,14.326074,20,10,18,8,0
NYR,82,0.503876,15,11.097561,22,10.926829,7,0.490166,25,13.551707,22,14.087684,24,0.491962,25,13.684795,22,14.125055,22,0.497530,23,13.628739,20,13.772130,22,0.506106,20,13.474991,15,13.169812,23,0.506586,19,12.910400,27,12.585108,6,0.492308,25,13.584439,23,14.012227,24,0.493271,24,13.706521,23,14.082274,24,0.497134,23,13.648824,20,13.816284,23,0.503694,20,13.359804,17,13.168931,22,0.503233,18,13.046995,26,12.896675,7,0.497482,19,13.663540,19,13.829878,19,0.496434,19,13.759021,18,13.978889,20,0.496176,19,13.697362,16,13.922985,20,0.497863,14,13.081444,17,13.166803,15,0.496525,17,13.320298,22,13.520065,13,0.493269,23,13.622573,19,13.980953,25,0.493812,23,13.707610,20,14.040638,25,0.494633,22,13.622100,18,13.902418,28,0.501859,18,13.402748,14,13.276590,25,0.502113,19,12.887999,27,12.787907,7,0.490756,26,13.522879,26,14.062711,20,0.492398,25,13.704763,25,14.149486,21,0.501172,19,13.691964,20,13.677237,18,0.506655,19,13.290478,19,12.995137,13,0.505008,17,13.298910,23,13.069007,7,10,18,8,0
MIN,82,0.503024,16,12.170732,12,12.024390,18,0.517139,13,13.337665,28,12.510436,1,0.517231,14,13.405467,27,12.561667,2,0.515128,14,13.148983,26,12.406998,2,0.521322,12,12.821283,23,11.786220,3,0.513810,13,14.870286,9,14.048722,19,0.517528,9,13.396373,26,12.542291,1,0.517282,9,13.468356,26,12.621171,1,0.513252,12,13.182553,26,12.540131,1,0.519865,9,12.780840,25,11.836497,1,0.514984,14,14.746509,9,13.868569,16,0.518625,4,13.561984,20,12.632151,1,0.517427,6,13.645764,22,12.789025,1,0.507959,11,13.277253,23,12.915688,4,0.515755,8,12.666752,24,11.978325,1,0.518536,10,14.371845,8,13.323258,10,0.520314,11,13.549453,21,12.575522,1,0.519905,13,13.638695,21,12.687624,3,0.513691,13,13.310681,22,12.674753,5,0.521069,11,12.887607,21,11.913834,2,0.514192,14,14.639627,8,13.806562,16,0.513863,9,13.194983,29,12.498573,1,0.513832,9,13.244262,29,12.533747,1,0.512673,11,13.013990,29,12.363024,1,0.518281,9,12.640379,27,11.734754,1,0.516152,13,14.904229,9,13.960068,16,10,17,7,1
ANA,82,0.502209,17,12.475610,5,12.365854,26,0.459748,31,12.763808,30,15.015333,32,0.457399,31,12.770476,30,15.158839,32,0.455307,31,12.684750,30,15.192458,32,0.449136,31,12.348718,28,15.173115,32,0.511194,15,15.310056,6,14.665635,28,0.456971,31,12.803322,30,15.243706,32,0.454440,31,12.792527,30,15.382709,32,0.452588,31,12.696406,30,15.401531,32,0.451191,31,12.399854,27,15.131515,32,0.504779,17,15.126815,5,14.848044,28,0.449701,32,12.906784,28,15.841687,32,0.446690,32,12.850267,28,15.968896,32,0.445466,32,12.726925,28,15.948974,32,0.456572,31,12.533750,26,15.022586,32,0.487372,21,14.629624,7,15.342976,29,0.462874,32,12.922123,29,15.047735,32,0.459405,32,12.918715,28,15.249294,32,0.454275,32,12.732980,28,15.377237,32,0.453750,31,12.298335,27,14.889769,32,0.509550,15,15.238882,4,14.670312,28,0.448184,31,12.626461,30,15.535451,32,0.447048,31,12.604669,30,15.581324,32,0.450076,31,12.641957,30,15.437698,31,0.447381,31,12.550985,29,15.491403,32,0.498042,19,14.968556,8,15.099031,29,10,18,8,0
BUF,82,0.501581,18,11.609756,14,11.536585,13,0.496958,24,14.283765,14,14.524631,30,0.495696,23,14.274639,16,14.590091,30,0.497345,24,14.311831,12,14.529449,30,0.495930,24,13.261335,18,13.506392,26,0.503695,20,14.017559,14,13.802473,15,0.499138,21,14.231884,14,14.305742,28,0.497355,23,14.201728,15,14.371444,28,0.498009,22,14.200555,13,14.323502,29,0.495800,22,13.262268,18,13.481292,27,0.502071,19,13.945758,14,13.814261,14,0.506044,11,14.067578,10,13.612524,11,0.502610,14,13.970820,13,13.678993,12,0.500112,14,13.848146,11,13.671273,16,0.495386,17,13.265221,14,13.401801,19,0.496282,18,13.689901,17,13.856266,17,0.506968,16,14.232062,12,13.868523,23,0.504637,17,14.146032,14,13.904395,21,0.505581,17,14.147190,13,13.836337,26,0.501150,20,13.222381,18,13.157814,22,0.503399,18,14.039323,13,13.835025,17,0.486650,28,14.231601,17,15.003058,30,0.485741,28,14.290557,18,15.116337,30,0.485933,27,14.285666,12,15.100478,30,0.487267,25,13.325882,18,13.997204,28,0.500045,18,13.803016,17,13.782582,12,10,18,8,0
FLA,82,0.492089,19,11.378049,18,11.743902,15,0.536441,5,15.210787,6,13.075988,6,0.535824,5,15.368216,5,13.257015,9,0.529989,7,14.839468,8,13.112103,10,0.531463,7,13.835573,10,12.158828,6,0.507888,18,14.369593,11,13.936087,17,0.530196,6,15.061666,3,13.293827,8,0.530023,6,15.223486,3,13.448420,8,0.523527,6,14.730361,5,13.358856,11,0.519946,8,13.706158,11,12.642340,11,0.508705,16,14.363454,12,13.884337,18,0.516438,6,14.733190,3,13.773669,17,0.517245,7,14.904681,3,13.870036,17,0.509294,9,14.490026,5,13.902388,19,0.494577,18,13.421088,11,13.707391,27,0.511006,12,14.346142,9,13.738386,16,0.542335,2,15.504031,3,13.047335,7,0.544119,2,15.686202,3,13.109452,6,0.537383,3,15.132188,3,12.986587,7,0.530431,6,13.939336,6,12.336586,7,0.508832,17,14.377635,12,13.900857,18,0.507956,15,14.251240,16,13.745407,12,0.504198,19,14.375775,15,14.069420,19,0.498142,21,13.994201,16,14.040863,23,0.500738,22,13.278967,20,13.202490,22,0.508495,16,14.340221,13,13.857271,14,10,18,8,0
MTL,82,0.490716,20,11.280488,20,11.707317,14,0.482327,29,13.416247,25,14.403758,29,0.479777,29,13.385720,28,14.517929,29,0.478276,28,13.057608,28,14.233891,27,0.484581,26,13.116917,20,13.968027,29,0.489474,23,13.372984,21,13.996652,18,0.485340,27,13.562332,24,14.372681,29,0.482764,27,13.552061,25,14.511973,29,0.483327,26,13.318765,25,14.222459,28,0.488667,25,13.364889,16,13.977558,29,0.493968,22,13.508593,20,13.873693,17,0.490699,24,13.822150,14,14.317409,29,0.488077,25,13.847903,15,14.501382,28,0.492312,21,13.783244,13,14.202127,27,0.495935,16,13.805918,5,13.994510,29,0.504576,16,13.828693,15,13.583453,14,0.477426,30,13.326109,25,14.559588,31,0.473180,30,13.299351,25,14.780461,31,0.476842,28,13.161972,25,14.413963,30,0.484364,26,13.366831,15,14.200427,31,0.495248,23,13.326164,20,13.608856,14,0.495802,24,13.874632,21,14.125579,23,0.495434,23,13.886156,21,14.157019,22,0.491901,25,13.526054,25,13.969282,21,0.494356,24,13.362323,17,13.682914,25,0.492015,21,13.786909,19,14.277731,19,10,18,8,0
NSH,82,0.488866,21,11.512195,17,12.036585,19,0.518064,11,14.391839,12,13.378830,12,0.520406,12,14.550207,12,13.403324,12,0.518416,13,14.359435,11,13.333020,12,0.513423,17,13.484387,14,12.767092,16,0.493435,22,13.904576,16,14.273449,23,0.516035,10,14.400834,11,13.487935,11,0.517044,10,14.524151,11,13.551060,13,0.514218,11,14.333702,12,13.538328,18,0.509793,16,13.478877,14,12.963291,18,0.494258,21,13.849947,16,14.188755,22,0.509664,9,14.429071,6,13.830440,20,0.506492,12,14.442356,6,14.014836,21,0.501041,13,14.252921,6,14.182835,26,0.498400,13,13.461582,9,13.579202,26,0.495867,19,13.743223,16,14.023297,19,0.514866,14,14.196586,13,13.350828,10,0.516199,14,14.339526,12,13.418184,10,0.512756,14,14.161899,11,13.457276,14,0.506993,15,13.286136,16,12.928736,20,0.497712,21,13.882468,16,14.043209,22,0.518013,8,14.746684,7,13.720097,11,0.518475,8,14.836775,8,13.776058,14,0.516693,7,14.624614,9,13.675573,17,0.514535,12,13.805244,8,13.021803,15,0.488387,22,13.794651,18,14.436231,24,10,18,8,0
NJD,82,0.488456,22,11.609756,14,12.158537,24,0.524667,7,14.692231,10,13.301967,10,0.526321,7,14.816699,9,13.326636,10,0.531253,6,14.606421,9,12.875308,8,0.524010,9,13.879331,8,12.607351,12,0.512614,14,14.284598,12,13.572668,13,0.518083,7,14.484814,9,13.453905,10,0.519193,8,14.614797,10,13.517617,11,0.521577,7,14.386731,10,13.178966,7,0.516963,13,13.754054,10,12.837043,16,0.498175,20,13.774291,17,13.847562,15,0.502526,16,13.994688,12,13.812933,18,0.502347,15,14.137704,11,13.968902,19,0.498712,16,13.867605,10,13.896507,18,0.500311,11,13.458027,10,13.379804,18,0.460454,27,12.441204,31,14.565675,23,0.522151,8,14.523974,9,13.254323,9,0.524851,8,14.727260,8,13.299672,9,0.526856,8,14.497835,9,12.985140,6,0.519499,12,13.724613,9,12.655309,11,0.499561,20,13.709063,17,13.682314,15,0.511702,11,14.423374,12,13.767035,13,0.510315,13,14.438349,13,13.859556,16,0.513294,10,14.212415,14,13.483065,15,0.512985,15,13.800246,9,13.122171,19,0.495753,20,13.888243,14,14.136246,17,10,18,8,0
SJS,82,0.478077,23,11.036585,24,12.048780,20,0.484644,27,13.170516,29,13.979726,22,0.480766,28,13.178000,29,14.206206,25,0.472533,29,12.903113,29,14.449519,29,0.475793,28,12.307758,29,13.540985,27,0.483644,24,13.247547,24,14.167887,20,0.489542,26,13.330091,27,13.890551,20,0.485399,26,13.310564,27,14.101508,25,0.479992,28,13.022444,27,14.142580,27,0.477927,28,12.334466,28,13.460217,26,0.482527,24,13.089682,25,14.052186,19,0.502635,15,13.756670,17,13.652167,15,0.497783,18,13.664934,19,13.821629,15,0.499930,15,13.341442,21,13.322068,10,0.483071,26,12.398857,28,13.265492,17,0.479228,22,12.623220,29,13.710311,15,0.478490,28,12.613855,32,13.756862,19,0.473530,29,12.504012,32,13.907122,22,0.473466,30,12.322092,31,13.697415,21,0.465388,30,11.800304,31,13.546757,28,0.482309,24,12.955907,26,13.938835,19,0.510973,12,14.718853,8,14.149770,25,0.508412,15,14.874446,7,14.478417,27,0.492645,24,14.380408,10,15.005741,29,0.508698,17,13.645293,12,13.247849,23,0.482848,24,13.286498,24,14.218954,18,10,18,8,0
WPG,82,0.476443,24,10.975610,25,12.060976,22,0.498566,21,14.132482,16,14.235487,28,0.502848,19,14.286590,15,14.142695,23,0.502343,19,13.958444,17,13.876483,23,0.507347,19,13.393612,16,13.037892,20,0.497599,21,13.163735,25,13.285873,11,0.500266,19,14.080351,15,14.063411,25,0.504426,18,14.248467,14,13.991781,22,0.506369,18,13.978069,15,13.645619,19,0.511057,15,13.392940,15,12.819299,15,0.492668,23,13.244178,22,13.654123,13,0.504591,12,13.947796,13,13.625870,13,0.508438,10,14.151530,10,13.608050,9,0.516605,6,14.027971,8,13.058597,8,0.519779,7,13.391361,13,12.305415,5,0.476158,24,13.513488,20,14.886978,24,0.495520,22,13.869280,16,14.116225,28,0.499690,20,14.054198,16,14.061507,26,0.500740,20,13.809039,17,13.801639,25,0.506549,16,13.227050,17,12.905823,19,0.496051,22,13.266993,22,13.487071,13,0.508548,13,14.448633,11,13.971260,19,0.512690,10,14.587432,11,13.870122,17,0.516190,8,14.272998,13,13.373393,11,0.518253,10,13.657730,11,12.681191,9,0.487396,23,13.208620,25,13.914473,15,10,18,8,0
BOS,82,0.472504,25,10.792683,29,12.048780,20,0.514111,15,14.140492,15,13.361960,11,0.517795,13,14.354113,14,13.358820,11,0.510128,18,13.826581,19,13.243308,11,0.501858,22,12.843890,21,12.711384,15,0.467155,28,12.437602,29,14.191957,22,0.501700,18,13.645985,21,13.494884,12,0.504005,19,13.813047,21,13.525473,12,0.499226,21,13.435223,23,13.401927,12,0.493698,23,12.629604,26,12.901650,17,0.468501,28,12.762947,29,14.479126,25,0.478150,27,12.707564,30,13.747134,16,0.477836,27,12.786273,29,13.841728,16,0.478538,27,12.692547,29,13.702935,17,0.478213,28,12.222955,29,13.262715,16,0.471154,25,13.404629,21,15.045514,26,0.497574,20,13.339141,23,13.406438,12,0.498714,21,13.498798,23,13.498066,13,0.493878,23,13.129606,26,13.381169,13,0.489197,24,12.354822,26,12.843103,15,0.468657,27,12.698866,28,14.382478,24,0.508349,14,14.140390,18,13.637395,10,0.512530,11,14.319386,17,13.569633,10,0.507845,17,13.927651,17,13.435373,14,0.500950,21,13.072349,21,12.995985,14,0.468263,28,12.860413,29,14.626127,25,10,18,8,0
DET,82,0.467996,26,10.878049,26,12.365854,26,0.472171,30,12.370418,31,13.841717,20,0.470583,30,12.339826,31,13.897730,20,0.466271,30,11.920257,31,13.646689,20,0.462260,30,11.493698,31,13.377516,25,0.472271,27,12.631388,28,14.177060,21,0.473500,30,12.533928,31,13.931879,22,0.473117,30,12.565936,31,13.980309,21,0.470461,30,12.290907,31,13.796763,21,0.468572,30,11.874465,31,13.422210,25,0.470870,26,12.791555,28,14.424368,24,0.476854,28,12.946535,27,14.159394,23,0.479511,26,13.136507,27,14.188691,23,0.481034,26,13.226219,26,14.175466,25,0.484500,24,12.835303,19,13.534991,23,0.467575,26,13.168057,23,15.005710,25,0.478746,27,12.792911,30,13.918649,24,0.479637,27,12.875243,29,13.939254,23,0.477147,27,12.634654,29,13.791596,24,0.475897,29,12.097464,29,13.245738,24,0.471255,26,12.682755,29,14.220391,23,0.465589,30,12.143354,31,13.951831,18,0.463284,30,12.099466,31,14.042223,18,0.460377,30,11.772500,31,13.804556,19,0.457525,30,11.538157,31,13.688349,26,0.470294,27,12.953941,28,14.728808,26,10,18,8,0
NYI,82,0.465950,27,11.097561,22,12.719512,28,0.499531,20,14.087545,17,14.059239,23,0.494722,24,14.024543,18,14.274298,26,0.500846,21,14.001227,16,13.914138,25,0.498422,23,13.300354,17,13.343844,24,0.473772,26,13.527330,19,15.016321,30,0.494434,24,13.870682,17,14.113449,26,0.489149,25,13.814958,20,14.366208,27,0.493979,24,13.743826,19,14.030012,26,0.492932,24,13.075673,21,13.402406,24,0.469982,27,13.187322,23,14.871432,29,0.480669,26,13.285064,25,14.259838,27,0.474099,29,13.248994,26,14.614402,29,0.475437,28,13.048739,27,14.342921,28,0.478109,29,12.468943,27,13.560546,25,0.458084,28,12.119790,32,14.416520,21,0.492727,24,13.547370,22,13.840906,22,0.490184,24,13.542228,22,13.986369,24,0.496772,21,13.575800,19,13.650155,19,0.496492,23,13.083662,20,13.177670,23,0.466939,28,12.983249,24,14.822045,29,0.497595,21,14.469398,10,14.618150,29,0.487232,27,14.320004,16,15.069600,29,0.488807,26,14.054980,15,14.733440,28,0.486340,26,13.060878,22,13.818576,27,0.474520,25,13.491672,21,14.945088,28,10,18,8,0
TOR,82,0.457158,28,10.865854,27,12.902439,30,0.522969,8,15.010063,7,13.645479,15,0.521607,10,15.025408,8,13.754079,18,0.521064,9,14.869636,7,13.642043,19,0.528280,8,14.152870,7,12.623713,14,0.466768,29,13.113998,26,14.966615,29,0.512669,14,14.610304,8,13.843316,19,0.511719,15,14.628465,9,13.928046,20,0.509446,16,14.371856,11,13.810619,22,0.519116,10,13.779637,9,12.748304,14,0.461268,29,13.046872,27,15.234816,30,0.491023,23,13.770175,16,14.259089,26,0.490939,24,13.794252,16,14.293655,25,0.485032,25,13.325726,22,14.164897,24,0.499856,12,12.995254,18,13.010144,11,0.450238,30,12.912234,25,15.772762,30,0.523720,7,15.070949,4,13.650048,17,0.522493,10,15.062437,5,13.722797,17,0.519331,11,14.677680,7,13.542319,16,0.522548,9,13.897244,7,12.672778,12,0.461689,29,12.964097,25,15.106667,30,0.496282,23,13.927195,19,14.129922,24,0.495742,22,13.984909,19,14.232420,25,0.494789,23,13.918336,18,14.208494,24,0.514026,13,13.605233,14,12.860306,10,0.460628,29,13.172789,26,15.429757,30,10,18,8,0
CGY,82,0.456790,29,10.829268,28,12.878049,29,0.516117,14,14.377842,13,13.437368,14,0.516745,15,14.496975,13,13.512963,14,0.511573,16,14.109346,15,13.447901,16,0.504473,21,13.237713,19,12.999686,19,0.478888,25,13.254470,23,14.427172,24,0.515263,11,14.246735,13,13.368552,9,0.515450,13,14.356000,13,13.457957,9,0.509526,15,13.953420,16,13.411782,13,0.501613,21,13.103330,20,13.008707,20,0.472173,25,13.103078,24,14.662410,27,0.512378,8,13.803660,15,13.135987,5,0.511072,9,13.879576,14,13.272066,7,0.502607,12,13.426467,20,13.289717,9,0.491945,20,12.649184,25,13.039193,13,0.454994,29,12.715716,27,15.264306,28,0.512818,15,14.183184,14,13.422356,14,0.512357,15,14.278410,13,13.533953,15,0.509102,15,14.036291,14,13.497463,15,0.500929,21,13.131945,19,13.066748,21,0.472777,25,13.105573,23,14.604440,27,0.518934,7,14.342104,14,13.287811,6,0.520090,7,14.472435,12,13.343914,6,0.510161,15,13.829059,19,13.283204,9,0.502638,20,13.060388,23,12.921607,11,0.471354,26,13.099693,27,14.741070,27,10,18,8,0
SEA,82,0.455605,30,10.012195,32,11.963415,16,0.499917,19,13.413423,26,13.396528,13,0.499135,21,13.456626,26,13.480866,13,0.495825,25,13.219882,24,13.416447,14,0.483586,27,12.294547,30,13.129457,22,0.436759,30,11.237005,32,14.513444,26,0.498691,22,13.211578,29,13.258457,7,0.497400,22,13.219099,29,13.334870,7,0.493577,25,12.987852,28,13.301808,10,0.482904,27,12.198890,30,13.063262,21,0.452789,30,11.722180,32,14.155129,20,0.495461,20,12.679585,31,12.894550,2,0.492828,21,12.593061,30,12.950076,3,0.487652,23,12.376303,30,12.999660,7,0.480876,27,11.914392,30,12.866389,10,0.488952,20,12.816741,26,13.346766,11,0.497314,21,12.923589,28,13.060017,8,0.494425,22,12.867026,30,13.161229,7,0.488594,25,12.621823,30,13.196626,11,0.480158,27,11.864698,30,12.850108,16,0.451318,30,11.553732,32,14.007972,20,0.500408,20,13.570366,24,13.505682,8,0.501107,20,13.657725,26,13.551199,9,0.499784,20,13.443867,27,13.432847,13,0.486133,27,12.591743,28,13.313832,24,0.454773,30,11.949550,31,14.353760,21,10,18,8,0
VAN,82,0.430816,31,10.365854,30,13.695122,31,0.513783,16,14.454229,11,13.663373,17,0.516032,16,14.619443,11,13.692215,17,0.514970,15,14.296790,13,13.455640,17,0.522499,10,13.778308,12,12.598367,11,0.433019,31,12.078734,30,15.791018,31,0.513741,12,14.450094,10,13.659823,16,0.516366,11,14.666979,8,13.712639,16,0.516629,10,14.416380,9,13.467481,17,0.523384,6,13.939250,6,12.695199,12,0.432624,31,12.200806,30,16.005811,31,0.513562,7,14.432314,5,13.644563,14,0.517801,5,14.871349,4,13.800449,14,0.523761,3,14.930541,2,13.518386,12,0.527187,3,14.631191,2,13.111513,14,0.431832,32,12.445735,30,16.436780,31,0.518947,12,14.472206,10,13.402904,11,0.521146,11,14.642486,9,13.429763,11,0.519445,10,14.250408,10,13.164065,10,0.522316,10,13.673008,11,12.510498,10,0.433641,31,12.170380,31,15.895003,31,0.504519,19,14.410918,13,14.115004,22,0.507897,17,14.710371,9,14.213805,24,0.511639,13,14.710431,6,14.005036,22,0.525275,7,14.410945,5,13.022430,16,0.431251,31,12.241905,30,16.155491,31,10,18,8,0
CHI,82,0.421212,32,10.170732,31,13.975610,32,0.443794,32,11.931467,32,14.912078,31,0.442826,32,11.862463,32,14.890478,31,0.439951,32,11.642527,32,14.826396,31,0.439084,32,11.410228,32,14.611652,31,0.418950,32,11.890714,31,16.555013,32,0.451361,32,12.139435,32,14.715292,31,0.448164,32,12.024545,32,14.765539,31,0.442489,32,11.679240,32,14.710295,31,0.437656,32,11.257145,32,14.481581,31,0.423922,32,12.121017,31,16.528376,32,0.474780,30,12.783102,29,14.106237,22,0.464686,31,12.526190,31,14.378849,27,0.450341,31,11.792866,32,14.350959,29,0.433236,32,10.783348,32,14.079006,30,0.434908,31,12.629844,28,16.469525,32,0.469998,31,12.698382,31,14.278703,29,0.465343,31,12.556387,31,14.385348,29,0.458169,31,12.039744,32,14.225246,29,0.448642,32,11.388226,32,14.000396,29,0.428456,32,12.264539,30,16.392596,32,0.417482,32,11.123378,32,15.508928,31,0.416937,32,11.057758,32,15.456652,31,0.413984,32,11.023912,32,15.592021,32,0.417687,32,11.018864,32,15.356282,31,0.417283,32,11.910859,32,16.727198,32,10,18,8,0
