rank,player_name,team,pos,GP,oz_faceoff_shifts,dz_faceoff_shifts,nz_faceoff_shifts,raw_metric,wilson_adjusted,score,player_id
1,Drew Doughty,LAK,D,264,769,699,791,0.21556,0.18831,10.0,8474563
2,Alex Pietrangelo,VGK,D,209,613,579,578,0.21639,0.18475,9.8,8474565
3,Jaccob Slavin,CAR,D,276,835,650,732,0.20217,0.17467,9.2,8476958
4,Darnell Nurse,EDM,D,320,817,813,910,0.20045,0.17573,9.2,8477498
5,Evan Bouchard,EDM,D,326,1021,678,791,0.19986,0.17347,9.1,8480803
6,Mikey Anderson,LAK,D,307,732,800,854,0.19808,0.17273,9.0,8479998
7,Mattias Ekholm,EDM,D,303,900,614,731,0.19678,0.16957,8.9,8475218
8,Brayden McNabb,VGK,D,310,788,730,837,0.19536,0.16991,8.9,8475188
9,Zach Werenski,CBJ,D,239,973,763,765,0.19712,0.17047,8.9,8478460
10,Dmitry Orlov,SJS,D,305,772,687,790,0.19301,0.167,8.7,8475200
11,Sean Durzi,UTA,D,238,658,543,604,0.19433,0.16475,8.6,8480434
12,Sean Walker,CAR,D,314,828,663,724,0.19276,0.16568,8.6,8480336
13,Josh Morrissey,WPG,D,315,1254,808,943,0.18948,0.16575,8.6,8477504
14,Erik Karlsson,PIT,D,321,1097,831,980,0.18601,0.16289,8.5,8474578
15,Trevor van Riemsdyk,WSH,D,295,648,656,723,0.19112,0.16412,8.5,8477845
16,Damon Severson,CBJ,D,289,794,753,786,0.18964,0.16377,8.5,8476923
17,Luke Hughes,NJD,D,223,688,513,607,0.19245,0.16306,8.5,8482684
18,Olen Zellweger,ANA,D,164,459,348,356,0.20153,0.16314,8.5,8482803
19,K'Andre Miller,CAR,D,305,836,745,890,0.18687,0.16262,8.4,8480817
20,Brett Pesce,NJD,D,261,794,640,712,0.18882,0.16177,8.4,8477488
21,Brent Burns,COL,D,327,921,772,824,0.18694,0.1618,8.4,8470613
22,Adam Larsson,SEA,D,326,1071,851,999,0.1853,0.16243,8.4,8476457
23,Quinn Hughes,MIN,D,302,1001,744,887,0.18663,0.16236,8.4,8480800
24,Ivan Provorov,CBJ,D,328,928,944,951,0.18584,0.1624,8.4,8478500
25,Ryker Evans,SEA,D,175,398,333,408,0.19713,0.16143,8.4,8482858
26,Shea Theodore,VGK,D,240,739,565,656,0.18937,0.16123,8.3,8477447
27,Alec Martinez,CHI,D,176,389,464,444,0.19465,0.1605,8.3,8474166
28,Matt Roy,WSH,D,311,732,738,760,0.18607,0.16,8.3,8478911
29,Mark Giordano,TOR,D,124,223,229,272,0.20452,0.16085,8.3,8470966
30,Vince Dunn,SEA,D,282,987,720,883,0.18393,0.15976,8.3,8478407
31,Brian Dumoulin,LAK,D,323,774,761,814,0.18502,0.15984,8.3,8475208
32,Parker Wotherspoon,PIT,D,188,389,459,485,0.19362,0.16091,8.3,8478450
33,Jacob Trouba,ANA,D,308,822,837,877,0.1822,0.15805,8.2,8476885
34,Alexander Edler,LAK,D,64,127,108,111,0.22616,0.15826,8.2,8471303
35,Zach Whitecloud,CGY,D,272,581,618,657,0.18685,0.15889,8.2,8480727
36,Bowen Byram,BUF,D,279,816,815,813,0.18417,0.15904,8.2,8481524
37,Mike Matheson,MTL,D,288,700,929,797,0.18397,0.15861,8.2,8476875
38,Thomas Harley,DAL,D,233,679,554,598,0.18781,0.15853,8.2,8481581
39,Brock Faber,MIN,D,242,781,826,866,0.18307,0.15873,8.2,8482122
40,Dante Fabbro,CBJ,D,277,660,617,670,0.18411,0.15659,8.1,8479371
41,John Carlson,ANA,D,271,863,724,741,0.18304,0.15686,8.1,8474590
42,Cody Ceci,LAK,D,326,707,827,865,0.18194,0.15766,8.1,8476879
43,Dougie Hamilton,NJD,D,243,760,491,673,0.1854,0.15785,8.1,8476462
44,Radko Gudas,ANA,D,275,582,706,659,0.18455,0.15679,8.1,8475462
45,Jared Spurgeon,MIN,D,240,644,691,626,0.18524,0.15676,8.1,8474716
46,Noah Hanifin,VGK,D,313,949,824,950,0.18068,0.15751,8.1,8478396
47,Donovan Sebrango,FLA,D,44,84,70,105,0.22691,0.15728,8.1,8482131
48,Alexandre Carrier,MTL,D,268,505,694,718,0.18229,0.15577,8.0,8478851
49,Mike Reilly,CAR,D,131,372,184,304,0.19618,0.15545,8.0,8476422
50,Rasmus Sandin,WSH,D,294,783,704,711,0.18291,0.15623,8.0,8480873
51,Kris Letang,PIT,D,294,877,719,914,0.1782,0.15475,8.0,8471724
52,Jakob Chychrun,WSH,D,284,888,665,731,0.18259,0.15627,8.0,8479345
53,Marcus Pettersson,VAN,D,309,756,919,930,0.17714,0.15394,7.9,8477969
54,Troy Stecher,TOR,D,265,467,558,540,0.18458,0.15412,7.9,8479442
55,J.J. Moser,TBL,D,295,697,811,816,0.17876,0.15399,7.9,8482655
56,Owen Power,BUF,D,315,1002,886,823,0.17937,0.15467,7.9,8482671
57,Niko Mikkola,FLA,D,307,802,716,884,0.17816,0.15434,7.9,8478859
58,Jake Walman,EDM,D,243,549,626,604,0.18211,0.15337,7.9,8478013
59,Tyler Tucker,STL,D,158,249,232,297,0.19485,0.15382,7.9,8481006
60,Jacob Moverare,LAK,D,90,122,119,169,0.20895,0.15446,7.9,8479421
61,Lane Hutson,MTL,D,166,517,298,433,0.18721,0.15327,7.9,8483457
62,Sam Rinzel,CHI,D,63,178,131,156,0.21024,0.15365,7.9,8483506
63,Ryan McDonagh,TBL,D,275,688,757,756,0.17864,0.15298,7.8,8474151
64,Roman Josi,NSH,D,270,1023,659,736,0.17904,0.15303,7.8,8474600
65,Martin Fehérváry,WSH,D,295,599,872,783,0.17654,0.15143,7.8,8480796
66,Vladislav Gavrikov,NYR,D,313,795,867,821,0.17639,0.15184,7.8,8478882
67,Jamie Oleksiak,SEA,D,317,603,910,794,0.1777,0.15268,7.8,8476467
68,Brendan Smith,CBJ,D,170,298,289,278,0.19392,0.15174,7.8,8474090
69,Scott Mayfield,NYI,D,269,489,549,602,0.18056,0.15189,7.8,8476429
70,Alexander Romanov,NYI,D,236,545,614,591,0.18087,0.15193,7.8,8481014
71,Dylan DeMelo,WPG,D,320,1068,799,925,0.17496,0.15183,7.8,8476331
72,Juuso Välimäki,UTA,D,189,424,449,489,0.18348,0.15169,7.8,8479976
73,Dylan Samberg,WPG,D,266,488,560,584,0.18162,0.15246,7.8,8480049
74,Jayden Struble,MTL,D,171,300,229,342,0.18997,0.15193,7.8,8481593
75,Simon Nemec,NJD,D,155,378,311,326,0.19132,0.15231,7.8,8483495
76,Jalen Chatfield,CAR,D,301,744,590,741,0.17635,0.1506,7.7,8478970
77,Samuel Girard,PIT,D,268,730,741,827,0.17522,0.15083,7.7,8479398
78,Jonas Siegenthaler,NJD,D,274,687,678,767,0.17531,0.15003,7.7,8478399
79,Jake Middleton,MIN,D,301,733,923,847,0.1746,0.15052,7.7,8478136
80,Ian Cole,UTA,D,319,651,696,700,0.17642,0.14997,7.7,8474013
81,Sebastian Aho,NYI,D,129,336,172,260,0.19376,0.15032,7.7,8480222
82,Jackson LaCombe,ANA,D,229,646,682,617,0.17804,0.14987,7.7,8481605
83,Victor Hedman,TBL,D,266,844,578,638,0.17698,0.14932,7.6,8475167
84,Brady Skjei,NSH,D,324,914,833,872,0.17291,0.14926,7.6,8476869
85,Arber Xhekaj,MTL,D,230,410,307,452,0.18097,0.14822,7.6,8482964
86,Kaiden Guhle,MTL,D,208,410,575,601,0.1778,0.1493,7.6,8482087
87,Johnathan Kovacevic,NJD,D,254,436,604,604,0.17697,0.1486,7.6,8480192
88,Josh Manson,COL,D,230,473,616,625,0.17728,0.14934,7.6,8476312
89,Cale Makar,COL,D,291,1197,716,919,0.17218,0.14915,7.6,8480069
90,Brandon Montour,SEA,D,290,872,778,813,0.17392,0.14942,7.6,8477986
91,Jonas Brodin,MIN,D,234,728,663,735,0.17432,0.14861,7.6,8476463
92,Brandt Clarke,LAK,D,184,505,340,409,0.18365,0.14913,7.6,8482730
93,Nate Schmidt,UTA,D,295,656,544,726,0.17429,0.14843,7.6,8477220
94,Justin Faulk,DET,D,298,847,813,747,0.17511,0.14954,7.6,8475753
95,Philip Broberg,STL,D,206,505,550,479,0.18141,0.14948,7.6,8481598
96,Sam Malinski,COL,D,180,353,401,417,0.18325,0.14907,7.6,8484258
97,Scott Morrow,NYR,D,45,94,76,88,0.22367,0.14923,7.6,8482666
98,Ian Moore,ANA,D,69,134,139,110,0.21631,0.14965,7.6,8482178
99,Braden Schneider,NYR,D,325,533,632,676,0.17382,0.14711,7.5,8482073
100,Mikhail Sergachev,UTA,D,267,858,705,805,0.17172,0.14725,7.5,8479410
101,Adam Fox,NYR,D,283,983,635,761,0.1731,0.14788,7.5,8479323
102,Jordan Harris,BOS,D,162,269,305,349,0.18519,0.14794,7.5,8480887
103,Devon Toews,COL,D,305,1215,832,1034,0.16972,0.14807,7.5,8478038
104,Jeff Petry,MIN,D,245,550,570,607,0.17493,0.14678,7.5,8473507
105,Rasmus Dahlin,BUF,D,309,1241,926,1103,0.16802,0.14711,7.5,8480839
106,Noah Dobson,MTL,D,308,865,733,744,0.17244,0.147,7.5,8480865
107,Miro Heiskanen,DAL,D,277,979,668,746,0.17295,0.1475,7.5,8480036
108,Moritz Seider,DET,D,328,737,1042,940,0.17024,0.14756,7.5,8481542
109,Cam York,PHI,D,276,756,707,893,0.16981,0.14661,7.5,8481546
110,Tyler Kleven,OTT,D,166,327,234,399,0.18117,0.14648,7.5,8482095
111,Jeremy Lauzon,VGK,D,242,409,536,571,0.17513,0.14616,7.4,8478468
112,Zac Jones,NYR,D,93,161,130,177,0.19791,0.14591,7.4,8481708
113,Hampus Lindholm,BOS,D,237,570,610,577,0.17356,0.14484,7.4,8476854
114,John Marino,UTA,D,253,601,600,731,0.17149,0.1459,7.4,8478507
115,Ryan Graves,PIT,D,231,414,532,519,0.17658,0.14618,7.4,8477435
116,Ben Chiarot,DET,D,316,763,952,917,0.16936,0.14647,7.4,8475279
117,Brenden Dillon,NJD,D,323,726,713,779,0.17126,0.14643,7.4,8475455
118,Nick Leddy,SJS,D,223,509,667,643,0.17273,0.14548,7.4,8475181
119,Matthew Schaefer,NYI,D,82,190,174,213,0.19217,0.1449,7.4,8485366
120,Mario Ferraro,SJS,D,310,720,922,867,0.16751,0.14413,7.3,8479983
121,Erik Cernak,TBL,D,276,585,701,772,0.1687,0.14394,7.3,8478416
122,Ryan Lindgren,SEA,D,286,806,700,676,0.1704,0.14394,7.3,8479324
123,Nick Jensen,OTT,D,287,614,743,758,0.16835,0.1434,7.3,8475324
124,Thomas Chabot,OTT,D,256,749,649,641,0.17102,0.14385,7.3,8478469
125,Esa Lindell,DAL,D,326,554,883,816,0.1679,0.14382,7.3,8476902
126,Nicolas Hague,NSH,D,285,639,651,702,0.16954,0.1436,7.3,8479980
127,Darren Raddysh,TBL,D,245,686,514,528,0.17315,0.14327,7.3,8478178
128,Connor Clifton,PIT,D,280,437,553,645,0.16998,0.14297,7.2,8477365
129,Jack Johnson,CBJ,D,204,284,430,431,0.17604,0.14299,7.2,8471677
130,Artem Zub,OTT,D,259,549,698,744,0.16718,0.14209,7.2,8482245
131,Nils Lundkvist,DAL,D,210,457,413,484,0.17435,0.14315,7.2,8480878
132,Colton Parayko,STL,D,301,754,1079,931,0.16502,0.14256,7.2,8476892
133,Jon Merrill,MIN,D,208,342,354,358,0.17817,0.14201,7.2,8475750
134,Jordan Spence,OTT,D,229,553,329,491,0.17311,0.14222,7.2,8481606
135,Alex Vlasic,CHI,D,245,618,828,767,0.16722,0.14248,7.2,8481568
136,Brett Kulak,COL,D,328,766,677,774,0.16533,0.14082,7.1,8476967
137,Travis Sanheim,PHI,D,325,922,934,1091,0.1612,0.14057,7.1,8477948
138,Tony DeAngelo,NYI,D,212,576,478,520,0.17115,0.14122,7.1,8477950
139,Mathew Dumba,PIT,D,229,512,568,587,0.16928,0.14112,7.1,8476856
140,Samuel Bolduc,NYI,D,52,110,77,108,0.20668,0.14103,7.1,8481541
141,Michael Kesselring,BUF,D,190,486,392,466,0.17258,0.14098,7.1,8480891
142,Maxwell Crozier,TBL,D,53,109,97,87,0.21466,0.14144,7.1,8481719
143,Denton Mateychuk,CBJ,D,120,290,281,287,0.18149,0.1412,7.1,8483485
144,Alec Regula,EDM,D,33,59,43,66,0.22323,0.13962,7.0,8480831
145,Mattias Samuelsson,BUF,D,236,647,724,732,0.16417,0.1391,7.0,8480807
146,Rasmus Andersson,VGK,D,319,1098,974,992,0.16089,0.13934,7.0,8478397
147,Simon Edvinsson,DET,D,175,427,500,462,0.17086,0.13928,7.0,8482762
148,David Savard,MTL,D,197,415,450,501,0.16677,0.13669,6.9,8475233
149,Adam Pelech,NYI,D,261,643,770,707,0.16195,0.13663,6.9,8476917
150,Calen Addison,SJS,D,134,286,268,229,0.18287,0.13817,6.9,8480884
151,Filip Hronek,VAN,D,287,827,733,804,0.16212,0.13826,6.9,8479425
152,Tyler Myers,DAL,D,299,623,812,854,0.15979,0.13674,6.9,8474574
153,Justin Barron,NSH,D,200,510,382,508,0.16807,0.13807,6.9,8482111
154,Ilya Solovyov,PIT,D,45,75,76,99,0.20537,0.13752,6.9,8482470
155,Declan Carlile,TBL,D,46,93,82,88,0.21014,0.13806,6.9,8483398
156,Calvin de Haan,NYR,D,159,225,298,335,0.17261,0.13592,6.8,8475177
157,Shayne Gostisbehere,CAR,D,281,745,533,653,0.16254,0.13623,6.8,8476906
158,Henri Jokiharju,BOS,D,235,672,663,661,0.16239,0.13624,6.8,8480035
159,Jake Sanderson,OTT,D,303,710,774,849,0.15848,0.13546,6.8,8482105
160,Ryan Suter,STL,D,246,591,606,580,0.16309,0.13525,6.8,8470600
161,Colin Miller,WPG,D,202,472,335,410,0.16836,0.13526,6.8,8476525
162,Kaedan Korczak,VGK,D,154,306,286,368,0.17074,0.13575,6.8,8481527
163,Uvis Balinskis,FLA,D,156,369,255,373,0.171,0.13619,6.8,8484304
164,Hunter Brzustewicz,CGY,D,34,72,46,70,0.21665,0.13628,6.8,8484150
165,Connor Murphy,EDM,D,273,442,750,733,0.15846,0.13382,6.7,8476473
166,Jacob Bryson,WPG,D,193,306,335,404,0.16825,0.13493,6.7,8480196
167,Ryan Pulock,NYI,D,290,682,831,802,0.15783,0.13424,6.7,8477506
168,Neal Pionk,WPG,D,284,691,721,756,0.15798,0.13372,6.7,8480145
169,Jake McCabe,TOR,D,295,572,773,793,0.15754,0.13384,6.7,8476931
170,Brandon Carlo,TOR,D,289,426,770,695,0.15814,0.1329,6.6,8478443
171,John Klingberg,SJS,D,147,438,382,380,0.16739,0.13322,6.6,8475906
172,Matt Grzelcyk,CHI,D,289,839,638,694,0.15802,0.13278,6.6,8476891
173,Charlie McAvoy,BOS,D,260,902,616,638,0.15942,0.13306,6.6,8479325
174,Scott Perunovich,NYI,D,89,187,117,143,0.18882,0.13314,6.6,8481059
175,Alexander Nikishin,CAR,D,81,231,141,212,0.17822,0.13257,6.6,8482100
176,Gustav Forsling,FLA,D,321,948,841,915,0.15191,0.13011,6.5,8478055
177,Aaron Ekblad,FLA,D,250,707,640,668,0.15726,0.13162,6.5,8477932
178,Nikita Zadorov,BOS,D,319,776,753,831,0.15464,0.13165,6.5,8477507
179,Olli Määttä,CGY,D,269,601,571,692,0.15628,0.13113,6.5,8476874
180,Jacob Bernard-Docker,DET,D,194,411,389,423,0.16349,0.1313,6.5,8480879
181,Vincent Desharnais,SJS,D,218,377,397,452,0.16213,0.13102,6.5,8479576
182,Dakota Mermis,TOR,D,64,97,87,96,0.1987,0.13117,6.5,8477541
183,Matthew Kessel,STL,D,99,181,157,197,0.17777,0.1307,6.5,8482516
184,Seth Jones,FLA,D,254,793,737,746,0.15292,0.12887,6.4,8477495
185,Kevin Shattenkirk,BOS,D,136,308,312,301,0.16668,0.12883,6.4,8474031
186,Carson Soucy,NYI,D,269,530,536,589,0.15608,0.12901,6.4,8477369
187,Will Borgen,NYR,D,323,550,839,785,0.15348,0.12996,6.4,8478840
188,Marc Staal,PHI,D,117,289,252,271,0.1696,0.12961,6.4,8471686
189,Joshua Mahura,SEA,D,199,383,308,437,0.1609,0.12943,6.4,8479372
190,MacKenzie Weegar,UTA,D,322,1087,895,1025,0.14894,0.12845,6.4,8477346
191,Gustav Lindstrom,ANA,D,82,152,169,201,0.17518,0.12886,6.4,8480184
192,Kevin Bahl,CGY,D,273,695,734,767,0.15258,0.12887,6.4,8480860
193,Zach Bogosian,MIN,D,233,439,473,440,0.16111,0.12972,6.4,8474567
194,Wyatt Kaiser,CHI,D,175,424,414,459,0.15969,0.12902,6.4,8482176
195,Pavel Mintyukov,ANA,D,203,483,527,459,0.15924,0.12861,6.4,8483490
196,Dmitry Kulikov,FLA,D,232,623,534,609,0.15384,0.12736,6.3,8475179
197,Ilya Lyubushkin,DAL,D,275,445,615,625,0.15326,0.12714,6.3,8480950
198,Urho Vaakanainen,NYR,D,176,271,400,366,0.1615,0.12735,6.3,8480001
199,Lian Bichsel,DAL,D,88,136,175,167,0.17738,0.1269,6.3,8483425
200,Axel Sandin-Pellikka,DET,D,68,151,131,127,0.185,0.12707,6.3,8484223
201,Jaycob Megna,VGK,D,110,253,226,265,0.16535,0.12547,6.2,8477034
202,Andrew Peeke,BOS,D,271,566,722,613,0.15221,0.12595,6.2,8479369
203,Cam Fowler,STL,D,312,935,947,809,0.14822,0.1254,6.2,8475764
204,Kyle Burroughs,LAK,D,154,313,370,316,0.16286,0.12624,6.2,8477335
205,Simon Benoit,TOR,D,293,367,698,656,0.15151,0.12611,6.2,8481122
206,Nick Perbix,NSH,D,298,663,611,674,0.15138,0.1263,6.2,8480246
207,Joel Edmundson,LAK,D,268,722,631,707,0.14993,0.12551,6.2,8476441
208,Alexander Petrovic,DAL,D,60,91,132,115,0.1876,0.12678,6.2,8475755
209,Marc-Edouard Vlasic,SJS,D,162,260,433,379,0.15825,0.12496,6.1,8471709
210,TJ Brodie,CHI,D,190,463,435,462,0.15489,0.12476,6.1,8474673
211,Tyson Barrie,CGY,D,139,305,286,312,0.16155,0.12487,6.1,8475197
212,Nick Seeler,PHI,D,305,699,593,617,0.15012,0.12411,6.1,8476372
213,Torey Krug,STL,D,140,460,308,326,0.16081,0.12492,6.1,8476792
214,Jacob MacDonald,SJS,D,92,96,166,141,0.17811,0.12375,6.1,8479439
215,Daniil Miromanov,CGY,D,83,231,225,244,0.16608,0.12464,6.1,8482624
216,Mark Friedman,VAN,D,51,106,74,99,0.18918,0.12421,6.1,8478017
217,Kevin Korchinski,CHI,D,105,281,207,234,0.16708,0.12475,6.1,8483466
218,Ryan Shea,PIT,D,150,244,311,327,0.1594,0.12371,6.1,8478854
219,Mason Lohrei,BOS,D,191,481,340,436,0.15462,0.12371,6.1,8482511
220,Ben Hutton,VGK,D,138,311,180,275,0.16113,0.1224,6.0,8477018
221,Erik Gustafsson,DET,D,208,540,326,422,0.1534,0.12215,6.0,8476979
222,Erik Gudbranson,CBJ,D,201,502,602,560,0.15055,0.12331,6.0,8475790
223,Justin Schultz,SEA,D,143,379,269,318,0.15869,0.12264,6.0,8474602
224,Conor Timmins,BUF,D,159,322,303,346,0.15758,0.12298,6.0,8479982
225,Rasmus Ristolainen,PHI,D,212,461,552,483,0.15231,0.12302,6.0,8477499
226,Dennis Cholowski,NJD,D,58,79,68,75,0.1962,0.12211,6.0,8479395
227,Declan Chisholm,WSH,D,123,248,240,255,0.16213,0.12196,6.0,8480990
228,Yan Kuznetsov,CGY,D,58,165,143,190,0.16997,0.12323,6.0,8482165
229,Justin Holl,STL,D,199,396,395,418,0.15209,0.12085,5.9,8475718
230,Jani Hakanpää,TOR,D,148,182,348,316,0.15626,0.12038,5.9,8475825
231,Joel Hanley,CGY,D,189,426,351,410,0.153,0.12138,5.9,8477810
232,Timothy Liljegren,WSH,D,238,596,573,587,0.14688,0.12054,5.9,8480043
233,Spencer Stastney,EDM,D,117,211,215,244,0.16152,0.12065,5.9,8481056
234,Ty Emberson,EDM,D,177,293,337,333,0.15632,0.12126,5.9,8480834
235,Emil Lilleberg,TBL,D,163,324,324,361,0.15544,0.12172,5.9,8482929
236,Albert Johansson,DET,D,143,328,312,288,0.15897,0.12127,5.9,8481607
237,Luke Schenn,BUF,D,259,419,514,609,0.14568,0.11988,5.8,8474568
238,Nick Blankenburg,COL,D,168,386,370,378,0.15202,0.11933,5.8,8483565
239,Patrik Nemeth,UTA,D,75,118,203,185,0.16669,0.11988,5.8,8475747
240,Alexander Alexeyev,WSH,D,79,128,151,154,0.17015,0.11901,5.8,8480823
241,Drew Helleson,ANA,D,119,298,269,285,0.15708,0.11943,5.8,8481563
242,Nikolas Matinpalo,OTT,D,95,143,139,229,0.1608,0.11888,5.8,8484321
243,Louis Crevier,CHI,D,134,211,397,366,0.15344,0.12013,5.8,8481806
244,Zeev Buium,VAN,D,75,226,148,153,0.17021,0.11891,5.8,8484798
245,Jamie Drysdale,PHI,D,190,528,380,474,0.14711,0.11806,5.7,8482142
246,Matthew Robertson,NYR,D,74,128,135,149,0.16971,0.11792,5.7,8481525
247,Zach Metsa,BUF,D,43,65,75,82,0.18853,0.11856,5.7,8484305
248,Tobias Bjornfot,FLA,D,47,88,81,98,0.17956,0.11613,5.6,8481600
249,Tim Berni,CBJ,D,59,126,169,161,0.16534,0.1159,5.6,8481072
250,Charle-Edouard D'Astous,TBL,D,70,169,159,200,0.15963,0.11535,5.6,8480426
251,Morgan Rielly,TOR,D,297,911,646,678,0.13789,0.11397,5.5,8476853
252,Oliver Ekman-Larsson,TOR,D,289,775,651,753,0.13695,0.11423,5.5,8475171
253,Cale Fleury,SEA,D,49,88,83,97,0.17823,0.11479,5.5,8479985
254,Erik Johnson,COL,D,166,286,316,342,0.1467,0.11313,5.4,8473446
255,Ethan Del Mastro,CHI,D,45,69,111,107,0.17333,0.11328,5.4,8482807
256,Jan Rutta,SJS,D,180,331,440,416,0.14155,0.11132,5.3,8480172
257,Noah Juulsen,PHI,D,153,293,286,291,0.14642,0.11041,5.3,8478454
258,Dennis Gilbert,OTT,D,94,151,105,144,0.16202,0.11076,5.3,8478502
259,William Lagesson,DET,D,47,69,64,92,0.17632,0.1119,5.3,8478021
260,Haydn Fleury,WPG,D,129,170,227,230,0.14957,0.10925,5.2,8477938
261,Adam Boqvist,NYI,D,144,391,248,286,0.14628,0.11001,5.2,8480871
262,Kurtis MacDermid,OTT,D,131,103,101,126,0.16424,0.10968,5.2,8477073
263,Pierre-Olivier Joseph,VAN,D,205,372,340,432,0.13813,0.10877,5.2,8480058
264,Egor Zamula,CBJ,D,176,304,275,317,0.1444,0.10996,5.2,8481178
265,Nick Holden,OTT,D,65,113,112,140,0.16145,0.10969,5.2,8474207
266,Logan Stanley,BUF,D,183,261,327,372,0.14203,0.11021,5.2,8479378
267,Robert Bortuzzo,UTA,D,87,142,134,153,0.15993,0.1103,5.2,8474145
268,Ian Mitchell,BOS,D,63,123,109,114,0.167,0.10965,5.2,8480070
269,Adam Wilsby,NSH,D,80,155,205,203,0.1517,0.10885,5.2,8482482
270,Artyom Levshunov,CHI,D,86,260,177,189,0.15368,0.10921,5.2,8484783
271,Derek Forbort,VAN,D,145,203,324,321,0.14176,0.10783,5.1,8475762
272,Erik Brannstrom,VAN,D,178,403,295,363,0.13925,0.1074,5.1,8480073
273,Nick DeSimone,UTA,D,97,200,138,184,0.15278,0.10794,5.1,8480084
274,Emil Andrae,PHI,D,107,238,170,204,0.14976,0.10729,5.1,8482126
275,Marc Del Gaizo,NSH,D,55,108,107,140,0.15949,0.10806,5.1,8481743
276,Sam Dickinson,SJS,D,71,149,149,155,0.15712,0.10821,5.1,8484806
277,Radim Simek,SJS,D,44,67,122,82,0.17277,0.10611,5.0,8480160
278,Alex Goligoski,MIN,D,82,178,181,180,0.15048,0.10559,5.0,8471274
279,Caleb Jones,PIT,D,111,209,236,226,0.14633,0.10616,5.0,8478452
280,David Jiricek,PHI,D,85,180,147,167,0.15252,0.10586,5.0,8483460
281,Jake Christiansen,CBJ,D,144,229,219,236,0.14641,0.10698,5.0,8481161
282,Henry Thrun,TOR,D,124,288,360,280,0.14001,0.10422,4.9,8481567
283,Jonathan Aspirot,BOS,D,61,121,141,146,0.15331,0.10383,4.9,8481219
284,Jordan Oesterle,NSH,D,112,235,189,234,0.14112,0.1023,4.8,8477851
285,Andreas Englund,NSH,D,167,242,248,321,0.13695,0.10361,4.8,8477971
286,Joshua Brown,EDM,D,129,238,322,265,0.1375,0.10119,4.7,8477384
287,Travis Hamonic,DET,D,208,422,450,459,0.12979,0.10209,4.7,8474612
288,Chris Tanev,TOR,D,226,456,613,667,0.12381,0.10095,4.7,8475690
289,Travis Dermott,MIN,D,80,140,192,193,0.14398,0.1014,4.7,8478408
290,Jack St. Ivany,PIT,D,53,88,117,94,0.16289,0.10177,4.7,8481030
291,Elias Pettersson,VAN,D,97,157,166,199,0.14255,0.10073,4.7,8483678
292,Dmitri Simashev,UTA,D,27,69,58,70,0.17271,0.10186,4.7,8484386
293,Kale Clague,BUF,D,36,87,65,72,0.16867,0.09952,4.6,8479348
294,Ethan Bear,WSH,D,85,209,164,217,0.13983,0.09992,4.6,8478451
295,Brayden Pachal,CGY,D,174,344,250,327,0.13129,0.09893,4.6,8481167
296,Nikita Okhotiuk,CGY,D,62,116,146,113,0.15488,0.09965,4.6,8481537
297,Victor Soderstrom,BOS,D,41,82,74,106,0.15601,0.09912,4.6,8481599
298,Cal Foote,NJD,D,54,76,89,88,0.15933,0.09738,4.5,8479984
299,Kyle Capobianco,DAL,D,48,75,65,65,0.17091,0.09847,4.5,8478476
300,Daemon Hunt,MIN,D,45,61,78,84,0.16144,0.09789,4.5,8482094
301,Oliver Kylington,ANA,D,52,121,94,118,0.1509,0.0974,4.5,8478430
302,Logan Mailloux,STL,D,74,177,131,149,0.14584,0.09808,4.5,8482733
303,Jake Bean,CGY,D,166,398,316,347,0.12697,0.09597,4.4,8479402
304,Chris Wideman,MTL,D,46,108,54,108,0.1518,0.09619,4.4,8475227
305,Ryan Johnson,BUF,D,47,100,75,88,0.15895,0.09709,4.4,8481564
306,Jarred Tinordi,CHI,D,96,115,235,216,0.13345,0.09444,4.3,8475797
307,Chad Ruhwedel,NYR,D,104,126,166,150,0.14097,0.09422,4.3,8477244
308,Ben Harpur,NYR,D,42,79,71,79,0.15962,0.09497,4.3,8477433
309,Shakir Mukhamadullin,SJS,D,83,170,235,226,0.13337,0.09512,4.3,8482166
310,Tom Willander,VAN,D,69,135,146,151,0.14107,0.09443,4.3,8484240
311,Marco Scandella,STL,D,85,125,146,170,0.13628,0.09268,4.2,8474618
312,Riley Stillman,EDM,D,59,105,87,126,0.14121,0.09099,4.1,8479388
313,Nikita Zaitsev,CHI,D,84,189,168,186,0.13208,0.09079,4.1,8479458
314,Colton White,NJD,D,69,108,134,132,0.14111,0.09184,4.1,8478841
315,Gavin Bayreuther,CBJ,D,51,116,111,90,0.15081,0.0913,4.1,8479945
316,Vladislav Kolyachonok,BOS,D,55,89,86,90,0.15087,0.09135,4.1,8481609
317,Matt Benning,TOR,D,99,137,275,239,0.12568,0.08949,4.0,8476988
318,Jack Thompson,SJS,D,34,82,66,61,0.16243,0.09045,4.0,8482144
319,Joel Nystrom,CAR,D,38,116,63,102,0.14463,0.08929,4.0,8482911
320,Nathan Beaulieu,ANA,D,52,67,124,100,0.14381,0.08822,3.9,8476470
321,Calle Rosen,STL,D,55,115,81,110,0.13863,0.08618,3.8,8480157
322,Isaiah George,NYI,D,37,60,66,66,0.1545,0.08663,3.8,8483448
323,Connor Mackey,NYR,D,36,65,69,82,0.14547,0.08508,3.7,8482067
324,Vincent Iorio,NYR,D,36,56,48,74,0.14766,0.08434,3.7,8482861
325,Matt Irwin,WSH,D,61,65,98,77,0.14514,0.08339,3.6,8475625
326,Dylan McIlrath,WSH,D,39,55,72,81,0.14135,0.0817,3.5,8475795
327,Ville Heinola,WPG,D,32,36,44,54,0.14892,0.07757,3.3,8481572
328,Philippe Myers,TOR,D,91,152,137,161,0.11659,0.07572,3.1,8479026
329,Robert Hagg,VGK,D,45,91,77,91,0.12936,0.07519,3.1,8477462
330,Isaak Phillips,WPG,D,55,101,129,121,0.12191,0.07498,3.1,8482192
331,Justin Braun,PHI,D,51,118,112,110,0.12316,0.07418,3.0,8474027
332,Marcus Bjork,CBJ,D,33,71,89,64,0.13641,0.07277,3.0,8483620
333,Keaton Middleton,COL,D,44,40,56,78,0.13108,0.07326,3.0,8479387
334,Brad Hunt,COL,D,47,54,50,81,0.12521,0.06974,2.8,8476779
335,Nolan Allan,CHI,D,43,69,95,89,0.12318,0.07013,2.8,8482700
336,Michael Stone,CGY,D,48,109,69,80,0.12148,0.06677,2.6,8474628
337,Victor Mancini,VAN,D,55,105,94,83,0.11265,0.06112,2.2,8483768
338,Kevin Gravel,NSH,D,29,40,49,55,0.11919,0.05761,2.0,8475857
339,Scott Harrington,ANA,D,45,103,122,109,0.09944,0.0562,1.9,8476449
340,Guillaume Brisebois,VAN,D,20,35,52,50,0.10605,0.04724,1.4,8478465
341,Elias Salomonsson,WPG,D,32,81,81,59,0.09887,0.04562,1.3,8483510
342,Dylan Coghlan,VGK,D,27,51,38,51,0.09367,0.03993,1.0,8479639
343,Owen Pickering,PIT,D,29,39,58,57,0.06416,0.02424,0.0,8483503
