goalie_id,goalie_name,n_seasons,path,stability
8470594,Marc-Andre Fleury,2,volatile -> middle,CHANGED
8471734,Jonathan Quick,3,below_average -> below_average -> below_average,STABLE
8474593,Jacob Markstrom,4,below_average -> true_elite -> below_average -> middle,CHANGED
8474596,Jake Allen,4,below_average -> volatile -> volatile -> below_average,CHANGED
8475311,Darcy Kuemper,4,middle -> below_average -> true_elite -> quiet_consistent,CHANGED
8475660,Cam Talbot,4,below_average -> below_average -> true_elite -> middle,CHANGED
8475683,Sergei Bobrovsky,4,middle -> middle -> quiet_consistent -> below_average,CHANGED
8475809,Scott Wedgewood,2,middle -> quiet_consistent,CHANGED
8475831,Philipp Grubauer,4,middle -> volatile -> below_average -> middle,CHANGED
8475852,Petr Mrazek,3,below_average -> true_elite -> below_average,CHANGED
8475883,Frederik Andersen,2,middle -> below_average,CHANGED
8476341,Anton Forsberg,4,volatile -> middle -> below_average -> true_elite,CHANGED
8476412,Jordan Binnington,4,volatile -> middle -> middle -> middle,CHANGED
8476434,John Gibson,4,middle -> true_elite -> middle -> true_elite,CHANGED
8476883,Andrei Vasilevskiy,4,middle -> below_average -> middle -> middle,CHANGED
8476914,Joonas Korpisalo,4,quiet_consistent -> middle -> middle -> middle,CHANGED
8476945,Connor Hellebuyck,4,middle -> true_elite -> true_elite -> quiet_consistent,CHANGED
8476999,Linus Ullmark,4,quiet_consistent -> true_elite -> volatile -> below_average,CHANGED
8477424,Juuse Saros,4,true_elite -> middle -> middle -> below_average,CHANGED
8477465,Tristan Jarry,4,below_average -> volatile -> volatile -> middle,CHANGED
8477967,Thatcher Demko,2,middle -> true_elite,CHANGED
8477968,Alex Nedeljkovic,3,middle -> below_average -> middle,CHANGED
8477970,Vitek Vanecek,3,volatile -> below_average -> middle,CHANGED
8477992,Jonas Johansson,2,below_average -> middle,CHANGED
8478007,Elvis Merzlikins,4,below_average -> below_average -> middle -> volatile,CHANGED
8478009,Ilya Sorokin,4,true_elite -> middle -> true_elite -> middle,CHANGED
8478039,Kaapo Kahkonen,2,below_average -> true_elite,CHANGED
8478048,Igor Shesterkin,4,true_elite -> middle -> middle -> true_elite,CHANGED
8478406,Mackenzie Blackwood,3,middle -> middle -> middle,STABLE
8478435,Dan Vladar,3,middle -> quiet_consistent -> quiet_consistent,CHANGED
8478470,Samuel Montembeault,3,true_elite -> true_elite -> middle,CHANGED
8478492,Ilya Samsonov,3,true_elite -> middle -> middle,CHANGED
8478499,Adin Hill,4,middle -> middle -> quiet_consistent -> below_average,CHANGED
8478872,Karel Vejmelka,4,middle -> below_average -> middle -> middle,CHANGED
8478916,Joey Daccord,3,quiet_consistent -> middle -> middle,CHANGED
8478971,Connor Ingram,3,volatile -> middle -> middle,CHANGED
8479193,Casey DeSmith,4,middle -> middle -> true_elite -> quiet_consistent,CHANGED
8479292,Charlie Lindgren,3,volatile -> middle -> below_average,CHANGED
8479312,Alex Lyon,3,middle -> below_average -> middle,CHANGED
8479361,Joseph Woll,3,middle -> middle -> middle,STABLE
8479394,Carter Hart,2,volatile -> middle,CHANGED
8479406,Filip Gustavsson,4,volatile -> below_average -> true_elite -> quiet_consistent,CHANGED
8479496,David Rittich,2,middle -> middle,STABLE
8479973,Stuart Skinner,4,middle -> true_elite -> below_average -> middle,CHANGED
8479979,Jake Oettinger,4,middle -> middle -> below_average -> middle,CHANGED
8480045,Ukko-Pekka Luukkonen,4,below_average -> true_elite -> middle -> true_elite,CHANGED
8480280,Jeremy Swayman,4,true_elite -> true_elite -> middle -> true_elite,CHANGED
8480313,Logan Thompson,4,quiet_consistent -> middle -> true_elite -> true_elite,CHANGED
8480382,Alexandar Georgiev,3,true_elite -> middle -> below_average,CHANGED
8480843,Lukas Dostal,3,quiet_consistent -> middle -> middle,CHANGED
8480947,Kevin Lankinen,2,volatile -> quiet_consistent,CHANGED
8480981,Joel Hofer,3,middle -> middle -> middle,STABLE
8481020,Justus Annunen,2,middle -> middle,STABLE
8481035,Samuel Ersson,3,middle -> middle -> below_average,CHANGED
8481519,Spencer Knight,2,true_elite -> middle,CHANGED
8481611,Pyotr Kochetkov,2,middle -> middle,STABLE
8481692,Dustin Wolf,2,middle -> middle,STABLE
8482821,Arvid Soderblom,3,volatile -> below_average -> below_average,CHANGED
