rank,player_name,team,pos,GP_in_scope,ES_TOI_in_scope,raw_score,scope_label
1,Quinn Hughes,MIN,D,142,589.5,10.0,2024-25 + 2025-26 regular pool
2,Brayden McNabb,VGK,D,146,480.4,9.8,2024-25 + 2025-26 regular pool
3,Alexander Romanov,NYI,D,79,271.1,9.6,2024-25 + 2025-26 regular pool
4,Niko Mikkola,FLA,D,144,476.5,9.6,2024-25 + 2025-26 regular pool
5,Zach Werenski,CBJ,D,156,688.3,9.6,2024-25 + 2025-26 regular pool
6,Scott Mayfield,NYI,D,146,368.5,9.2,2024-25 + 2025-26 regular pool
7,Jakob Chychrun,WSH,D,154,492.2,9.1,2024-25 + 2025-26 regular pool
8,Sam Rinzel,CHI,D,63,180.6,9.1,2024-25 + 2025-26 regular pool
9,Shea Theodore,VGK,D,138,445.2,9.1,2024-25 + 2025-26 regular pool
10,Matthew Schaefer,NYI,D,82,282.7,9.0,2024-25 + 2025-26 regular pool
11,Sean Durzi,UTA,D,90,270.1,9.0,2024-25 + 2025-26 regular pool
12,Darnell Nurse,EDM,D,157,572.4,9.0,2024-25 + 2025-26 regular pool
13,Noah Hanifin,VGK,D,152,552.4,9.0,2024-25 + 2025-26 regular pool
14,Simon Nemec,NJD,D,95,243.2,9.0,2024-25 + 2025-26 regular pool
15,Sean Walker,CAR,D,163,507.7,9.0,2024-25 + 2025-26 regular pool
16,Darren Raddysh,TBL,D,146,392.1,9.0,2024-25 + 2025-26 regular pool
17,Scott Morrow,NYR,D,43,120.0,8.9,2024-25 + 2025-26 regular pool
18,Josh Morrissey,WPG,D,156,559.5,8.9,2024-25 + 2025-26 regular pool
19,Ryker Evans,SEA,D,139,420.1,8.9,2024-25 + 2025-26 regular pool
20,Evan Bouchard,EDM,D,163,518.5,8.8,2024-25 + 2025-26 regular pool
21,J.J. Moser,TBL,D,133,409.7,8.8,2024-25 + 2025-26 regular pool
22,Alexander Nikishin,CAR,D,81,244.6,8.8,2024-25 + 2025-26 regular pool
23,Jonas Brodin,MIN,D,112,392.3,8.8,2024-25 + 2025-26 regular pool
24,Jaccob Slavin,CAR,D,119,377.0,8.8,2024-25 + 2025-26 regular pool
25,Nate Schmidt,UTA,D,161,445.5,8.7,2024-25 + 2025-26 regular pool
26,Dougie Hamilton,NJD,D,141,447.3,8.7,2024-25 + 2025-26 regular pool
27,Neal Pionk,WPG,D,120,369.6,8.7,2024-25 + 2025-26 regular pool
28,Tyler Myers,DAL,D,144,424.2,8.7,2024-25 + 2025-26 regular pool
29,Denton Mateychuk,CBJ,D,120,378.6,8.7,2024-25 + 2025-26 regular pool
30,Adam Larsson,SEA,D,163,556.3,8.7,2024-25 + 2025-26 regular pool
31,Vince Dunn,SEA,D,142,501.3,8.5,2024-25 + 2025-26 regular pool
32,Brock Faber,MIN,D,158,642.1,8.5,2024-25 + 2025-26 regular pool
33,Zach Whitecloud,CGY,D,152,495.4,8.5,2024-25 + 2025-26 regular pool
34,Mike Reilly,CAR,D,60,165.0,8.5,2024-25 + 2025-26 regular pool
35,Ian Cole,UTA,D,163,382.0,8.5,2024-25 + 2025-26 regular pool
36,Tony DeAngelo,NYI,D,111,322.0,8.5,2024-25 + 2025-26 regular pool
37,Uvis Balinskis,FLA,D,130,339.6,8.4,2024-25 + 2025-26 regular pool
38,Donovan Sebrango,FLA,D,44,127.6,8.4,2024-25 + 2025-26 regular pool
39,Olen Zellweger,ANA,D,138,336.2,8.4,2024-25 + 2025-26 regular pool
40,Brandt Clarke,LAK,D,159,452.0,8.4,2024-25 + 2025-26 regular pool
41,Ilya Solovyov,PIT,D,35,81.2,8.4,2024-25 + 2025-26 regular pool
42,Dmitry Orlov,SJS,D,157,563.1,8.3,2024-25 + 2025-26 regular pool
43,Erik Karlsson,PIT,D,157,531.8,8.3,2024-25 + 2025-26 regular pool
44,Declan Carlile,TBL,D,45,113.3,8.3,2024-25 + 2025-26 regular pool
45,Kaedan Korczak,VGK,D,118,333.4,8.3,2024-25 + 2025-26 regular pool
46,Thomas Harley,DAL,D,148,505.4,8.3,2024-25 + 2025-26 regular pool
47,Lian Bichsel,DAL,D,88,213.7,8.3,2024-25 + 2025-26 regular pool
48,Mattias Ekholm,EDM,D,146,457.5,8.3,2024-25 + 2025-26 regular pool
49,Jared Spurgeon,MIN,D,145,427.5,8.3,2024-25 + 2025-26 regular pool
50,Spencer Stastney,EDM,D,89,226.0,8.3,2024-25 + 2025-26 regular pool
51,John Carlson,ANA,D,149,420.9,8.3,2024-25 + 2025-26 regular pool
52,Alexander Petrovic,DAL,D,59,151.3,8.3,2024-25 + 2025-26 regular pool
53,Lane Hutson,MTL,D,164,547.6,8.3,2024-25 + 2025-26 regular pool
54,Brenden Dillon,NJD,D,164,425.2,8.3,2024-25 + 2025-26 regular pool
55,Philip Broberg,STL,D,148,455.4,8.2,2024-25 + 2025-26 regular pool
56,Matthew Robertson,NYR,D,74,172.7,8.2,2024-25 + 2025-26 regular pool
57,Jamie Oleksiak,SEA,D,160,459.4,8.2,2024-25 + 2025-26 regular pool
58,Dylan DeMelo,WPG,D,163,583.4,8.2,2024-25 + 2025-26 regular pool
59,Drew Doughty,LAK,D,101,366.4,8.1,2024-25 + 2025-26 regular pool
60,Sam Malinski,COL,D,157,433.6,8.1,2024-25 + 2025-26 regular pool
61,Brett Kulak,COL,D,164,520.7,8.1,2024-25 + 2025-26 regular pool
62,Jonas Siegenthaler,NJD,D,137,481.1,8.1,2024-25 + 2025-26 regular pool
63,Zach Metsa,BUF,D,43,93.9,8.0,2024-25 + 2025-26 regular pool
64,Radko Gudas,ANA,D,137,363.8,8.0,2024-25 + 2025-26 regular pool
65,Jackson LaCombe,ANA,D,156,500.7,8.0,2024-25 + 2025-26 regular pool
66,Sam Dickinson,SJS,D,71,209.9,8.0,2024-25 + 2025-26 regular pool
67,Jake Walman,EDM,D,117,342.7,8.0,2024-25 + 2025-26 regular pool
68,Brandon Montour,SEA,D,144,497.4,8.0,2024-25 + 2025-26 regular pool
69,Cale Makar,COL,D,154,526.0,8.0,2024-25 + 2025-26 regular pool
70,Nils Lundkvist,DAL,D,91,269.7,8.0,2024-25 + 2025-26 regular pool
71,Ian Moore,ANA,D,69,147.4,7.9,2024-25 + 2025-26 regular pool
72,Jalen Chatfield,CAR,D,151,504.1,7.9,2024-25 + 2025-26 regular pool
73,Alec Regula,EDM,D,29,74.7,7.9,2024-25 + 2025-26 regular pool
74,Cale Fleury,SEA,D,36,81.2,7.9,2024-25 + 2025-26 regular pool
75,Luke Hughes,NJD,D,139,484.7,7.9,2024-25 + 2025-26 regular pool
76,Kris Letang,PIT,D,148,491.1,7.9,2024-25 + 2025-26 regular pool
77,Troy Stecher,TOR,D,130,329.9,7.9,2024-25 + 2025-26 regular pool
78,Filip Hronek,VAN,D,142,498.3,7.9,2024-25 + 2025-26 regular pool
79,Rasmus Sandin,WSH,D,155,470.1,7.9,2024-25 + 2025-26 regular pool
80,Dylan Samberg,WPG,D,125,397.4,7.8,2024-25 + 2025-26 regular pool
81,Simon Edvinsson,DET,D,150,486.7,7.8,2024-25 + 2025-26 regular pool
82,Hampus Lindholm,BOS,D,84,251.9,7.8,2024-25 + 2025-26 regular pool
83,Ryan McDonagh,TBL,D,130,405.7,7.8,2024-25 + 2025-26 regular pool
84,Parker Wotherspoon,PIT,D,135,412.7,7.8,2024-25 + 2025-26 regular pool
85,Moritz Seider,DET,D,164,597.5,7.8,2024-25 + 2025-26 regular pool
86,Colton Parayko,STL,D,140,490.6,7.8,2024-25 + 2025-26 regular pool
87,Bowen Byram,BUF,D,164,552.3,7.8,2024-25 + 2025-26 regular pool
88,Maxwell Crozier,TBL,D,40,102.2,7.8,2024-25 + 2025-26 regular pool
89,Jacob Moverare,LAK,D,64,144.3,7.8,2024-25 + 2025-26 regular pool
90,Vladislav Gavrikov,NYR,D,164,605.4,7.8,2024-25 + 2025-26 regular pool
91,Justin Faulk,DET,D,156,499.4,7.8,2024-25 + 2025-26 regular pool
92,John Marino,UTA,D,114,363.5,7.8,2024-25 + 2025-26 regular pool
93,Brent Burns,COL,D,163,441.7,7.7,2024-25 + 2025-26 regular pool
94,Shayne Gostisbehere,CAR,D,125,359.6,7.7,2024-25 + 2025-26 regular pool
95,K'Andre Miller,CAR,D,146,483.6,7.7,2024-25 + 2025-26 regular pool
96,Miro Heiskanen,DAL,D,127,436.1,7.7,2024-25 + 2025-26 regular pool
97,Trevor van Riemsdyk,WSH,D,150,419.2,7.7,2024-25 + 2025-26 regular pool
98,Owen Power,BUF,D,160,494.1,7.7,2024-25 + 2025-26 regular pool
99,Seth Jones,FLA,D,115,365.8,7.7,2024-25 + 2025-26 regular pool
100,Jordan Spence,OTT,D,152,450.7,7.7,2024-25 + 2025-26 regular pool
101,Damon Severson,CBJ,D,141,485.4,7.7,2024-25 + 2025-26 regular pool
102,Thomas Chabot,OTT,D,137,390.6,7.7,2024-25 + 2025-26 regular pool
103,Gustav Forsling,FLA,D,160,498.9,7.7,2024-25 + 2025-26 regular pool
104,Ivan Provorov,CBJ,D,164,620.6,7.7,2024-25 + 2025-26 regular pool
105,Marcus Pettersson,VAN,D,159,525.1,7.6,2024-25 + 2025-26 regular pool
106,Ryan Pulock,NYI,D,150,504.9,7.6,2024-25 + 2025-26 regular pool
107,Colton White,NJD,D,23,51.9,7.5,2024-25 + 2025-26 regular pool
108,Nicolas Hague,NSH,D,131,391.4,7.5,2024-25 + 2025-26 regular pool
109,Dante Fabbro,CBJ,D,142,442.5,7.5,2024-25 + 2025-26 regular pool
110,Alex Vlasic,CHI,D,163,592.0,7.5,2024-25 + 2025-26 regular pool
111,Jake Middleton,MIN,D,142,436.2,7.5,2024-25 + 2025-26 regular pool
112,Tyler Kleven,OTT,D,149,433.6,7.5,2024-25 + 2025-26 regular pool
113,Cody Ceci,LAK,D,167,520.7,7.5,2024-25 + 2025-26 regular pool
114,Kaiden Guhle,MTL,D,94,342.2,7.5,2024-25 + 2025-26 regular pool
115,Jacob Trouba,ANA,D,157,543.2,7.4,2024-25 + 2025-26 regular pool
116,Adam Boqvist,NYI,D,63,122.2,7.4,2024-25 + 2025-26 regular pool
117,Aaron Ekblad,FLA,D,128,378.8,7.4,2024-25 + 2025-26 regular pool
118,Adam Pelech,NYI,D,142,460.2,7.4,2024-25 + 2025-26 regular pool
119,Esa Lindell,DAL,D,162,561.5,7.4,2024-25 + 2025-26 regular pool
120,Josh Manson,COL,D,127,374.0,7.4,2024-25 + 2025-26 regular pool
121,Nick Leddy,SJS,D,63,204.2,7.4,2024-25 + 2025-26 regular pool
122,Jayden Struble,MTL,D,115,260.0,7.4,2024-25 + 2025-26 regular pool
123,Alex Pietrangelo,VGK,D,72,243.4,7.3,2024-25 + 2025-26 regular pool
124,Carson Soucy,NYI,D,151,379.4,7.3,2024-25 + 2025-26 regular pool
125,Devon Toews,COL,D,143,513.1,7.3,2024-25 + 2025-26 regular pool
126,Mattias Samuelsson,BUF,D,140,506.6,7.3,2024-25 + 2025-26 regular pool
127,Mikhail Sergachev,UTA,D,154,514.2,7.3,2024-25 + 2025-26 regular pool
128,Samuel Girard,PIT,D,133,425.0,7.3,2024-25 + 2025-26 regular pool
129,Mikey Anderson,LAK,D,156,540.3,7.3,2024-25 + 2025-26 regular pool
130,Nick DeSimone,UTA,D,59,133.4,7.3,2024-25 + 2025-26 regular pool
131,Mason Lohrei,BOS,D,150,408.1,7.3,2024-25 + 2025-26 regular pool
132,Ty Emberson,EDM,D,147,344.4,7.3,2024-25 + 2025-26 regular pool
133,Erik Cernak,TBL,D,137,413.6,7.3,2024-25 + 2025-26 regular pool
134,Jeff Petry,MIN,D,111,307.3,7.3,2024-25 + 2025-26 regular pool
135,Brett Pesce,NJD,D,109,371.7,7.3,2024-25 + 2025-26 regular pool
136,Ryan Shea,PIT,D,119,318.9,7.3,2024-25 + 2025-26 regular pool
137,Rasmus Dahlin,BUF,D,150,567.2,7.2,2024-25 + 2025-26 regular pool
138,Dmitry Kulikov,FLA,D,89,290.6,7.2,2024-25 + 2025-26 regular pool
139,Jeremy Lauzon,VGK,D,96,285.0,7.2,2024-25 + 2025-26 regular pool
140,Noah Dobson,MTL,D,151,477.5,7.2,2024-25 + 2025-26 regular pool
141,Mike Matheson,MTL,D,158,553.6,7.2,2024-25 + 2025-26 regular pool
142,Dennis Cholowski,NJD,D,56,95.8,7.2,2024-25 + 2025-26 regular pool
143,Travis Sanheim,PHI,D,163,631.3,7.2,2024-25 + 2025-26 regular pool
144,Michael Kesselring,BUF,D,116,273.5,7.1,2024-25 + 2025-26 regular pool
145,Alexandre Carrier,MTL,D,152,497.6,7.1,2024-25 + 2025-26 regular pool
146,Cam York,PHI,D,140,491.4,7.1,2024-25 + 2025-26 regular pool
147,Olli Määttä,CGY,D,119,368.0,7.0,2024-25 + 2025-26 regular pool
148,Zayne Parekh,CGY,D,37,64.0,7.0,2024-25 + 2025-26 regular pool
149,Nikita Zadorov,BOS,D,162,490.9,7.0,2024-25 + 2025-26 regular pool
150,Roman Josi,NSH,D,121,393.4,7.0,2024-25 + 2025-26 regular pool
151,Wyatt Kaiser,CHI,D,134,398.9,7.0,2024-25 + 2025-26 regular pool
152,Tyler Tucker,STL,D,106,273.2,6.9,2024-25 + 2025-26 regular pool
153,Zach Bogosian,MIN,D,122,257.8,6.9,2024-25 + 2025-26 regular pool
154,Joshua Mahura,SEA,D,87,203.9,6.9,2024-25 + 2025-26 regular pool
155,Braden Schneider,NYR,D,162,446.1,6.9,2024-25 + 2025-26 regular pool
156,Arber Xhekaj,MTL,D,135,289.6,6.9,2024-25 + 2025-26 regular pool
157,Mario Ferraro,SJS,D,160,535.4,6.9,2024-25 + 2025-26 regular pool
158,Joel Edmundson,LAK,D,154,467.8,6.9,2024-25 + 2025-26 regular pool
159,Axel Sandin-Pellikka,DET,D,68,160.8,6.9,2024-25 + 2025-26 regular pool
160,Adam Fox,NYR,D,129,443.4,6.9,2024-25 + 2025-26 regular pool
161,Ryan Lindgren,SEA,D,147,403.9,6.9,2024-25 + 2025-26 regular pool
162,Matt Roy,WSH,D,148,459.3,6.8,2024-25 + 2025-26 regular pool
163,Brandon Carlo,TOR,D,138,380.3,6.8,2024-25 + 2025-26 regular pool
164,Charle-Edouard D'Astous,TBL,D,70,236.7,6.8,2024-25 + 2025-26 regular pool
165,Brian Dumoulin,LAK,D,161,484.9,6.8,2024-25 + 2025-26 regular pool
166,Simon Benoit,TOR,D,151,373.3,6.8,2024-25 + 2025-26 regular pool
167,Joel Nystrom,CAR,D,38,100.5,6.8,2024-25 + 2025-26 regular pool
168,Ben Chiarot,DET,D,163,560.9,6.8,2024-25 + 2025-26 regular pool
169,Oliver Ekman-Larsson,TOR,D,155,444.5,6.7,2024-25 + 2025-26 regular pool
170,Kevin Bahl,CGY,D,149,456.5,6.7,2024-25 + 2025-26 regular pool
171,Rasmus Andersson,VGK,D,162,480.9,6.7,2024-25 + 2025-26 regular pool
172,Zeev Buium,VAN,D,75,199.2,6.7,2024-25 + 2025-26 regular pool
173,Jake McCabe,TOR,D,146,467.1,6.7,2024-25 + 2025-26 regular pool
174,Ilya Lyubushkin,DAL,D,133,401.2,6.7,2024-25 + 2025-26 regular pool
175,Brady Skjei,NSH,D,163,535.1,6.6,2024-25 + 2025-26 regular pool
176,Louis Crevier,CHI,D,110,333.2,6.5,2024-25 + 2025-26 regular pool
177,Matt Grzelcyk,CHI,D,151,443.4,6.5,2024-25 + 2025-26 regular pool
178,Andrew Peeke,BOS,D,153,444.2,6.5,2024-25 + 2025-26 regular pool
179,Adam Wilsby,NSH,D,80,230.3,6.5,2024-25 + 2025-26 regular pool
180,Artem Zub,OTT,D,137,400.3,6.5,2024-25 + 2025-26 regular pool
181,Kyle Capobianco,DAL,D,34,56.7,6.5,2024-25 + 2025-26 regular pool
182,Logan Stanley,BUF,D,139,359.3,6.5,2024-25 + 2025-26 regular pool
183,Vincent Desharnais,SJS,D,104,262.9,6.5,2024-25 + 2025-26 regular pool
184,Cam Fowler,STL,D,149,444.2,6.5,2024-25 + 2025-26 regular pool
185,Drew Helleson,ANA,D,116,318.0,6.5,2024-25 + 2025-26 regular pool
186,Martin Fehérváry,WSH,D,162,474.2,6.4,2024-25 + 2025-26 regular pool
187,Elias Pettersson,VAN,D,97,214.2,6.4,2024-25 + 2025-26 regular pool
188,Connor Murphy,EDM,D,147,470.8,6.4,2024-25 + 2025-26 regular pool
189,Nick Blankenburg,COL,D,120,313.2,6.4,2024-25 + 2025-26 regular pool
190,Victor Hedman,TBL,D,112,315.2,6.4,2024-25 + 2025-26 regular pool
191,Nick Jensen,OTT,D,132,380.1,6.3,2024-25 + 2025-26 regular pool
192,Pavel Mintyukov,ANA,D,140,374.0,6.3,2024-25 + 2025-26 regular pool
193,Nick Seeler,PHI,D,157,381.3,6.3,2024-25 + 2025-26 regular pool
194,Jake Sanderson,OTT,D,147,442.6,6.3,2024-25 + 2025-26 regular pool
195,Jamie Drysdale,PHI,D,148,433.6,6.3,2024-25 + 2025-26 regular pool
196,Morgan Rielly,TOR,D,160,423.8,6.3,2024-25 + 2025-26 regular pool
197,Will Borgen,NYR,D,159,444.5,6.3,2024-25 + 2025-26 regular pool
198,Connor Clifton,PIT,D,123,312.3,6.3,2024-25 + 2025-26 regular pool
199,Nick Perbix,NSH,D,152,404.5,6.3,2024-25 + 2025-26 regular pool
200,Jack Johnson,CBJ,D,41,82.0,6.2,2024-25 + 2025-26 regular pool
201,Albert Johansson,DET,D,143,339.1,6.2,2024-25 + 2025-26 regular pool
202,Ben Hutton,VGK,D,66,161.1,6.2,2024-25 + 2025-26 regular pool
203,Rasmus Ristolainen,PHI,D,107,299.6,6.1,2024-25 + 2025-26 regular pool
204,Matthew Kessel,STL,D,58,116.5,6.1,2024-25 + 2025-26 regular pool
205,Henri Jokiharju,BOS,D,101,295.8,6.1,2024-25 + 2025-26 regular pool
206,Brendan Smith,CBJ,D,47,88.8,6.1,2024-25 + 2025-26 regular pool
207,Charlie McAvoy,BOS,D,119,375.8,6.1,2024-25 + 2025-26 regular pool
208,Tobias Bjornfot,FLA,D,33,84.1,6.0,2024-25 + 2025-26 regular pool
209,Hunter Brzustewicz,CGY,D,34,86.6,6.0,2024-25 + 2025-26 regular pool
210,Nikolas Matinpalo,OTT,D,91,246.4,6.0,2024-25 + 2025-26 regular pool
211,Timothy Liljegren,WSH,D,116,337.8,6.0,2024-25 + 2025-26 regular pool
212,Yan Kuznetsov,CGY,D,57,186.5,5.9,2024-25 + 2025-26 regular pool
213,Jonathan Aspirot,BOS,D,61,172.7,5.9,2024-25 + 2025-26 regular pool
214,Ethan Del Mastro,CHI,D,43,113.8,5.9,2024-25 + 2025-26 regular pool
215,Justin Barron,NSH,D,113,299.3,5.9,2024-25 + 2025-26 regular pool
216,Mathew Dumba,PIT,D,74,183.4,5.8,2024-25 + 2025-26 regular pool
217,Emil Andrae,PHI,D,103,233.1,5.8,2024-25 + 2025-26 regular pool
218,Johnathan Kovacevic,NJD,D,115,368.9,5.7,2024-25 + 2025-26 regular pool
219,Emil Lilleberg,TBL,D,126,332.0,5.7,2024-25 + 2025-26 regular pool
220,Declan Chisholm,WSH,D,92,233.0,5.7,2024-25 + 2025-26 regular pool
221,John Klingberg,SJS,D,66,199.9,5.7,2024-25 + 2025-26 regular pool
222,Erik Gudbranson,CBJ,D,53,143.8,5.6,2024-25 + 2025-26 regular pool
223,MacKenzie Weegar,UTA,D,159,492.6,5.5,2024-25 + 2025-26 regular pool
224,Jacob Bernard-Docker,DET,D,103,218.7,5.5,2024-25 + 2025-26 regular pool
225,Tom Willander,VAN,D,69,163.0,5.5,2024-25 + 2025-26 regular pool
226,Ville Heinola,WPG,D,22,52.6,5.4,2024-25 + 2025-26 regular pool
227,Artyom Levshunov,CHI,D,86,218.8,5.4,2024-25 + 2025-26 regular pool
228,Erik Brannstrom,VAN,D,28,56.9,5.4,2024-25 + 2025-26 regular pool
229,Jacob Bryson,WPG,D,98,217.2,5.4,2024-25 + 2025-26 regular pool
230,Joel Hanley,CGY,D,121,262.9,5.4,2024-25 + 2025-26 regular pool
231,Juuso Välimäki,UTA,D,43,101.7,5.3,2024-25 + 2025-26 regular pool
232,Logan Mailloux,STL,D,73,200.1,5.3,2024-25 + 2025-26 regular pool
233,Marc Del Gaizo,NSH,D,46,129.3,5.3,2024-25 + 2025-26 regular pool
234,Vladislav Kolyachonok,BOS,D,48,79.9,5.3,2024-25 + 2025-26 regular pool
235,Victor Mancini,VAN,D,55,107.1,5.2,2024-25 + 2025-26 regular pool
236,Marc-Edouard Vlasic,SJS,D,27,58.7,5.2,2024-25 + 2025-26 regular pool
237,Shakir Mukhamadullin,SJS,D,80,249.3,5.2,2024-25 + 2025-26 regular pool
238,Dennis Gilbert,OTT,D,37,73.8,5.2,2024-25 + 2025-26 regular pool
239,Colin Miller,WPG,D,77,162.4,5.2,2024-25 + 2025-26 regular pool
240,Ryan Suter,STL,D,82,267.8,5.1,2024-25 + 2025-26 regular pool
241,Noah Juulsen,PHI,D,87,162.9,5.1,2024-25 + 2025-26 regular pool
242,Maveric Lamoureux,UTA,D,20,41.4,5.1,2024-25 + 2025-26 regular pool
243,Jordan Harris,BOS,D,41,98.3,5.1,2024-25 + 2025-26 regular pool
244,Egor Zamula,CBJ,D,96,222.5,4.9,2024-25 + 2025-26 regular pool
245,Derek Forbort,VAN,D,56,125.5,4.9,2024-25 + 2025-26 regular pool
246,Henry Thrun,TOR,D,65,181.8,4.9,2024-25 + 2025-26 regular pool
247,David Savard,MTL,D,75,192.0,4.9,2024-25 + 2025-26 regular pool
248,Dmitri Simashev,UTA,D,27,74.0,4.9,2024-25 + 2025-26 regular pool
249,David Jiricek,PHI,D,38,78.7,4.8,2024-25 + 2025-26 regular pool
250,Kevin Korchinski,CHI,D,29,63.4,4.8,2024-25 + 2025-26 regular pool
251,Travis Hamonic,DET,D,85,201.2,4.7,2024-25 + 2025-26 regular pool
252,Justin Holl,STL,D,81,175.5,4.7,2024-25 + 2025-26 regular pool
253,Jon Merrill,MIN,D,70,142.8,4.7,2024-25 + 2025-26 regular pool
254,Jordan Oesterle,NSH,D,38,103.3,4.7,2024-25 + 2025-26 regular pool
255,Conor Timmins,BUF,D,107,267.8,4.6,2024-25 + 2025-26 regular pool
256,Alec Martinez,CHI,D,44,122.3,4.6,2024-25 + 2025-26 regular pool
257,Vincent Iorio,NYR,D,27,72.2,4.6,2024-25 + 2025-26 regular pool
258,Pierre-Olivier Joseph,VAN,D,78,179.1,4.5,2024-25 + 2025-26 regular pool
259,Andreas Englund,NSH,D,38,98.1,4.5,2024-25 + 2025-26 regular pool
260,Daemon Hunt,MIN,D,33,61.8,4.4,2024-25 + 2025-26 regular pool
261,Urho Vaakanainen,NYR,D,85,189.6,4.4,2024-25 + 2025-26 regular pool
262,Jack Thompson,SJS,D,31,78.0,4.3,2024-25 + 2025-26 regular pool
263,Isaiah George,NYI,D,37,86.2,4.3,2024-25 + 2025-26 regular pool
264,Ryan Graves,PIT,D,83,173.8,4.3,2024-25 + 2025-26 regular pool
265,Zac Jones,NYR,D,46,113.8,4.3,2024-25 + 2025-26 regular pool
266,Calvin de Haan,NYR,D,47,110.3,4.2,2024-25 + 2025-26 regular pool
267,Erik Johnson,COL,D,36,75.0,4.2,2024-25 + 2025-26 regular pool
268,Luke Schenn,BUF,D,126,303.5,4.2,2024-25 + 2025-26 regular pool
269,Jake Christiansen,CBJ,D,108,207.8,4.2,2024-25 + 2025-26 regular pool
270,Chris Tanev,TOR,D,86,271.0,4.1,2024-25 + 2025-26 regular pool
271,Elias Salomonsson,WPG,D,32,87.4,3.8,2024-25 + 2025-26 regular pool
272,Jack St. Ivany,PIT,D,39,99.9,3.8,2024-25 + 2025-26 regular pool
273,Scott Perunovich,NYI,D,35,85.8,3.8,2024-25 + 2025-26 regular pool
274,Brayden Pachal,CGY,D,114,183.7,3.7,2024-25 + 2025-26 regular pool
275,Jake Bean,CGY,D,80,150.4,3.6,2024-25 + 2025-26 regular pool
276,Haydn Fleury,WPG,D,76,144.6,3.6,2024-25 + 2025-26 regular pool
277,TJ Brodie,CHI,D,54,117.4,3.5,2024-25 + 2025-26 regular pool
278,Philippe Myers,TOR,D,75,159.1,3.5,2024-25 + 2025-26 regular pool
279,Erik Gustafsson,DET,D,62,142.1,3.5,2024-25 + 2025-26 regular pool
280,Jan Rutta,SJS,D,55,154.8,3.4,2024-25 + 2025-26 regular pool
281,Daniil Miromanov,CGY,D,45,118.5,3.1,2024-25 + 2025-26 regular pool
282,Michael Callahan,BOS,D,22,44.4,2.9,2024-25 + 2025-26 regular pool
283,Dylan McIlrath,WSH,D,30,56.5,2.8,2024-25 + 2025-26 regular pool
284,Kurtis MacDermid,OTT,D,42,35.3,2.5,2024-25 + 2025-26 regular pool
285,Keaton Middleton,COL,D,44,75.6,2.5,2024-25 + 2025-26 regular pool
286,Nolan Allan,CHI,D,43,91.0,1.8,2024-25 + 2025-26 regular pool
287,Owen Pickering,PIT,D,29,64.8,0.8,2024-25 + 2025-26 regular pool
288,Kyle Burroughs,LAK,D,33,39.6,0.0,2024-25 + 2025-26 regular pool
