player_name,team,pos,GP,OZI,DZI,NZI,TZI,player_id
Marc-Edouard Vlasic,SJS,D,27,51.4,49.5,54.3,61.1,8471709
Jack Thompson,SJS,D,31,45.6,52.9,55.1,60.2,8482144
Niko Mikkola,FLA,D,144,52.3,50.7,53.2,57.4,8478859
Jonas Brodin,MIN,D,112,50.4,52.8,52.1,56.9,8476463
Ilya Solovyov,PIT,D,35,51.8,50.7,53.6,56.8,8482470
Kurtis MacDermid,OTT,D,42,50.5,,51.6,56.6,8477073
Scott Morrow,NYR,D,43,52.1,52.5,55.7,56.5,8482666
Cale Fleury,SEA,D,36,48.4,51.8,52.6,56.1,8479985
Sean Walker,CAR,D,163,50.7,52.6,52.9,55.9,8480336
Brayden McNabb,VGK,D,146,54.0,52.8,52.7,55.6,8475188
Jaccob Slavin,CAR,D,119,51.9,53.6,53.4,55.6,8476958
Darren Raddysh,TBL,D,146,52.8,48.7,52.4,55.2,8478178
Ryan McDonagh,TBL,D,130,51.4,51.5,51.3,55.2,8474151
Shea Theodore,VGK,D,138,53.0,51.7,51.7,55.0,8477447
Erik Cernak,TBL,D,137,52.7,49.3,50.2,54.9,8478416
Brett Pesce,NJD,D,109,51.2,48.9,52.5,54.9,8477488
Quinn Hughes,MIN,D,142,51.6,51.7,52.7,54.8,8480800
J.J. Moser,TBL,D,133,50.9,51.6,51.8,54.7,8482655
Zayne Parekh,CGY,D,37,48.5,52.0,52.3,54.7,8484768
Bowen Byram,BUF,D,164,51.0,52.1,52.0,54.5,8481524
Jared Spurgeon,MIN,D,145,53.5,51.5,51.7,54.4,8474716
Scott Mayfield,NYI,D,146,50.7,48.0,52.1,54.4,8476429
Travis Sanheim,PHI,D,163,53.7,50.0,49.8,54.3,8477948
Jacob Moverare,LAK,D,64,44.0,51.0,54.6,54.3,8479421
John Carlson,ANA,D,149,51.9,51.7,52.1,54.2,8474590
Alec Regula,EDM,D,29,48.6,49.2,52.6,54.2,8480831
Mike Reilly,CAR,D,60,54.9,46.8,51.5,54.0,8476422
Evan Bouchard,EDM,D,163,53.8,52.8,51.4,53.8,8480803
Declan Carlile,TBL,D,45,51.2,51.2,53.1,53.8,8483398
Brent Burns,COL,D,163,52.3,51.9,51.0,53.7,8470613
Jalen Chatfield,CAR,D,151,50.2,52.6,51.7,53.7,8478970
Neal Pionk,WPG,D,120,50.0,48.1,51.4,53.7,8480145
Shayne Gostisbehere,CAR,D,125,51.9,51.3,51.6,53.6,8476906
Kaiden Guhle,MTL,D,94,48.7,50.6,53.1,53.6,8482087
Keaton Middleton,COL,D,44,46.0,55.1,51.4,53.6,8479387
Ian Moore,ANA,D,69,54.7,48.4,50.7,53.5,8482178
Cam York,PHI,D,140,53.9,49.4,49.2,53.4,8481546
Trevor van Riemsdyk,WSH,D,150,52.6,51.3,50.9,53.4,8477845
Josh Manson,COL,D,127,52.5,50.8,50.1,53.3,8476312
Thomas Chabot,OTT,D,137,49.9,51.4,52.5,53.3,8478469
Dmitry Orlov,SJS,D,157,48.5,52.2,52.4,53.3,8475200
Sam Rinzel,CHI,D,63,48.0,47.8,52.5,53.3,8483506
Jack Johnson,CBJ,D,41,45.3,52.9,55.7,53.3,8471677
Artem Zub,OTT,D,137,50.3,50.4,49.1,53.2,8482245
Luke Hughes,NJD,D,139,49.0,50.8,52.0,53.2,8482684
Brenden Dillon,NJD,D,164,47.8,51.0,52.3,53.2,8475455
Michael Callahan,BOS,D,22,,42.6,50.6,53.2,8480828
Philip Broberg,STL,D,148,52.9,53.0,52.4,53.1,8481598
Rasmus Dahlin,BUF,D,150,51.9,52.4,50.2,53.1,8480839
Jackson LaCombe,ANA,D,156,50.0,50.4,50.4,53.1,8481605
Radko Gudas,ANA,D,137,48.8,50.2,52.1,53.1,8475462
Zach Werenski,CBJ,D,156,48.7,53.6,53.6,53.1,8478460
Spencer Stastney,EDM,D,89,53.3,50.8,51.1,53.0,8481056
Parker Wotherspoon,PIT,D,135,51.7,51.7,51.1,53.0,8478450
Owen Power,BUF,D,160,50.5,51.8,50.6,53.0,8482671
Andreas Englund,NSH,D,38,44.7,49.7,51.2,53.0,8477971
Ryan Suter,STL,D,82,52.6,50.6,52.8,52.9,8470600
Josh Morrissey,WPG,D,156,52.9,49.3,51.1,52.8,8477504
Arber Xhekaj,MTL,D,135,47.3,52.2,51.5,52.8,8482964
Erik Karlsson,PIT,D,157,51.5,51.5,51.5,52.7,8474578
Roman Josi,NSH,D,121,50.9,49.5,50.2,52.7,8474600
Adam Boqvist,NYI,D,63,48.3,45.2,52.4,52.7,8480871
Brock Faber,MIN,D,158,51.0,52.4,51.4,52.6,8482122
Juuso Välimäki,UTA,D,43,49.7,50.5,51.0,52.6,8479976
Aaron Ekblad,FLA,D,128,53.2,50.2,49.1,52.5,8477932
Mikhail Sergachev,UTA,D,154,52.2,50.5,49.0,52.5,8479410
Ryan Lindgren,SEA,D,147,51.1,49.6,50.4,52.5,8479324
Jake Walman,EDM,D,117,48.8,53.2,51.1,52.5,8478013
Mattias Ekholm,EDM,D,146,55.6,51.4,50.5,52.4,8475218
Jake Sanderson,OTT,D,147,52.7,50.3,49.4,52.4,8482105
K'Andre Miller,CAR,D,146,51.8,51.8,51.1,52.4,8480817
Sam Malinski,COL,D,157,50.4,53.9,52.1,52.4,8484258
Samuel Girard,PIT,D,133,51.2,53.5,50.8,52.3,8479398
Matthew Kessel,STL,D,58,53.1,53.1,50.3,52.2,8482516
Colton Parayko,STL,D,140,52.7,52.5,50.7,52.2,8476892
Drew Doughty,LAK,D,101,49.7,49.4,50.4,52.2,8474563
Calvin de Haan,NYR,D,47,47.5,55.5,52.5,52.2,8475177
Simon Nemec,NJD,D,95,47.3,52.5,53.5,52.2,8483495
Nate Schmidt,UTA,D,161,52.0,49.8,51.1,52.1,8477220
Darnell Nurse,EDM,D,157,50.7,51.9,51.4,52.1,8477498
Rasmus Sandin,WSH,D,155,49.2,50.9,51.7,52.1,8480873
Brendan Smith,CBJ,D,47,45.4,45.8,52.0,52.1,8474090
Simon Edvinsson,DET,D,150,52.4,49.7,50.7,52.0,8482762
Marc Del Gaizo,NSH,D,46,48.4,54.6,51.1,52.0,8481743
Devon Toews,COL,D,143,52.2,51.7,49.5,51.9,8478038
Ryan Shea,PIT,D,119,50.7,49.9,49.8,51.9,8478854
David Jiricek,PHI,D,38,56.3,47.6,50.6,51.8,8483460
Egor Zamula,CBJ,D,96,52.2,50.7,49.2,51.8,8481178
Johnathan Kovacevic,NJD,D,115,51.8,51.1,50.4,51.8,8480192
Kyle Capobianco,DAL,D,34,51.0,47.6,50.7,51.8,8478476
Justin Barron,NSH,D,113,49.8,51.4,49.9,51.8,8482111
Dougie Hamilton,NJD,D,141,49.3,50.8,51.4,51.8,8476462
Gustav Forsling,FLA,D,160,52.3,51.0,49.6,51.7,8478055
Justin Faulk,DET,D,156,51.9,52.7,51.6,51.7,8475753
Joshua Mahura,SEA,D,87,50.5,45.0,49.7,51.7,8479372
Uvis Balinskis,FLA,D,130,50.2,48.2,51.0,51.7,8484304
Dennis Cholowski,NJD,D,56,51.3,51.0,52.6,51.6,8479395
Maxwell Crozier,TBL,D,40,51.0,56.4,51.8,51.6,8481719
Jakob Chychrun,WSH,D,154,48.4,52.6,52.6,51.6,8479345
Rasmus Ristolainen,PHI,D,107,55.8,48.6,49.4,51.5,8477499
Adam Fox,NYR,D,129,53.1,52.8,49.3,51.5,8479323
Cale Makar,COL,D,154,52.3,51.6,50.0,51.5,8480069
Brandt Clarke,LAK,D,159,52.3,53.2,51.7,51.5,8482730
Sean Durzi,UTA,D,90,50.3,51.3,52.3,51.5,8480434
Vince Dunn,SEA,D,142,50.6,50.9,51.1,51.4,8478407
Jordan Spence,OTT,D,152,50.7,48.9,52.1,51.3,8481606
Alexander Romanov,NYI,D,79,48.2,50.0,53.9,51.3,8481014
Brett Kulak,COL,D,164,47.2,53.4,51.1,51.3,8476967
Dmitry Kulikov,FLA,D,89,53.0,48.9,50.1,51.2,8475179
Jonas Siegenthaler,NJD,D,137,52.1,50.5,51.1,51.2,8478399
Kevin Korchinski,CHI,D,29,46.3,47.4,50.1,51.2,8483466
Hampus Lindholm,BOS,D,84,52.7,48.4,50.5,51.1,8476854
Noah Hanifin,VGK,D,152,50.5,52.6,51.3,51.1,8478396
Tyler Myers,DAL,D,144,50.4,48.5,51.3,51.1,8474574
Nils Lundkvist,DAL,D,91,48.7,50.7,51.1,51.1,8480878
Denton Mateychuk,CBJ,D,120,52.4,51.2,52.0,51.0,8483485
Joel Nystrom,CAR,D,38,50.7,48.5,49.3,51.0,8482911
Jayden Struble,MTL,D,115,49.1,52.2,53.0,51.0,8481593
Olen Zellweger,ANA,D,138,48.5,50.3,51.9,51.0,8482803
Dennis Gilbert,OTT,D,37,47.5,48.0,50.7,51.0,8478502
Alexandre Carrier,MTL,D,152,50.9,50.4,51.1,50.9,8478851
Matthew Robertson,NYR,D,74,48.1,50.9,50.6,50.9,8481525
Kris Letang,PIT,D,148,46.8,52.2,50.9,50.9,8471724
Jack St. Ivany,PIT,D,39,50.7,48.4,48.5,50.8,8481030
Zach Metsa,BUF,D,43,47.4,49.2,52.3,50.8,8484305
Adam Larsson,SEA,D,163,50.1,50.6,50.7,50.7,8476457
Jamie Drysdale,PHI,D,148,52.4,49.8,48.6,50.6,8482142
Emil Andrae,PHI,D,103,52.4,50.5,48.8,50.6,8482126
Seth Jones,FLA,D,115,49.6,51.0,50.3,50.6,8477495
Vladislav Gavrikov,NYR,D,164,49.4,49.8,50.4,50.6,8478882
Dylan DeMelo,WPG,D,163,52.4,49.5,49.7,50.5,8476331
Ian Cole,UTA,D,163,51.4,51.2,50.4,50.5,8474013
Jacob Trouba,ANA,D,157,50.5,50.0,49.6,50.5,8476885
Alexander Nikishin,CAR,D,81,49.5,54.0,51.0,50.5,8482100
Nick Jensen,OTT,D,132,48.3,50.6,49.8,50.5,8475324
Cam Fowler,STL,D,149,52.4,50.8,49.5,50.4,8475764
Dylan Samberg,WPG,D,125,51.0,50.9,49.7,50.4,8480049
Damon Severson,CBJ,D,141,50.0,54.1,50.6,50.4,8476923
Tobias Bjornfot,FLA,D,33,47.7,47.2,49.5,50.4,8481600
Donovan Sebrango,FLA,D,44,45.1,52.4,51.9,50.4,8482131
Rasmus Andersson,VGK,D,162,53.4,47.7,48.0,50.3,8478397
Moritz Seider,DET,D,164,51.7,50.4,49.7,50.3,8481542
Nick Leddy,SJS,D,63,50.6,50.5,52.0,50.3,8475181
Henri Jokiharju,BOS,D,101,49.9,50.6,49.2,50.2,8480035
Dante Fabbro,CBJ,D,142,49.4,52.0,50.9,50.2,8479371
Olli Määttä,CGY,D,119,52.2,50.0,49.8,50.1,8476874
Zach Bogosian,MIN,D,122,49.1,48.5,51.3,50.1,8474567
Mikey Anderson,LAK,D,156,48.4,48.7,50.0,50.1,8479998
Thomas Harley,DAL,D,148,47.8,51.4,51.3,50.1,8481581
Jake McCabe,TOR,D,146,51.7,47.0,49.2,50.0,8476931
Troy Stecher,TOR,D,130,50.6,49.4,50.1,50.0,8479442
Matthew Schaefer,NYI,D,82,50.0,48.4,51.3,50.0,8485366
Joel Edmundson,LAK,D,154,51.9,49.7,49.6,49.9,8476441
Dmitri Simashev,UTA,D,27,51.0,48.9,46.9,49.9,8484386
Jake Middleton,MIN,D,142,50.7,51.9,50.5,49.9,8478136
Tyler Kleven,OTT,D,149,50.0,48.1,50.7,49.9,8482095
Vladislav Kolyachonok,BOS,D,48,49.3,45.4,52.4,49.9,8481609
Adam Pelech,NYI,D,142,53.9,51.0,48.8,49.8,8476917
Kaedan Korczak,VGK,D,118,50.3,49.4,50.7,49.8,8481527
Matt Grzelcyk,CHI,D,151,48.5,48.0,49.1,49.8,8476891
Jeremy Lauzon,VGK,D,96,47.8,48.3,49.9,49.8,8478468
Zach Whitecloud,CGY,D,152,46.3,51.2,50.3,49.8,8480727
Erik Brannstrom,VAN,D,28,52.8,49.9,50.5,49.7,8480073
Lane Hutson,MTL,D,164,49.8,52.6,51.8,49.7,8483457
Ty Emberson,EDM,D,147,49.4,49.8,50.3,49.7,8480834
Mattias Samuelsson,BUF,D,140,49.0,51.6,49.2,49.7,8480807
Alex Pietrangelo,VGK,D,72,52.5,53.4,51.0,49.6,8474565
John Marino,UTA,D,114,52.2,50.1,49.4,49.6,8478507
Colton White,NJD,D,23,51.6,48.4,53.5,49.6,8478841
Miro Heiskanen,DAL,D,127,51.7,49.9,49.7,49.5,8480036
Martin Fehérváry,WSH,D,162,49.8,54.1,48.7,49.5,8480796
Michael Kesselring,BUF,D,116,51.9,48.8,49.1,49.4,8480891
Ivan Provorov,CBJ,D,164,50.1,52.2,50.7,49.4,8478500
Matt Roy,WSH,D,148,49.6,51.8,49.6,49.4,8478911
Marcus Pettersson,VAN,D,159,49.3,50.5,49.6,49.4,8477969
Brian Dumoulin,LAK,D,161,47.9,51.3,49.3,49.4,8475208
Pavel Mintyukov,ANA,D,140,51.8,49.4,48.4,49.3,8483490
Victor Hedman,TBL,D,112,51.5,50.9,50.4,49.3,8475167
Jamie Oleksiak,SEA,D,160,48.9,50.2,50.1,49.3,8476467
Tony DeAngelo,NYI,D,111,53.1,50.2,50.6,49.2,8477950
Tyler Tucker,STL,D,106,51.0,48.3,51.6,49.2,8481006
Jordan Oesterle,NSH,D,38,49.6,53.0,50.9,49.1,8477851
Ryan Graves,PIT,D,83,49.1,51.2,48.6,49.1,8477435
Declan Chisholm,WSH,D,92,52.8,52.9,51.0,49.0,8480990
Esa Lindell,DAL,D,162,50.8,49.3,49.6,49.0,8476902
Erik Johnson,COL,D,36,49.1,47.2,49.7,49.0,8473446
Nikita Zadorov,BOS,D,162,48.5,49.6,49.9,49.0,8477507
Kevin Bahl,CGY,D,149,51.9,46.6,48.1,48.9,8480860
Nick Seeler,PHI,D,157,51.1,48.3,48.5,48.9,8476372
Adam Wilsby,NSH,D,80,48.5,51.4,49.2,48.9,8482482
Zac Jones,NYR,D,46,43.8,44.7,52.9,48.9,8481708
Albert Johansson,DET,D,143,51.1,47.5,48.8,48.8,8481607
Mason Lohrei,BOS,D,150,49.8,48.7,49.7,48.8,8482511
Hunter Brzustewicz,CGY,D,34,48.9,51.0,48.8,48.8,8484150
Filip Hronek,VAN,D,142,51.6,49.0,49.1,48.7,8479425
Brandon Carlo,TOR,D,138,50.6,50.2,49.8,48.7,8478443
Henry Thrun,TOR,D,65,47.0,51.6,49.6,48.7,8481567
Cody Ceci,LAK,D,167,45.9,48.7,49.8,48.7,8476879
Connor Clifton,PIT,D,123,44.3,48.4,49.7,48.7,8477365
Nick Blankenburg,COL,D,120,51.3,50.7,49.2,48.6,8483565
Axel Sandin-Pellikka,DET,D,68,49.1,46.0,48.7,48.6,8484223
Jeff Petry,MIN,D,111,47.9,48.7,49.9,48.6,8473507
Travis Hamonic,DET,D,85,47.4,47.5,48.8,48.6,8474612
Daniil Miromanov,CGY,D,45,52.4,48.1,45.9,48.5,8482624
Charlie McAvoy,BOS,D,119,51.6,47.2,48.2,48.5,8479325
Chris Tanev,TOR,D,86,49.6,48.0,47.1,48.5,8475690
Ilya Lyubushkin,DAL,D,133,48.9,50.4,49.8,48.4,8480950
Lian Bichsel,DAL,D,88,41.0,47.3,51.5,48.4,8483425
Oliver Ekman-Larsson,TOR,D,155,51.7,48.6,48.1,48.3,8475171
Maveric Lamoureux,UTA,D,20,49.0,52.7,48.9,48.3,8483472
Derek Forbort,VAN,D,56,52.3,50.7,46.7,48.2,8475762
Ville Heinola,WPG,D,22,46.7,47.0,50.2,48.2,8481572
Joel Hanley,CGY,D,121,51.6,50.7,48.0,48.1,8477810
Nikolas Matinpalo,OTT,D,91,49.5,46.0,48.9,48.1,8484321
Jacob Bryson,WPG,D,98,49.4,48.7,48.2,48.1,8480196
Nick DeSimone,UTA,D,59,54.8,50.0,50.5,48.0,8480084
Brady Skjei,NSH,D,163,52.0,51.1,48.6,48.0,8476869
Mike Matheson,MTL,D,158,50.5,51.0,49.3,48.0,8476875
Alex Vlasic,CHI,D,163,48.7,47.5,49.3,48.0,8481568
Alexander Petrovic,DAL,D,59,45.3,46.2,51.3,47.9,8475755
Braden Schneider,NYR,D,162,43.6,47.6,50.4,47.9,8482073
Will Borgen,NYR,D,159,52.0,48.2,48.3,47.7,8478840
Daemon Hunt,MIN,D,33,52.0,47.5,46.6,47.7,8482094
Charle-Edouard D'Astous,TBL,D,70,49.2,47.0,47.8,47.6,8480426
Ryker Evans,SEA,D,139,48.7,50.5,50.8,47.6,8482858
Tom Willander,VAN,D,69,48.4,48.4,46.1,47.6,8484240
Alec Martinez,CHI,D,44,45.0,49.6,49.1,47.6,8474166
Ryan Pulock,NYI,D,150,53.0,48.7,48.9,47.5,8477506
Pierre-Olivier Joseph,VAN,D,78,52.0,52.2,47.0,47.5,8480058
MacKenzie Weegar,UTA,D,159,51.5,51.2,46.5,47.5,8477346
Morgan Rielly,TOR,D,160,51.3,47.4,48.5,47.4,8476853
Nick Perbix,NSH,D,152,49.1,48.5,48.9,47.4,8480246
Scott Perunovich,NYI,D,35,53.7,49.2,48.3,47.3,8481059
Sam Dickinson,SJS,D,71,50.5,52.4,50.2,47.3,8484806
Mario Ferraro,SJS,D,160,49.4,51.4,49.1,47.2,8479983
Timothy Liljegren,WSH,D,116,49.7,48.2,48.2,47.1,8480043
Erik Gudbranson,CBJ,D,53,48.0,50.3,47.0,47.0,8475790
Nicolas Hague,NSH,D,131,47.5,51.1,49.2,47.0,8479980
Ben Chiarot,DET,D,163,49.5,49.8,48.1,46.9,8475279
Andrew Peeke,BOS,D,153,49.0,49.9,49.2,46.9,8479369
Mathew Dumba,PIT,D,74,46.6,48.7,49.3,46.9,8476856
Jon Merrill,MIN,D,70,54.9,45.8,50.9,46.8,8475750
Drew Helleson,ANA,D,116,50.6,48.9,48.7,46.8,8481563
Noah Dobson,MTL,D,151,49.9,52.8,48.0,46.8,8480865
Louis Crevier,CHI,D,110,49.8,47.1,47.3,46.8,8481806
Justin Holl,STL,D,81,49.9,50.6,49.1,46.7,8475718
Vincent Desharnais,SJS,D,104,49.8,47.8,48.4,46.7,8479576
Brandon Montour,SEA,D,144,49.6,51.7,49.6,46.7,8477986
Emil Lilleberg,TBL,D,126,48.9,48.1,48.2,46.7,8482929
Wyatt Kaiser,CHI,D,134,52.0,48.6,48.5,46.5,8482176
Ethan Del Mastro,CHI,D,43,47.7,46.3,50.9,46.5,8482807
Shakir Mukhamadullin,SJS,D,80,49.0,51.0,47.4,46.4,8482166
TJ Brodie,CHI,D,54,44.1,47.8,47.8,46.4,8474673
Jonathan Aspirot,BOS,D,61,46.9,47.2,46.8,46.1,8481219
Yan Kuznetsov,CGY,D,57,49.3,50.1,46.5,46.0,8482165
David Savard,MTL,D,75,46.9,54.7,50.3,46.0,8475233
Carson Soucy,NYI,D,151,48.6,45.2,48.9,45.8,8477369
Elias Salomonsson,WPG,D,32,50.6,48.0,44.7,45.7,8483510
Urho Vaakanainen,NYR,D,85,43.0,46.6,48.5,45.6,8480001
Owen Pickering,PIT,D,29,49.9,47.9,43.6,45.5,8483503
Connor Murphy,EDM,D,147,49.8,47.2,48.3,45.5,8476473
Jan Rutta,SJS,D,55,46.3,47.9,48.6,45.5,8480172
Simon Benoit,TOR,D,151,47.8,47.7,49.2,45.2,8481122
Conor Timmins,BUF,D,107,53.7,48.0,46.6,44.8,8479982
John Klingberg,SJS,D,66,47.4,53.0,46.4,44.8,8475906
Elias Pettersson,VAN,D,97,49.7,50.1,47.4,44.7,8483678
Jake Bean,CGY,D,80,47.3,50.3,46.2,44.7,8479402
Jacob Bernard-Docker,DET,D,103,49.3,49.4,47.3,44.6,8480879
Victor Mancini,VAN,D,55,47.5,47.5,49.8,44.6,8483768
Kyle Burroughs,LAK,D,33,45.8,49.6,45.8,44.6,8477335
Erik Gustafsson,DET,D,62,48.8,50.6,48.1,44.5,8476979
Noah Juulsen,PHI,D,87,49.8,46.7,45.8,44.4,8478454
Zeev Buium,VAN,D,75,50.4,50.8,48.0,44.3,8484798
Ben Hutton,VGK,D,66,49.0,48.2,47.9,44.3,8477018
Jordan Harris,BOS,D,41,50.2,51.3,48.9,44.1,8480887
Haydn Fleury,WPG,D,76,43.8,48.9,44.4,44.1,8477938
Brayden Pachal,CGY,D,114,50.6,46.5,46.2,43.8,8481167
Jake Christiansen,CBJ,D,108,45.4,48.8,47.3,43.8,8481161
Luke Schenn,BUF,D,126,49.0,52.8,46.3,43.0,8474568
Colin Miller,WPG,D,77,48.4,45.5,46.5,42.9,8476525
Logan Mailloux,STL,D,73,51.4,49.0,46.1,42.6,8482733
Vincent Iorio,NYR,D,27,47.3,51.8,46.7,42.4,8482861
Logan Stanley,BUF,D,139,46.8,47.9,47.1,42.4,8479378
Artyom Levshunov,CHI,D,86,50.1,46.8,46.1,41.5,8484783
Isaiah George,NYI,D,37,49.2,48.4,46.9,41.5,8483448
Philippe Myers,TOR,D,75,48.0,47.3,45.0,40.9,8479026
Dylan McIlrath,WSH,D,30,40.1,42.2,45.6,38.1,8475795
Nolan Allan,CHI,D,43,46.5,46.4,42.8,33.6,8482700
