player_name,team,pos,GP,vsEliteF,vsEliteD,vsElite,vsMid,vsEasy,EliteSupport,xGFvsElite,xGFvsMid,xGFvsEasy,ixG60,player_id
Alex Vlasic,CHI,D,159,45.0,33.8,43.0,34.7,22.3,26.8,40.6,45.3,43.7,0.12,8481568
Louis Crevier,CHI,D,108,46.3,33.0,42.6,34.9,22.5,23.5,44.4,42.4,42.0,0.2,8481806
Aaron Ekblad,FLA,D,128,43.7,35.2,42.5,35.2,22.3,57.5,48.9,51.3,58.4,0.2,8477932
Gustav Forsling,FLA,D,156,43.4,33.2,41.2,37.3,21.5,49.2,50.8,54.4,57.3,0.21,8478055
Mike Matheson,MTL,D,154,44.5,31.7,40.9,37.0,22.1,76.6,42.6,49.4,52.0,0.23,8476875
Matthew Schaefer,NYI,D,82,42.2,30.7,40.8,33.3,25.9,27.2,41.1,54.6,58.5,0.34,8485366
Ryan McDonagh,TBL,D,127,45.0,32.9,40.6,38.7,20.7,63.1,52.6,55.5,54.5,0.17,8474151
Artem Zub,OTT,D,134,48.2,27.5,40.5,36.1,23.4,22.2,54.0,55.6,54.1,0.13,8482245
Jaccob Slavin,CAR,D,115,44.5,29.9,40.0,38.1,21.9,44.1,53.0,56.9,58.3,0.24,8476958
Erik Cernak,TBL,D,134,45.1,31.1,39.8,37.6,22.6,60.7,52.8,51.8,52.1,0.17,8478416
Chris Tanev,TOR,D,82,38.3,33.9,39.4,36.0,24.6,72.0,48.9,55.7,66.3,0.08,8475690
Jake Sanderson,OTT,D,144,45.5,28.0,38.8,37.5,23.7,14.9,55.6,52.6,55.7,0.25,8482105
Moritz Seider,DET,D,160,40.8,31.2,38.8,36.1,25.1,64.5,50.5,50.0,59.8,0.19,8481542
Jake McCabe,TOR,D,146,40.3,30.4,38.7,34.9,26.4,61.6,45.9,49.6,55.7,0.14,8476931
Kevin Bahl,CGY,D,146,42.9,31.2,38.6,36.8,24.6,40.7,40.3,45.2,53.9,0.1,8480860
Ryan Pulock,NYI,D,146,40.6,29.7,38.4,35.3,26.3,74.5,43.5,46.5,50.2,0.15,8477506
Marcus Pettersson,VAN,D,155,39.4,30.1,38.1,36.5,25.5,27.0,44.0,48.2,52.9,0.12,8477969
Vince Dunn,SEA,D,139,41.0,30.7,38.0,34.4,27.6,57.1,39.7,51.0,53.9,0.21,8478407
Travis Sanheim,PHI,D,160,41.6,29.4,37.9,36.4,25.7,29.5,50.3,54.1,56.0,0.28,8477948
Adam Larsson,SEA,D,160,40.8,29.5,37.8,34.1,28.1,33.6,39.8,48.4,54.5,0.16,8476457
Vladislav Gavrikov,NYR,D,161,39.5,29.8,37.8,36.7,25.5,69.5,46.9,55.4,56.0,0.17,8478882
Mikhail Sergachev,UTA,D,150,40.1,30.6,37.4,36.6,26.0,47.4,48.9,50.2,59.0,0.19,8479410
Mattias Ekholm,EDM,D,145,34.8,31.7,37.4,36.4,26.2,96.0,52.4,62.2,63.9,0.32,8475218
Brock Faber,MIN,D,155,38.8,29.7,37.4,36.7,25.9,89.0,50.4,48.3,52.8,0.24,8482122
Jonas Brodin,MIN,D,109,39.6,27.3,37.0,36.0,27.0,67.5,49.0,50.5,58.3,0.12,8476463
Erik Karlsson,PIT,D,154,38.2,31.9,37.0,37.6,25.4,62.6,42.6,54.0,56.1,0.26,8474578
Seth Jones,CHI,D,111,39.5,31.8,36.9,38.3,24.8,35.3,42.7,48.7,51.8,0.23,8477495
J.J. Moser,TBL,D,130,37.5,33.5,36.8,38.1,25.1,62.3,53.6,53.4,53.7,0.24,8482655
Kaiden Guhle,MTL,D,90,42.3,29.3,36.7,36.5,26.8,55.4,43.4,50.9,54.3,0.23,8482087
Simon Edvinsson,DET,D,146,38.3,29.3,36.7,35.6,27.7,58.1,48.1,47.0,56.7,0.16,8482762
Zach Werenski,CBJ,D,152,37.3,29.5,36.6,37.5,25.8,81.3,52.3,53.9,56.2,0.43,8478460
Evan Bouchard,EDM,D,159,34.5,30.7,36.6,36.9,26.5,88.3,53.2,58.8,63.0,0.42,8480803
Cale Makar,COL,D,152,39.7,30.4,36.6,36.6,26.8,87.1,54.9,56.6,61.6,0.51,8480069
Mikey Anderson,LAK,D,153,40.0,29.8,36.4,38.0,25.5,62.7,49.3,52.7,58.6,0.16,8479998
Filip Hronek,VAN,D,138,37.9,29.5,36.4,35.2,28.3,39.7,43.2,49.3,57.1,0.16,8479425
Adam Pelech,NYI,D,138,39.3,27.3,36.3,36.5,27.1,50.9,49.1,54.0,59.1,0.22,8476917
Brady Skjei,NSH,D,159,38.0,28.1,36.1,37.0,26.9,54.2,47.5,47.2,51.1,0.2,8476869
Devon Toews,COL,D,141,38.6,29.7,36.0,36.9,27.1,87.9,54.0,58.0,63.2,0.31,8478038
K'Andre Miller,CAR,D,143,39.8,30.2,36.0,37.3,26.7,44.1,48.2,56.0,56.6,0.22,8480817
Ben Chiarot,DET,D,159,36.9,29.7,36.0,36.7,27.3,41.6,39.2,45.0,47.3,0.15,8475279
Johnathan Kovacevic,NJD,D,111,34.0,31.8,35.8,36.7,27.5,65.2,45.1,55.2,55.9,0.14,8480192
Colton Parayko,STL,D,139,38.1,27.6,35.7,36.7,27.7,71.3,43.5,57.6,56.7,0.29,8476892
Charlie McAvoy,BOS,D,119,38.2,31.7,35.7,38.4,25.9,46.6,43.1,54.2,57.7,0.23,8479325
Mattias Samuelsson,BUF,D,136,39.8,28.3,35.7,36.8,27.4,74.3,45.6,51.0,52.0,0.19,8480807
Dylan Samberg,WPG,D,122,40.4,27.8,35.6,38.2,26.2,54.2,50.2,53.8,53.9,0.15,8480049
Drew Doughty,LAK,D,100,40.0,26.7,35.3,38.1,26.6,56.2,51.2,51.4,58.3,0.12,8474563
John Klingberg,SJS,D,66,35.3,31.2,35.2,36.7,28.1,53.2,42.2,46.8,52.0,0.23,8475906
Yan Kuznetsov,CGY,D,57,38.5,25.3,35.2,36.3,28.5,4.9,45.6,45.3,42.7,0.12,8482165
Niko Mikkola,FLA,D,141,35.8,31.8,35.1,38.5,26.4,49.3,46.2,53.8,56.2,0.19,8478859
Esa Lindell,DAL,D,160,37.1,27.6,35.1,38.1,26.8,68.5,50.8,51.6,57.4,0.17,8476902
Rasmus Andersson,CGY,D,159,38.8,31.0,35.1,38.2,26.7,28.6,41.8,47.1,59.2,0.31,8478397
Alec Martinez,CHI,D,43,34.5,29.1,35.1,36.6,28.3,23.3,35.4,40.2,50.8,0.11,8474166
Shea Theodore,VGK,D,134,36.0,30.1,34.9,38.1,27.0,71.0,50.8,59.0,57.2,0.3,8477447
Noah Dobson,MTL,D,147,36.0,30.1,34.9,37.6,27.5,86.4,48.9,51.2,53.5,0.28,8480865
Miro Heiskanen,DAL,D,127,37.0,29.2,34.9,37.8,27.3,71.3,53.1,52.7,59.0,0.24,8480036
Jalen Chatfield,CAR,D,147,38.2,27.9,34.8,38.1,27.0,47.1,50.2,55.0,58.8,0.21,8478970
Kris Letang,PIT,D,145,36.2,31.2,34.8,39.3,25.8,56.5,44.6,48.4,52.7,0.18,8471724
Jonathan Aspirot,BOS,D,61,36.5,30.5,34.8,37.3,27.8,45.7,44.4,54.4,51.9,0.17,8481219
Brent Burns,COL,D,159,38.5,28.7,34.7,36.8,28.5,48.9,50.7,53.6,61.1,0.24,8470613
Josh Morrissey,WPG,D,154,36.9,30.2,34.7,38.5,26.8,47.7,46.1,54.5,58.5,0.23,8477504
Philip Broberg,STL,D,147,37.3,27.9,34.5,37.2,28.3,53.4,44.5,57.9,56.0,0.24,8481598
Mario Ferraro,SJS,D,158,36.2,29.1,34.4,36.6,29.0,29.9,41.0,47.9,48.5,0.14,8479983
Brayden McNabb,VGK,D,142,35.2,28.5,34.4,37.2,28.4,87.7,51.0,58.0,59.2,0.23,8475188
Will Borgen,NYR,D,155,37.3,28.5,34.4,35.9,29.7,32.5,44.0,43.1,48.3,0.11,8478840
Ivan Provorov,CBJ,D,160,36.1,26.8,34.3,37.9,27.7,72.8,47.1,49.1,52.9,0.19,8478500
Jonas Siegenthaler,NJD,D,137,34.5,28.8,34.2,38.1,27.7,55.9,45.0,55.0,52.5,0.13,8478399
John Marino,UTA,D,114,36.2,29.0,34.2,38.4,27.4,42.0,54.3,52.3,56.4,0.12,8478507
Jake Walman,SJS,D,117,35.4,29.6,34.1,36.7,29.2,58.8,42.8,45.8,50.4,0.32,8478013
Jake Middleton,MIN,D,142,36.3,26.9,34.1,36.1,29.7,55.6,44.7,50.5,50.0,0.2,8478136
Connor Murphy,CHI,D,144,34.1,28.6,34.1,36.5,29.4,32.9,43.5,46.8,51.1,0.18,8476473
Jackson LaCombe,ANA,D,153,36.3,28.3,34.1,36.3,29.6,48.5,48.3,50.1,53.3,0.32,8481605
Cam York,PHI,D,137,38.0,28.6,34.1,37.7,28.2,77.8,47.7,52.3,56.2,0.25,8481546
Brett Pesce,NJD,D,105,34.2,31.8,34.0,38.1,27.9,83.8,45.5,53.1,59.6,0.2,8477488
Parker Wotherspoon,PIT,D,131,35.5,29.6,34.0,37.3,28.7,47.1,42.9,52.7,57.0,0.1,8478450
Dylan DeMelo,WPG,D,160,37.3,29.1,33.9,38.8,27.3,83.2,48.1,54.6,57.8,0.13,8476331
Artyom Levshunov,CHI,D,82,31.3,31.3,33.9,35.6,30.5,31.9,36.2,44.8,44.9,0.18,8484783
Adam Fox,NYR,D,125,35.3,30.0,33.9,38.7,27.5,68.2,51.3,52.5,63.5,0.23,8479323
Sam Rinzel,CHI,D,59,32.6,31.4,33.8,35.6,30.6,39.6,45.1,45.0,41.7,0.26,8483506
Hampus Lindholm,BOS,D,84,37.2,29.0,33.8,37.9,28.2,45.1,45.1,54.5,53.8,0.19,8476854
Rasmus Dahlin,BUF,D,146,36.2,29.4,33.7,37.8,28.5,79.9,48.9,55.8,56.0,0.37,8480839
Brandon Carlo,BOS,D,134,34.7,29.4,33.6,36.9,29.4,52.0,40.6,43.7,55.6,0.11,8478443
Dmitry Orlov,SJS,D,153,35.9,28.8,33.6,38.4,28.0,37.1,47.5,51.5,55.9,0.21,8475200
Quinn Hughes,MIN,D,138,34.4,28.8,33.6,35.0,31.3,55.0,50.5,53.2,58.4,0.29,8480800
Rasmus Ristolainen,PHI,D,107,37.3,27.3,33.6,36.8,29.7,45.4,47.8,56.3,55.0,0.23,8477499
Cody Ceci,SJS,D,162,35.3,28.3,33.6,37.1,29.3,39.2,40.0,44.3,51.3,0.14,8476879
Nikita Zadorov,BOS,D,158,36.4,29.6,33.5,37.7,28.8,39.6,39.5,51.7,54.7,0.15,8477507
Justin Faulk,STL,D,154,34.0,27.0,33.5,36.4,30.1,50.6,44.5,48.2,48.2,0.2,8475753
Tyler Myers,VAN,D,144,34.7,29.5,33.5,36.4,30.1,37.3,44.0,48.3,49.6,0.22,8474574
Alexander Romanov,NYI,D,75,35.6,26.8,33.4,36.7,29.9,77.5,48.2,41.5,50.8,0.17,8481014
Roman Josi,NSH,D,121,33.7,27.2,33.4,36.9,29.7,45.7,47.2,47.0,54.8,0.34,8474600
Bowen Byram,BUF,D,160,36.9,27.9,33.2,37.7,29.2,67.9,43.7,52.0,52.0,0.27,8481524
Tom Willander,VAN,D,69,37.6,27.1,33.2,34.8,32.0,5.1,34.9,40.0,46.5,0.12,8484240
Oliver Ekman-Larsson,TOR,D,153,33.8,28.2,33.2,35.6,31.2,67.6,42.6,49.7,53.6,0.18,8475171
Alexandre Carrier,MTL,D,148,35.9,27.2,33.0,38.2,28.8,58.6,41.1,50.5,53.1,0.2,8478851
Dante Fabbro,CBJ,D,138,32.5,27.4,33.0,37.2,29.7,80.8,47.9,47.5,55.3,0.12,8479371
Luke Hughes,NJD,D,135,33.2,30.5,32.9,38.6,28.5,55.0,46.9,49.8,57.8,0.3,8482684
Neal Pionk,WPG,D,118,36.9,27.1,32.9,38.5,28.6,41.2,44.7,51.6,53.2,0.16,8480145
Dougie Hamilton,NJD,D,141,32.1,30.6,32.9,38.1,29.0,59.4,48.6,53.9,53.7,0.28,8476462
Timothy Liljegren,SJS,D,111,33.7,28.1,32.9,36.9,30.2,34.1,40.7,48.7,48.2,0.21,8480043
Tony DeAngelo,NYI,D,107,34.3,26.6,32.6,36.9,30.4,47.2,46.5,46.0,52.7,0.25,8477950
Matt Roy,WSH,D,145,34.8,28.7,32.6,37.6,29.8,63.4,49.7,46.7,51.3,0.17,8478911
Ryan Lindgren,NYR,D,146,34.8,27.7,32.6,36.3,31.1,49.8,44.1,41.8,49.3,0.16,8479324
Denton Mateychuk,CBJ,D,116,34.9,28.4,32.6,37.7,29.7,77.5,48.0,51.3,50.1,0.22,8483485
Victor Hedman,TBL,D,109,31.6,31.6,32.6,40.0,27.5,67.1,53.2,51.2,52.0,0.26,8475167
Jared Spurgeon,MIN,D,143,34.8,25.5,32.5,37.8,29.6,64.7,49.7,52.3,55.5,0.2,8474716
Martin Fehérváry,WSH,D,159,35.9,28.5,32.5,38.9,28.6,46.8,44.3,51.5,56.7,0.2,8480796
Brandon Montour,SEA,D,141,36.8,27.5,32.4,36.4,31.2,6.9,42.8,49.4,49.6,0.33,8477986
Derek Forbort,VAN,D,53,28.6,31.9,32.3,35.9,31.8,27.5,34.3,52.1,46.4,0.12,8475762
Carson Soucy,NYR,D,147,32.7,26.8,32.3,36.6,31.1,17.4,39.0,44.2,50.9,0.18,8477369
Elias Salomonsson,WPG,D,32,41.8,20.7,32.2,37.2,30.6,39.9,45.7,44.6,57.9,0.17,8483510
MacKenzie Weegar,CGY,D,156,36.0,28.1,32.0,37.8,30.2,24.8,47.0,48.9,53.4,0.19,8477346
Alex Pietrangelo,VGK,D,71,34.3,24.8,32.0,38.9,29.0,90.2,51.2,53.4,53.4,0.23,8474565
Matt Grzelcyk,PIT,D,148,31.1,30.7,32.0,38.1,29.8,55.8,42.9,47.9,47.1,0.12,8476891
Damon Severson,CBJ,D,141,33.8,26.1,32.0,38.1,29.9,70.0,51.0,53.2,56.2,0.24,8476923
Thomas Harley,DAL,D,146,34.2,27.8,31.9,38.7,29.4,66.1,46.7,51.5,57.2,0.32,8481581
Olli Määttä,UTA,D,115,32.7,29.0,31.7,37.8,30.5,13.5,45.5,53.7,51.7,0.19,8476874
Sean Durzi,UTA,D,86,33.8,26.0,31.6,36.5,32.0,44.8,48.7,50.4,56.3,0.22,8480434
Morgan Rielly,TOR,D,156,30.8,27.7,31.5,35.7,32.9,63.4,44.6,47.8,54.3,0.22,8476853
Jacob Trouba,ANA,D,155,33.0,27.1,31.5,38.1,30.4,52.8,45.2,45.9,48.9,0.21,8476885
Owen Power,BUF,D,157,35.6,26.7,31.4,39.8,28.7,70.2,45.3,49.4,53.1,0.25,8482671
Shakir Mukhamadullin,SJS,D,79,34.1,26.6,31.2,36.8,32.1,28.3,41.0,43.5,48.9,0.16,8482166
Joel Edmundson,LAK,D,154,31.4,28.2,31.2,39.2,29.6,67.6,43.9,47.6,58.1,0.17,8476441
Henri Jokiharju,BUF,D,97,32.8,26.2,31.2,38.6,30.2,47.5,41.2,50.6,57.8,0.12,8480035
Conor Timmins,TOR,D,104,33.7,29.8,31.2,36.0,32.8,69.1,48.8,47.8,52.1,0.17,8479982
Brian Dumoulin,LAK,D,157,32.0,28.4,31.1,37.2,31.7,24.1,43.7,45.7,50.3,0.14,8475208
Braden Schneider,NYR,D,159,33.2,27.0,31.0,35.8,33.2,37.5,41.9,47.5,48.0,0.15,8482073
Darnell Nurse,EDM,D,153,31.9,25.4,30.8,38.1,31.1,59.9,49.3,49.7,54.7,0.29,8477498
Ethan Del Mastro,CHI,D,42,28.5,27.5,30.8,32.5,36.7,26.3,42.7,33.0,48.8,0.12,8482807
Jamie Drysdale,PHI,D,145,32.4,25.8,30.8,36.0,33.3,42.2,49.6,50.7,49.7,0.17,8482142
Andreas Englund,NSH,D,35,27.1,25.2,30.7,32.9,36.4,40.3,56.8,43.0,55.9,0.08,8477971
Lane Hutson,MTL,D,160,32.4,27.5,30.7,38.4,30.9,52.6,51.4,52.8,59.0,0.26,8483457
Rasmus Sandin,WSH,D,152,34.1,27.1,30.6,38.6,30.8,50.2,46.9,54.7,50.6,0.19,8480873
Darren Raddysh,TBL,D,143,30.2,30.4,30.6,39.3,30.1,62.4,51.9,54.2,55.6,0.27,8478178
Wyatt Kaiser,CHI,D,131,30.6,28.4,30.5,37.4,32.1,28.3,40.5,42.7,51.7,0.17,8482176
Nick Seeler,PHI,D,154,34.8,24.9,30.5,36.4,33.0,38.6,47.4,53.9,48.2,0.15,8476372
Elias Pettersson,VAN,D,93,30.5,27.0,30.5,35.5,33.9,10.7,35.9,40.0,47.8,0.14,8483678
Ilya Lyubushkin,DAL,D,129,32.0,25.6,30.4,37.1,32.5,76.4,48.9,46.2,47.8,0.12,8480950
Radko Gudas,ANA,D,134,31.7,27.5,30.4,35.6,34.1,28.7,47.0,49.5,47.3,0.1,8475462
Brenden Dillon,NJD,D,160,30.0,27.8,30.3,37.9,31.9,57.2,47.6,50.0,53.1,0.09,8475455
Thomas Chabot,OTT,D,134,35.1,26.2,30.3,38.8,31.0,13.2,51.3,54.8,56.1,0.27,8478469
Dmitry Kulikov,FLA,D,88,28.9,28.2,30.1,37.9,32.0,58.4,45.2,50.7,59.3,0.16,8475179
Henry Thrun,SJS,D,60,26.2,32.4,30.0,35.7,34.2,27.4,32.1,38.3,42.7,0.09,8481567
Matthew Robertson,NYR,D,73,32.4,27.1,30.0,38.1,31.9,8.0,45.0,41.5,57.3,0.16,8481525
Zach Whitecloud,VGK,D,148,33.2,23.2,29.9,37.1,33.0,52.7,45.9,53.2,54.1,0.15,8480727
Cam Fowler,STL,D,147,32.3,25.2,29.8,37.2,33.0,57.2,48.5,48.9,53.1,0.17,8475764
John Carlson,WSH,D,147,32.7,26.4,29.8,39.8,30.3,65.6,48.0,56.4,56.8,0.33,8474590
Andrew Peeke,BOS,D,149,31.8,27.8,29.7,39.8,30.5,40.5,39.7,46.5,50.6,0.12,8479369
Noah Hanifin,VGK,D,148,33.0,26.9,29.7,40.3,30.0,81.8,52.3,56.6,59.2,0.24,8478396
Jeremy Lauzon,VGK,D,96,33.3,25.8,29.4,38.3,32.4,65.5,45.0,51.4,59.5,0.2,8478468
Albert Johansson,DET,D,139,28.1,26.8,29.3,35.0,35.7,52.0,44.3,45.8,46.7,0.15,8481607
Nick Leddy,SJS,D,61,32.2,26.2,29.3,38.5,32.2,58.8,41.4,44.2,53.7,0.1,8475181
Daniil Miromanov,CGY,D,45,31.9,34.3,29.2,39.5,31.4,30.1,40.5,47.4,49.4,0.16,8482624
Adam Wilsby,NSH,D,80,29.0,25.0,29.2,36.5,34.3,50.3,49.2,50.1,54.6,0.23,8482482
Josh Manson,COL,D,127,32.7,26.0,29.2,37.5,33.3,55.0,54.3,50.8,59.6,0.27,8476312
Nick Blankenburg,NSH,D,116,31.4,23.1,29.0,36.3,34.7,38.5,46.1,52.2,54.6,0.27,8483565
Nick Jensen,OTT,D,130,34.1,25.1,28.8,39.6,31.6,76.2,48.9,52.0,55.1,0.13,8475324
Jamie Oleksiak,SEA,D,157,31.9,24.4,28.7,34.9,36.4,46.8,41.8,45.4,51.3,0.15,8476467
Michael Kesselring,UTA,D,112,30.9,27.4,28.6,38.7,32.7,22.6,51.9,55.7,51.5,0.26,8480891
Jakob Chychrun,WSH,D,153,29.7,26.0,28.5,38.7,32.7,43.8,46.3,52.7,50.5,0.36,8479345
Charle-Edouard D'Astous,TBL,D,70,27.7,28.9,28.4,39.4,32.2,54.8,50.9,61.5,55.4,0.23,8480426
Brett Kulak,EDM,D,160,29.6,27.1,28.4,36.6,35.1,59.0,48.0,48.4,54.4,0.19,8476967
Brandt Clarke,LAK,D,156,27.0,27.8,28.3,39.7,32.0,65.4,49.9,50.6,61.8,0.23,8482730
Troy Stecher,TOR,D,127,29.4,25.0,28.3,36.2,35.5,69.8,40.6,47.5,52.8,0.15,8479442
Nick Perbix,NSH,D,149,27.7,27.2,28.3,37.7,34.0,53.7,46.8,47.0,50.8,0.2,8480246
Philippe Myers,TOR,D,71,27.3,26.1,28.0,37.9,34.1,54.5,41.2,47.9,43.6,0.17,8479026
Simon Benoit,TOR,D,147,28.1,26.3,28.0,36.1,35.9,56.9,39.6,41.4,45.0,0.12,8481122
Ilya Solovyov,PIT,D,35,28.0,23.5,28.0,36.8,35.2,37.5,47.5,59.2,58.1,0.13,8482470
Ryan Suter,STL,D,80,25.8,24.3,27.9,34.9,37.1,64.5,38.9,52.4,52.8,0.13,8470600
Hunter Brzustewicz,CGY,D,34,29.9,16.8,27.8,34.4,37.8,2.3,49.2,46.4,49.8,0.12,8484150
Ryan Shea,PIT,D,116,31.0,24.9,27.8,39.5,32.7,41.3,43.7,53.8,52.3,0.15,8478854
Sean Walker,CAR,D,159,30.7,25.3,27.7,38.2,34.1,55.9,55.0,57.5,58.4,0.35,8480336
Drew Helleson,ANA,D,113,28.2,24.3,27.6,35.5,36.8,40.6,37.4,44.3,46.9,0.15,8481563
Nicolas Hague,VGK,D,130,29.3,23.6,27.6,36.8,35.6,57.9,41.9,47.3,54.2,0.15,8479980
Connor Clifton,BUF,D,119,29.4,24.6,27.6,37.5,34.9,38.5,47.1,50.4,52.5,0.18,8477365
Erik Gudbranson,CBJ,D,49,29.9,23.4,27.6,38.8,33.7,63.8,42.5,39.5,45.9,0.11,8475790
Pavel Mintyukov,ANA,D,137,28.5,26.7,27.5,36.4,36.1,36.5,41.2,47.0,48.9,0.27,8483490
Samuel Girard,COL,D,130,30.5,23.6,27.4,38.5,34.1,55.3,54.7,55.4,53.7,0.17,8479398
Joel Hanley,CGY,D,118,29.3,26.2,27.3,37.8,34.9,17.6,51.4,45.6,55.3,0.1,8477810
Marc Del Gaizo,NSH,D,42,27.9,24.5,27.3,38.8,34.0,28.7,44.9,49.3,48.5,0.23,8481743
Noah Juulsen,PHI,D,87,27.8,24.7,27.3,34.9,37.9,34.6,37.8,49.3,42.0,0.11,8478454
Jan Rutta,SJS,D,52,26.5,27.7,27.2,36.4,36.4,23.3,44.2,40.1,37.2,0.1,8480172
Egor Zamula,PHI,D,93,31.5,21.8,27.2,37.5,35.3,24.7,54.5,50.1,52.8,0.08,8481178
Axel Sandin-Pellikka,DET,D,68,29.5,25.7,27.1,38.2,34.7,41.1,38.0,48.7,46.4,0.16,8484223
Simon Nemec,NJD,D,93,27.0,26.8,27.1,40.1,32.8,56.2,46.1,46.3,45.5,0.2,8483495
Ian Cole,UTA,D,159,29.3,27.2,27.1,38.0,34.9,26.1,50.1,53.2,50.8,0.16,8474013
Ryker Evans,SEA,D,136,30.2,25.6,27.1,35.8,37.1,30.5,40.0,50.0,51.4,0.11,8482858
Justin Barron,NSH,D,109,27.5,25.2,27.0,38.2,34.8,47.9,41.2,51.8,54.3,0.26,8482111
Jacob Bernard-Docker,DET,D,99,27.4,25.7,27.0,36.6,36.3,32.9,43.8,50.1,47.3,0.13,8480879
Declan Chisholm,MIN,D,89,26.6,26.5,26.9,38.6,34.5,40.4,49.2,48.0,50.3,0.12,8480990
Nate Schmidt,UTA,D,157,27.9,26.4,26.8,38.5,34.7,60.1,53.8,56.8,58.5,0.21,8477220
Mason Lohrei,BOS,D,146,26.6,27.2,26.5,38.9,34.6,44.7,41.9,45.6,52.2,0.21,8482511
Urho Vaakanainen,NYR,D,82,29.2,26.7,26.5,37.3,36.2,20.5,51.4,46.8,47.8,0.15,8480001
Zeev Buium,VAN,D,75,27.7,26.5,26.2,36.2,37.6,25.9,40.3,46.1,45.5,0.15,8484798
Nils Lundkvist,DAL,D,91,28.3,24.5,26.1,38.9,35.1,77.7,46.8,53.1,56.2,0.16,8480878
Haydn Fleury,WPG,D,75,29.2,24.5,26.0,34.6,39.4,45.8,34.2,45.5,47.0,0.15,8477938
Travis Hamonic,OTT,D,84,28.3,24.3,26.0,39.6,34.4,25.7,47.0,41.6,49.2,0.14,8474612
Pierre-Olivier Joseph,PIT,D,78,27.0,26.5,26.0,38.2,35.9,25.6,42.4,43.7,55.6,0.15,8480058
Cale Fleury,SEA,D,36,25.6,19.8,25.9,32.5,41.7,6.3,44.1,53.7,47.3,0.15,8479985
Emil Andrae,PHI,D,100,28.9,22.2,25.8,36.0,38.2,38.3,51.0,54.6,54.2,0.18,8482126
Jordan Spence,OTT,D,149,25.0,26.0,25.8,37.0,37.2,59.6,57.8,60.5,62.0,0.23,8481606
Scott Perunovich,STL,D,35,26.6,24.2,25.8,33.8,40.4,55.1,39.6,49.6,60.0,0.08,8481059
Lian Bichsel,DAL,D,84,23.3,27.1,25.7,37.8,36.5,55.2,44.8,50.1,53.7,0.18,8483425
Ian Moore,ANA,D,68,29.6,26.8,25.7,37.2,37.1,63.8,50.5,48.6,51.8,0.39,8482178
David Savard,MTL,D,71,26.7,24.2,25.6,37.8,36.6,40.3,37.1,48.8,44.9,0.11,8475233
Zach Bogosian,MIN,D,119,27.7,24.1,25.6,36.8,37.6,44.9,47.1,43.2,50.3,0.13,8474567
Scott Mayfield,NYI,D,142,24.8,25.9,25.6,36.0,38.5,50.6,41.8,47.9,48.9,0.14,8476429
Trevor van Riemsdyk,WSH,D,147,27.6,25.5,25.5,39.9,34.6,66.0,43.0,57.3,52.9,0.15,8477845
Logan Mailloux,STL,D,73,30.2,18.9,25.3,34.4,40.3,60.2,39.7,47.2,49.6,0.24,8482733
Olen Zellweger,ANA,D,136,27.4,22.6,25.3,37.0,37.7,46.9,50.7,47.3,50.9,0.36,8482803
Jon Merrill,MIN,D,67,26.0,27.2,25.3,36.6,38.0,34.2,49.2,41.8,46.2,0.11,8475750
Vincent Desharnais,SJS,D,104,26.9,26.1,25.3,39.3,35.4,24.0,51.8,47.5,51.8,0.08,8479576
Jordan Oesterle,BOS,D,34,26.1,26.0,25.0,41.2,33.8,35.6,47.6,48.9,51.3,0.17,8477851
Jayden Struble,MTL,D,111,25.0,25.8,24.7,37.1,38.2,68.2,49.7,57.0,52.3,0.13,8481593
Zayne Parekh,CGY,D,37,23.7,20.0,24.6,32.3,43.1,1.9,39.9,45.7,45.6,0.23,8484768
Mathew Dumba,DAL,D,70,22.9,28.7,24.6,37.6,37.8,72.1,44.6,48.5,52.1,0.19,8476856
Jeff Petry,FLA,D,108,26.6,24.5,24.5,37.9,37.6,35.5,42.6,50.4,55.4,0.12,8473507
Justin Holl,DET,D,77,23.1,27.2,24.5,38.4,37.1,35.1,51.2,52.9,55.3,0.12,8475718
Sam Malinski,COL,D,153,28.5,23.6,24.3,37.5,38.2,56.4,59.9,55.0,59.5,0.28,8484258
Ryan Graves,PIT,D,80,28.3,24.5,24.3,39.7,36.0,30.1,46.5,49.9,53.0,0.15,8477435
Luke Schenn,NSH,D,124,24.9,26.0,24.3,37.4,38.3,34.2,47.9,45.2,47.3,0.14,8474568
Ty Emberson,EDM,D,143,25.7,22.4,24.3,36.6,39.1,49.7,43.9,47.8,53.7,0.11,8480834
Spencer Stastney,EDM,D,89,24.9,21.7,24.2,36.3,39.5,45.1,46.6,47.8,51.1,0.14,8481056
Nolan Allan,CHI,D,43,26.8,22.5,24.2,38.2,37.6,23.5,35.5,35.0,41.7,0.1,8482700
Zac Jones,NYR,D,44,21.6,24.1,23.9,34.1,42.0,32.2,60.6,41.3,47.2,0.19,8481708
Jacob Bryson,BUF,D,97,25.4,23.3,23.9,35.6,40.5,46.3,42.6,48.1,49.7,0.1,8480196
Isaiah George,NYI,D,37,20.9,27.1,23.8,38.6,37.6,74.2,33.5,47.0,51.3,0.07,8483448
Kaedan Korczak,VGK,D,115,25.9,22.2,23.8,37.0,39.2,58.1,56.2,53.5,58.1,0.16,8481527
Nick DeSimone,UTA,D,55,21.5,30.4,23.8,37.0,39.2,33.1,47.0,48.6,60.0,0.21,8480084
Brendan Smith,DAL,D,45,23.8,20.0,23.7,35.1,41.2,56.4,41.3,39.9,47.1,0.26,8474090
Victor Mancini,NYR,D,51,20.4,25.4,23.6,37.5,38.9,24.2,37.1,28.4,44.6,0.14,8483768
TJ Brodie,CHI,D,54,25.5,24.8,23.6,36.8,39.6,25.2,38.0,45.8,46.8,0.11,8474673
Brayden Pachal,CGY,D,111,23.3,25.2,23.4,36.6,40.0,19.2,47.5,53.3,42.4,0.14,8481167
Joshua Mahura,SEA,D,84,24.4,25.8,23.3,35.2,41.4,12.5,49.0,41.7,48.0,0.13,8479372
Jack St. Ivany,PIT,D,39,29.4,22.8,23.2,43.2,33.6,33.5,41.3,49.8,53.4,0.11,8481030
Uvis Balinskis,FLA,D,126,24.5,25.4,23.1,37.4,39.6,45.6,43.6,54.1,55.3,0.21,8484304
Vladislav Kolyachonok,UTA,D,48,27.1,26.3,23.0,36.6,40.4,21.2,57.0,51.6,49.6,0.17,8481609
Colin Miller,WPG,D,76,24.1,22.9,22.9,37.2,39.9,38.1,46.9,51.7,54.6,0.17,8476525
Dennis Cholowski,NYI,D,56,20.6,24.8,22.5,37.6,39.9,48.7,40.2,48.6,48.9,0.14,8479395
Logan Stanley,WPG,D,136,24.1,23.6,22.3,38.3,39.4,38.4,48.6,47.0,48.9,0.21,8479378
Sam Dickinson,SJS,D,71,27.1,23.1,22.2,40.2,37.6,36.9,43.8,41.7,52.3,0.2,8484806
Erik Gustafsson,DET,D,62,19.6,27.1,22.1,37.3,40.6,33.4,51.5,48.0,50.2,0.2,8476979
Adam Boqvist,NYI,D,63,22.6,24.4,22.1,38.3,39.6,44.9,46.6,47.1,45.0,0.18,8480871
Jake Christiansen,CBJ,D,106,23.2,22.9,21.9,39.2,38.9,49.6,40.3,40.5,50.4,0.11,8481161
Nikolas Matinpalo,OTT,D,89,22.9,22.2,21.8,36.2,41.9,20.1,46.0,51.2,51.2,0.18,8484321
Jake Bean,CGY,D,77,22.3,24.5,21.7,37.7,40.6,25.5,43.0,51.1,49.7,0.14,8479402
Emil Lilleberg,TBL,D,123,20.3,26.6,21.7,38.7,39.6,49.2,43.8,52.6,55.6,0.19,8482929
Alexander Petrovic,DAL,D,57,22.5,24.6,21.7,41.1,37.1,58.1,50.6,46.3,53.3,0.25,8475755
Tyler Kleven,OTT,D,146,24.5,22.3,21.6,39.9,38.5,16.1,43.9,49.8,54.8,0.14,8482095
David Jiricek,MIN,D,38,24.2,21.5,21.4,35.0,43.6,51.5,27.5,51.4,49.1,0.09,8483460
Jack Johnson,CBJ,D,41,20.2,23.5,21.4,36.8,41.8,51.1,23.4,49.3,41.1,0.12,8471677
Jacob Moverare,LAK,D,61,17.3,24.7,21.2,37.6,41.2,71.2,52.4,57.6,60.4,0.08,8479421
Tyler Tucker,STL,D,104,19.3,20.7,21.1,35.0,43.8,60.5,49.5,55.5,51.8,0.2,8481006
Zach Metsa,BUF,D,43,25.7,23.2,21.1,39.5,39.4,77.5,46.2,52.4,46.9,0.15,8484305
Tobias Bjornfot,FLA,D,33,21.8,21.6,21.1,40.9,38.1,40.5,54.0,52.5,58.2,0.24,8481600
Alexander Nikishin,CAR,D,81,24.0,21.7,20.8,38.3,40.9,57.9,47.8,53.0,62.2,0.24,8482100
Joel Nystrom,CAR,D,38,24.2,28.6,20.7,40.0,39.3,61.2,52.3,49.7,71.3,0.15,8482911
Donovan Sebrango,FLA,D,44,18.9,27.3,20.6,40.1,39.3,22.3,35.7,52.0,52.2,0.1,8482131
Shayne Gostisbehere,CAR,D,124,20.4,24.6,20.3,39.0,40.7,37.6,53.4,61.5,61.2,0.31,8476906
Declan Carlile,TBL,D,45,18.9,28.6,20.3,38.4,41.2,50.8,52.5,50.2,50.5,0.2,8483398
Matthew Kessel,STL,D,58,18.1,20.4,19.9,33.1,47.0,51.5,38.3,57.9,46.1,0.14,8482516
Scott Morrow,NYR,D,40,21.4,17.8,19.8,37.2,43.0,9.1,49.8,49.9,50.1,0.18,8482666
Juuso Välimäki,UTA,D,43,21.5,27.6,19.7,42.8,37.5,3.1,47.1,54.6,47.5,0.22,8479976
Ben Hutton,VGK,D,63,17.9,20.3,19.4,36.1,44.5,60.8,42.0,56.9,59.9,0.23,8477018
Mike Reilly,CAR,D,60,22.2,22.5,19.4,38.6,42.0,58.6,59.7,53.6,62.5,0.21,8476422
Arber Xhekaj,MTL,D,135,19.1,23.3,19.1,37.4,43.5,33.9,40.0,46.8,49.8,0.15,8482964
Max Crozier,TBL,D,40,19.9,21.7,18.3,40.9,40.7,52.5,48.4,59.9,57.6,0.2,8481719
Jordan Harris,CBJ,D,39,16.7,23.0,17.7,41.8,40.5,45.8,29.6,49.6,38.3,0.13,8480887
Calvin de Haan,COL,D,47,17.2,21.0,16.9,35.2,47.9,38.4,48.9,56.1,51.0,0.13,8475177
Keaton Middleton,COL,D,40,17.3,20.5,16.1,35.3,48.6,36.9,44.2,59.8,45.3,0.18,8479387
