player_name,team,pos,GP,toi_per_game,oz_faceoff_shifts,dz_faceoff_shifts,nz_faceoff_shifts,OZE,DZE,NZE,DNZE,OZE_score,DZE_score,NZE_score,DNZE_score,CF_pct
Aaron Ekblad,FLA,D,313,16.718,730,815,1147,0.7052,0.1907,0.2123,-0.0466,9.3,6.8,7.2,8.5,0.4985
Abram Wiebe,CGY,D,3,11.378,7,3,6,,,,,,,,,0.4
Adam Boqvist,NYI,D,144,13.643,344,212,368,0.6658,0.1233,0.185,-0.1438,7.8,3.4,5.8,6.2,0.4867
Adam Engstrom,MTL,D,15,12.569,29,14,26,,,,,,,,,0.4947
Adam Fox,NYR,D,306,17.413,941,694,1085,0.7154,0.217,0.2334,-0.0215,9.6,8.1,8.2,9.1,0.5126
Adam Ginning,PHI,D,16,13.251,22,15,39,,,,,,,,,0.4818
Adam Larsson,SEA,D,340,18.661,892,801,1348,0.6723,0.1915,0.21,-0.0931,8.0,6.8,7.1,7.4,0.4959
Adam Pelech,NYI,D,272,17.693,573,882,1119,0.7081,0.1832,0.2008,-0.0858,9.4,6.4,6.6,7.5,0.5076
Adam Wilsby,NSH,D,80,15.661,112,167,263,0.5991,0.1797,0.1719,-0.1752,5.3,6.2,5.2,5.4,0.4854
Akito Hirose,VAN,D,10,13.245,11,11,30,,,,,,,,,0.4709
Albert Johansson,DET,D,143,14.663,279,286,402,0.6777,0.1304,0.1701,-0.15,8.2,3.8,5.1,6.0,0.4929
Alec Martinez,CHI,D,204,16.606,464,507,724,0.6347,0.1638,0.1971,-0.1303,6.6,5.4,6.4,6.5,0.4907
Alec Regula,EDM,D,33,13.402,47,39,87,,,0.1548,-0.2533,,,4.4,3.6,0.522
Alex Goligoski,MIN,D,82,14.627,108,117,215,0.6105,0.1489,0.1781,-0.1508,5.7,4.7,5.5,6.0,0.509
Alex Pietrangelo,VGK,D,246,17.808,755,657,923,0.672,0.1943,0.2256,-0.071,8.0,7.0,7.8,7.9,0.514
Alex Vlasic,CHI,D,245,17.775,470,709,986,0.6296,0.1516,0.1805,-0.1477,6.4,4.8,5.6,6.1,0.4771
Alexander Alexeyev,WSH,D,93,13.784,95,168,214,0.6007,0.1311,0.1773,-0.1951,5.4,3.8,5.5,5.0,0.5135
Alexander Edler,LAK,D,68,13.111,133,103,148,0.5985,0.1553,0.2149,-0.1408,5.3,5.0,7.3,6.2,0.5292
Alexander Nikishin,CAR,D,85,15.04,247,112,288,0.6659,0.1876,0.2261,-0.0498,7.8,6.6,7.9,8.4,0.5337
Alexander Petrovic,DAL,D,84,13.906,105,120,236,0.5091,0.1256,0.1648,-0.2036,1.9,3.5,4.8,4.8,0.494
Alexander Romanov,NYI,D,245,18.07,451,586,875,0.6272,0.1574,0.212,-0.1206,6.3,5.1,7.2,6.7,0.5023
Alexandre Carrier,MTL,D,279,16.076,417,714,1007,0.6425,0.1647,0.2109,-0.097,6.9,5.5,7.1,7.3,0.4975
Andreas Englund,NSH,D,172,11.969,211,250,400,0.6241,0.1516,0.169,-0.1458,6.2,4.8,5.1,6.1,0.5047
Andrew Peeke,BOS,D,277,16.392,489,716,880,0.6189,0.1629,0.177,-0.1602,6.0,5.4,5.4,5.8,0.484
Angus Booth,LAK,D,1,12.3,1,4,2,,,,,,,,,
Anton Stralman,BOS,D,8,14.412,17,6,21,,,,,,,,,0.5411
Arber Xhekaj,MTL,D,233,13.03,321,248,580,0.6054,0.1809,0.1894,-0.1469,5.5,6.3,6.1,6.1,0.4837
Artem Zub,OTT,D,265,17.269,463,722,1068,0.6639,0.1813,0.1904,-0.0925,7.7,6.3,6.1,7.4,0.5195
Artyom Levshunov,CHI,D,85,15.834,213,116,233,0.6214,0.133,0.1596,-0.2448,6.1,3.9,4.6,3.8,0.4419
Austin Strand,ANA,D,5,12.273,10,3,12,,,,,,,,,0.5435
Axel Sandin-Pellikka,DET,D,68,13.659,141,129,177,0.6443,0.136,0.1619,-0.1839,7.0,4.0,4.7,5.2,0.4758
Ben Chiarot,DET,D,316,17.683,685,854,1227,0.662,0.1642,0.1771,-0.1439,7.6,5.5,5.4,6.2,0.4797
Ben Harpur,NYR,D,42,13.74,64,64,93,0.5607,0.1122,0.1274,-0.2706,3.9,2.9,3.0,3.2,0.4784
Ben Hutton,VGK,D,141,14.263,343,178,395,0.6616,0.1428,0.1795,-0.1579,7.6,4.4,5.6,5.8,0.5111
Billy Sweezey,CBJ,D,9,14.644,17,20,19,,,,,,,,,0.4098
Bowen Byram,BUF,D,286,18.138,753,763,1099,0.6801,0.1948,0.2158,-0.0742,8.3,7.0,7.4,7.8,0.4964
Brad Hunt,COL,D,48,10.66,58,53,93,0.524,0.0937,0.1392,-0.1717,2.5,1.9,3.6,5.5,0.4859
Braden Schneider,NYR,D,348,15.501,447,608,969,0.6262,0.1591,0.2003,-0.1115,6.3,5.2,6.6,6.9,0.4849
Brady Skjei,NSH,D,350,17.405,813,776,1188,0.7001,0.204,0.2186,-0.0497,9.1,7.4,7.5,8.4,0.5071
Brandon Carlo,TOR,D,322,15.811,436,926,1172,0.6518,0.1606,0.1946,-0.0995,7.3,5.3,6.3,7.2,0.4907
Brandon Montour,SEA,D,335,18.437,855,779,1189,0.688,0.2122,0.2159,-0.1065,8.6,7.9,7.4,7.1,0.4961
Brandon Scanlin,NYR,D,1,10.767,1,2,5,,,,,,,,,0.3044
Brandt Clarke,LAK,D,190,14.59,514,286,538,0.6817,0.1942,0.2258,-0.0831,8.4,7.0,7.9,7.6,0.5369
Brayden McNabb,VGK,D,348,17.117,926,936,1276,0.7037,0.1918,0.2322,-0.0289,9.2,6.8,8.2,8.9,0.5125
Brayden Pachal,CGY,D,175,13.15,266,203,410,0.6324,0.1615,0.169,-0.182,6.5,5.3,5.1,5.3,0.4851
Brendan Smith,CBJ,D,173,12.863,268,316,423,0.6367,0.1497,0.1713,-0.1549,6.7,4.7,5.2,5.9,0.5054
Brenden Dillon,NJD,D,332,15.802,682,715,1108,0.6685,0.1614,0.2023,-0.0879,7.9,5.3,6.7,7.5,0.4975
Brent Burns,COL,D,368,16.222,922,738,1189,0.7166,0.2218,0.2478,0.0057,9.7,8.3,8.9,9.7,0.5211
Brett Kulak,COL,D,387,16.18,775,758,1334,0.6541,0.2163,0.2085,-0.0915,7.3,8.1,7.0,7.4,0.5127
Brett Pesce,NJD,D,283,17.74,778,665,1004,0.7069,0.1992,0.2396,-0.0194,9.3,7.2,8.5,9.1,0.517
Brian Dumoulin,LAK,D,328,16.317,631,725,1115,0.6593,0.1771,0.2091,-0.0726,7.5,6.1,7.0,7.9,0.4942
Brock Faber,MIN,D,254,19.214,569,645,1048,0.6631,0.2108,0.2284,-0.0648,7.7,7.8,8.0,8.0,0.4984
Cal Foote,NJD,D,54,13.664,54,91,132,0.5661,0.1168,0.1356,-0.2269,4.1,3.1,3.4,4.2,0.4782
Cale Fleury,SEA,D,49,13.544,70,72,127,0.5542,0.1129,0.1702,-0.1729,3.6,2.9,5.1,5.5,0.546
Cale Makar,COL,D,315,17.723,1300,625,1177,0.7199,0.2542,0.2236,-0.0573,9.8,9.9,7.7,8.2,0.506
Caleb Jones,PIT,D,114,14.987,190,187,325,0.6514,0.1463,0.1722,-0.1491,7.2,4.6,5.2,6.1,0.4935
Calen Addison,SJS,D,134,13.235,222,184,295,0.6587,0.139,0.1771,-0.1271,7.5,4.2,5.4,6.6,0.4761
Calle Rosen,STL,D,55,14.04,91,93,153,0.666,0.07,0.1627,-0.1016,7.8,0.8,4.7,7.2,0.4915
Calvin de Haan,NYR,D,160,13.696,215,265,474,0.6921,0.1587,0.1966,-0.0937,8.8,5.2,6.4,7.4,0.5308
Cam Dineen,EDM,D,4,15.188,12,4,7,,,,,,,,,0.5676
Cam Fowler,STL,D,319,17.72,820,877,1134,0.6961,0.1741,0.1847,-0.1224,8.9,6.0,5.8,6.7,0.4745
Cam York,PHI,D,276,17.225,598,675,1140,0.6915,0.1623,0.2085,-0.0528,8.7,5.4,7.0,8.3,0.5228
Cameron Crotty,OTT,D,8,12.033,7,10,18,,,,,,,,,0.4762
Carson Lambos,MIN,D,1,9.0,0,2,2,,,,,,,,,0.6667
Carson Soucy,NYI,D,295,14.66,487,568,933,0.6625,0.1263,0.1811,-0.1315,7.7,3.6,5.6,6.5,0.4939
Carter Yakemchuk,OTT,D,4,12.271,21,2,9,,,,,,,,,0.4762
Casey Fitzgerald,FLA,D,29,10.128,44,36,73,,,0.0864,-0.2453,,,1.0,3.8,0.4841
Chad Ruhwedel,NYR,D,104,11.539,117,173,208,0.6009,0.1492,0.1646,-0.1689,5.4,4.7,4.8,5.6,0.4985
Charle-Edouard D'Astous,TBL,D,70,16.371,140,127,265,0.6121,0.1548,0.1754,-0.1472,5.8,5.0,5.4,6.1,0.4843
Charles Alexis Legault,CAR,D,12,12.956,22,16,44,,,,,,,,,0.5431
Charlie McAvoy,BOS,D,280,17.384,960,741,986,0.7026,0.1836,0.2039,-0.0795,9.2,6.4,6.8,7.7,0.5102
Chris Tanev,TOR,D,258,16.565,471,833,1150,0.692,0.167,0.1748,-0.096,8.8,5.6,5.3,7.3,0.5258
Chris Wideman,MTL,D,46,12.083,104,49,137,0.5527,,0.1337,-0.2287,3.6,,3.3,4.2,0.4633
Christian Wolanin,VAN,D,16,13.929,41,14,34,,,,,,,,,0.5312
Cody Ceci,LAK,D,379,16.577,660,902,1412,0.6565,0.1847,0.2213,-0.0709,7.4,6.5,7.6,7.9,0.4808
Cole Hutson,WSH,D,14,14.525,20,21,42,,,,,,,,,0.5128
Cole McWard,NYI,D,9,13.259,10,6,26,,,,,,,,,0.4552
Colin Miller,WPG,D,217,14.438,437,327,689,0.6567,0.1757,0.1967,-0.086,7.4,6.0,6.4,7.5,0.498
Colton Parayko,STL,D,308,19.42,645,1053,1308,0.6803,0.1688,0.203,-0.0976,8.3,5.7,6.7,7.3,0.4928
Colton White,NJD,D,69,12.852,89,127,186,0.6192,0.1013,0.1415,-0.2427,6.0,2.3,3.7,3.9,0.4426
Connor Carrick,BOS,D,1,16.0,1,2,4,,,,,,,,,0.381
Connor Clifton,PIT,D,283,14.408,426,546,862,0.6288,0.1541,0.1859,-0.1131,6.4,5.0,5.9,6.9,0.4974
Connor Mackey,NYR,D,36,12.642,52,56,103,0.5846,0.118,0.1321,-0.2,4.8,3.2,3.2,4.9,0.4628
Connor Murphy,EDM,D,273,16.406,303,689,943,0.5826,0.1512,0.1659,-0.1692,4.7,4.8,4.9,5.6,0.4844
Conor Timmins,BUF,D,159,14.485,329,315,472,0.6636,0.1346,0.1863,-0.1366,7.7,4.0,5.9,6.3,0.514
Corey Schueneman,STL,D,11,14.241,25,16,32,,,,,,,,,0.5669
Daemon Hunt,MIN,D,45,10.76,50,56,97,0.5102,0.09,0.1279,-0.2512,2.0,1.8,3.0,3.7,0.5177
Dakota Mermis,TOR,D,64,12.858,72,69,143,0.6408,0.1204,0.1517,-0.1933,6.9,3.3,4.2,5.0,0.5004
Damon Severson,CBJ,D,301,17.285,680,707,1056,0.6764,0.2122,0.2374,-0.0425,8.2,7.8,8.4,8.6,0.5111
Dan Renouf,BOS,D,1,8.917,4,1,5,,,,,,,,,0.6539
Daniil Miromanov,CGY,D,83,16.664,196,237,327,0.669,0.1593,0.1893,-0.1051,7.9,5.2,6.1,7.1,0.4976
Daniil Misyul,NJD,D,1,12.383,4,0,4,,,,,,,,,0.4737
Dante Fabbro,CBJ,D,280,15.661,579,538,935,0.6559,0.1731,0.2171,-0.0847,7.4,5.9,7.4,7.6,0.5058
Darnell Nurse,EDM,D,378,18.255,836,829,1531,0.6656,0.2099,0.2377,-0.0469,7.8,7.7,8.4,8.5,0.5065
Darren Raddysh,TBL,D,258,16.204,626,408,727,0.6889,0.1872,0.2384,-0.0297,8.6,6.6,8.5,8.9,0.4995
David Jiricek,PHI,D,85,12.984,140,143,221,0.5976,0.132,0.1901,-0.1239,5.2,3.8,6.1,6.6,0.4767
David Reinbacher,MTL,D,2,12.292,2,1,4,,,,,,,,,0.4324
David Savard,MTL,D,202,15.44,312,413,643,0.595,0.1827,0.1775,-0.1873,5.1,6.4,5.5,5.2,0.4836
David Spacek,MIN,D,2,10.6,3,5,6,,,,,,,,,0.3846
Declan Carlile,TBL,D,46,13.245,82,55,122,0.6128,0.0873,0.1837,-0.1562,5.8,1.6,5.8,5.9,0.487
Declan Chisholm,WSH,D,123,14.543,159,205,296,0.6128,0.1788,0.1905,-0.1448,5.8,6.2,6.1,6.2,0.5075
Dennis Cholowski,NJD,D,60,12.199,89,58,119,0.5929,0.1212,0.1743,-0.2038,5.1,3.3,5.3,4.8,0.4952
Dennis Gilbert,OTT,D,94,11.176,147,101,193,0.6826,0.0915,0.144,-0.1894,8.4,1.8,3.8,5.1,0.5039
Denton Mateychuk,CBJ,D,120,16.179,232,250,395,0.6606,0.1357,0.1954,-0.139,7.6,4.0,6.4,6.3,0.4935
Derek Forbort,VAN,D,155,14.168,209,390,496,0.6664,0.1354,0.1488,-0.147,7.8,4.0,4.1,6.1,0.4963
Derrick Pouliot,DAL,D,13,14.145,29,18,43,,,,,,,,,0.481
Devon Toews,COL,D,329,18.522,1204,743,1303,0.7184,0.2427,0.2167,-0.0558,9.7,9.4,7.4,8.2,0.5102
Dillon Heatherington,OTT,D,3,9.211,4,4,3,,,,,,,,,0.5952
Dmitri Samorukov,STL,D,2,14.817,2,3,7,,,,,,,,,0.5625
Dmitri Simashev,UTA,D,27,14.671,58,45,99,0.5425,,0.1477,-0.1795,3.2,,4.0,5.3,0.5114
Dmitry Kulikov,FLA,D,279,15.107,676,581,1001,0.6705,0.1651,0.2037,-0.0836,8.0,5.5,6.8,7.6,0.4788
Dmitry Orlov,SJS,D,338,17.119,690,702,1254,0.6742,0.2246,0.2468,-0.0234,8.1,8.5,8.9,9.0,0.514
Domenick Fensore,CAR,D,3,16.817,6,4,17,,,,,,,,,0.5758
Donovan Sebrango,FLA,D,44,14.048,73,70,134,0.522,0.0894,0.165,-0.186,2.4,1.7,4.9,5.2,0.492
Dougie Hamilton,NJD,D,260,16.872,681,536,946,0.6771,0.1857,0.2211,-0.0686,8.2,6.5,7.6,7.9,0.5094
Drew Doughty,LAK,D,281,19.135,615,743,1162,0.6427,0.201,0.2406,-0.0413,6.9,7.3,8.6,8.6,0.5118
Drew Fortescue,NYR,D,9,14.581,11,13,21,,,,,,,,,0.4686
Drew Helleson,ANA,D,119,14.963,229,253,404,0.6258,0.157,0.1707,-0.1566,6.3,5.1,5.1,5.9,0.4733
Dylan Coghlan,VGK,D,27,12.71,46,35,77,,,0.1407,-0.1391,,,3.7,6.3,0.5546
Dylan DeMelo,WPG,D,342,18.106,1045,849,1335,0.6927,0.1764,0.2091,-0.069,8.8,6.1,7.0,7.9,0.5023
Dylan McIlrath,WSH,D,43,10.527,48,61,89,,0.0547,0.1078,-0.4068,,0.0,2.0,0.0,0.4922
Dylan Samberg,WPG,D,289,15.597,458,627,878,0.6598,0.1811,0.1945,-0.1018,7.6,6.3,6.3,7.2,0.5261
Dysin Mayo,CBJ,D,18,9.854,28,32,58,,,0.1057,-0.1746,,,1.9,5.5,0.5091
Egor Zamula,CBJ,D,176,14.003,283,274,429,0.6476,0.1326,0.1706,-0.1345,7.1,3.9,5.1,6.4,0.5252
Elias Pettersson,VAN,D,97,13.286,155,163,277,0.6138,0.1103,0.1602,-0.194,5.8,2.8,4.6,5.0,0.4824
Elias Salomonsson,WPG,D,32,16.172,46,80,105,,0.1375,0.1281,-0.2019,,4.1,3.0,4.8,0.5071
Emil Andrae,PHI,D,107,14.68,203,141,253,0.6496,0.1208,0.1747,-0.1374,7.2,3.3,5.3,6.3,0.5019
Emil Lilleberg,TBL,D,173,14.614,328,311,538,0.6306,0.1569,0.185,-0.1272,6.5,5.1,5.8,6.6,0.4951
Erik Brannstrom,VAN,D,178,13.613,343,239,466,0.6572,0.1434,0.1845,-0.0999,7.5,4.4,5.8,7.2,0.5217
Erik Cernak,TBL,D,287,15.222,544,762,1196,0.6594,0.166,0.2031,-0.0691,7.5,5.5,6.7,7.9,0.4963
Erik Gudbranson,CBJ,D,201,16.554,370,512,707,0.6343,0.1537,0.1887,-0.1034,6.6,4.9,6.0,7.1,0.4632
Erik Gustafsson,DET,D,226,15.296,540,311,582,0.6885,0.182,0.2064,-0.0923,8.6,6.3,6.9,7.4,0.5045
Erik Johnson,COL,D,175,13.024,273,369,472,0.6658,0.1263,0.1515,-0.1504,7.8,3.6,4.2,6.0,0.4917
Erik Karlsson,PIT,D,320,18.917,925,693,1197,0.6877,0.2323,0.2374,-0.0519,8.6,8.9,8.4,8.3,0.4991
Esa Lindell,DAL,D,381,17.008,496,1038,1409,0.649,0.163,0.2052,-0.1051,7.2,5.4,6.8,7.1,0.4972
Ethan Bear,WSH,D,85,15.508,153,172,267,0.664,0.1146,0.1593,-0.1231,7.7,3.0,4.6,6.7,0.506
Ethan Del Mastro,CHI,D,45,15.781,52,100,138,0.4571,0.1247,0.1288,-0.2982,0.0,3.5,3.1,2.6,0.4751
Evan Bouchard,EDM,D,385,17.591,1005,708,1245,0.7111,0.2553,0.2694,0.0188,9.5,10.0,10.0,10.0,0.5293
Filip Hronek,VAN,D,300,18.284,798,717,1125,0.7066,0.1724,0.1998,-0.1002,9.3,5.9,6.6,7.2,0.4843
Filip Kral,TOR,D,2,9.025,2,3,3,,,,,,,,,0.5
Filip Roos,CHI,D,21,14.605,37,32,55,,,0.1236,-0.2849,,,2.8,2.9,0.4648
Frederic Allard,MTL,D,3,13.15,5,1,9,,,,,,,,,0.6
Frederic Brunet,BOS,D,1,13.533,0,2,3,,,,,,,,,
Gabriel Carlsson,WSH,D,6,12.414,3,21,18,,,,,,,,,0.4461
Gavin Bayreuther,CBJ,D,51,14.529,99,99,129,0.5923,0.1049,0.122,-0.2956,5.0,2.5,2.7,2.6,0.4663
Grant Hutton,NYI,D,15,11.642,12,19,27,,,,,,,,,0.4884
Guillaume Brisebois,VAN,D,20,14.435,42,47,76,,,0.0666,-0.2961,,,0.0,2.6,0.5074
Gustav Forsling,FLA,D,389,18.186,918,945,1466,0.6925,0.1917,0.224,-0.0421,8.8,6.8,7.8,8.6,0.4977
Gustav Lindstrom,ANA,D,82,14.348,153,138,255,0.598,0.117,0.1396,-0.2297,5.3,3.1,3.6,4.2,0.4651
Gustav Olofsson,SEA,D,4,12.65,8,3,4,,,,,,,,,0.5047
Hampus Lindholm,BOS,D,257,16.987,497,752,878,0.6934,0.1829,0.2111,-0.0697,8.8,6.4,7.1,7.9,0.5101
Hardy Haman Aktell,WSH,D,6,10.558,4,4,8,,,,,,,,,0.4957
Harrison Brunicke,PIT,D,9,15.106,14,9,25,,,,,,,,,0.5203
Haydn Fleury,WPG,D,138,13.165,174,216,397,0.5952,0.1474,0.1651,-0.1598,5.2,4.6,4.9,5.8,0.478
Helge Grans,PHI,D,6,13.714,8,9,20,,,,,,,,,0.5366
Henri Jokiharju,BOS,D,235,16.949,571,629,869,0.6927,0.1791,0.1967,-0.0832,8.8,6.2,6.4,7.6,0.4905
Henry Thrun,TOR,D,123,16.253,218,274,415,0.6397,0.1244,0.1684,-0.1678,6.8,3.5,5.0,5.6,0.4561
Hunter Brzustewicz,CGY,D,34,14.827,57,52,105,0.6211,0.079,0.114,-0.2357,6.1,1.2,2.3,4.0,0.4808
Hunter McDonald,PHI,D,1,12.6,3,0,0,,,,,,,,,0.421
Hunter Skinner,STL,D,1,10.75,1,0,4,,,,,,,,,0.4375
Ian Cole,UTA,D,338,15.636,540,744,1038,0.6678,0.1569,0.2235,-0.0618,7.9,5.1,7.7,8.1,0.5192
Ian Mitchell,BOS,D,63,14.233,110,81,168,0.6162,0.0852,0.1579,-0.1813,5.9,1.5,4.5,5.3,0.4594
Ian Moore,ANA,D,69,12.672,120,145,181,0.6851,0.1305,0.1689,-0.1568,8.5,3.8,5.0,5.9,0.5233
Ilya Lyubushkin,DAL,D,296,13.97,484,657,1022,0.6459,0.1554,0.1826,-0.1345,7.0,5.0,5.7,6.4,0.4895
Ilya Solovyov,PIT,D,45,12.904,58,60,125,0.5126,0.1056,0.1708,-0.1846,2.1,2.5,5.1,5.2,0.5353
Isaak Phillips,WPG,D,55,14.49,70,111,147,0.4604,0.0982,0.122,-0.2697,0.1,2.2,2.7,3.2,0.447
Isaiah George,NYI,D,37,14.886,69,64,110,0.6123,0.0958,0.1364,-0.2738,5.8,2.0,3.4,3.1,0.4648
Ivan Provorov,CBJ,D,328,18.406,680,838,1209,0.6726,0.1897,0.2215,-0.0701,8.0,6.7,7.6,7.9,0.4994
J.J. Moser,TBL,D,300,16.334,559,788,1156,0.6787,0.1592,0.2122,-0.0406,8.3,5.2,7.2,8.6,0.4848
Jaccob Slavin,CAR,D,317,17.7,852,606,1081,0.7153,0.2296,0.2634,0.0168,9.6,8.7,9.7,10.0,0.5262
Jack Ahcan,COL,D,13,11.947,8,23,38,,,,,,,,,0.5714
Jack Johnson,CBJ,D,218,14.325,234,437,596,0.586,0.1424,0.1933,-0.1144,4.8,4.4,6.2,6.9,0.4722
Jack Rathbone,VAN,D,11,12.735,20,10,24,,,,,,,,,0.4274
Jack St. Ivany,PIT,D,53,13.574,62,85,135,0.5812,0.0885,0.1498,-0.1994,4.6,1.7,4.1,4.9,0.477
Jack Thompson,SJS,D,34,13.945,57,55,88,0.5433,0.159,0.2051,-0.1241,3.2,5.2,6.8,6.6,0.5012
Jackson LaCombe,ANA,D,229,16.667,494,700,821,0.649,0.1597,0.1977,-0.0805,7.2,5.2,6.5,7.7,0.5047
Jacob Bernard-Docker,DET,D,194,13.724,331,332,554,0.6203,0.1436,0.17,-0.1553,6.1,4.4,5.1,5.9,0.5008
Jacob Bryson,WPG,D,193,12.562,306,367,587,0.6699,0.146,0.1628,-0.1414,7.9,4.5,4.7,6.2,0.4863
Jacob Larsson,OTT,D,7,11.455,12,19,21,,,,,,,,,0.529
Jacob MacDonald,SJS,D,92,10.707,92,109,174,0.6036,0.107,0.1555,-0.1795,5.5,2.6,4.4,5.3,0.4871
Jacob Moverare,LAK,D,92,10.511,94,112,214,0.5987,0.1724,0.1689,-0.209,5.3,5.9,5.0,4.6,0.5504
Jacob Trouba,ANA,D,331,17.401,619,797,1293,0.6532,0.1688,0.1999,-0.1013,7.3,5.7,6.6,7.2,0.5082
Jake Bean,CGY,D,166,14.602,267,257,438,0.6361,0.1576,0.1937,-0.1208,6.7,5.1,6.3,6.7,0.4786
Jake Christiansen,CBJ,D,144,11.757,170,177,318,0.5908,0.1086,0.1938,-0.1544,5.0,2.7,6.3,5.9,0.4803
Jake Livanavage,PIT,D,1,20.033,0,0,7,,,,,,,,,0.4
Jake Livingstone,NSH,D,5,15.053,9,12,11,,,,,,,,,0.4667
Jake McCabe,TOR,D,326,17.532,602,998,1305,0.7012,0.1583,0.1738,-0.138,9.1,5.2,5.3,6.3,0.4968
Jake Middleton,MIN,D,313,16.824,562,743,1086,0.6519,0.1718,0.2086,-0.0776,7.3,5.8,7.0,7.7,0.5012
Jake Muzzin,TOR,D,4,13.208,5,11,13,,,,,,,,,0.4872
Jake Sanderson,OTT,D,309,16.324,683,808,1175,0.6991,0.1793,0.2002,-0.0742,9.0,6.2,6.6,7.8,0.5179
Jake Walman,EDM,D,265,16.3,542,658,872,0.6889,0.1653,0.2094,-0.0498,8.6,5.5,7.0,8.4,0.505
Jakob Chychrun,WSH,D,294,18.191,676,546,865,0.6677,0.2184,0.2143,-0.1089,7.9,8.2,7.3,7.0,0.5022
Jakub Zboril,BOS,D,22,11.414,40,32,63,,,0.0934,-0.2411,,,1.3,3.9,0.5317
Jalen Chatfield,CAR,D,336,15.457,775,564,1222,0.7151,0.2212,0.2483,-0.009,9.6,8.3,9.0,9.3,0.5331
Jamie Drysdale,PHI,D,190,17.007,418,334,630,0.6719,0.1391,0.1959,-0.0927,8.0,4.2,6.4,7.4,0.5004
Jamie Oleksiak,SEA,D,331,15.683,446,871,1065,0.6504,0.1616,0.204,-0.0992,7.2,5.3,6.8,7.2,0.5015
Jan Rutta,SJS,D,179,15.328,258,416,566,0.6395,0.1543,0.18,-0.1336,6.8,5.0,5.6,6.4,0.4672
Jani Hakanpää,TOR,D,163,15.347,142,389,525,0.5791,0.1514,0.1843,-0.1391,4.6,4.8,5.8,6.3,0.4882
Jared Spurgeon,MIN,D,252,16.259,468,593,794,0.6798,0.1697,0.2079,-0.0542,8.3,5.7,7.0,8.3,0.5239
Jarred Tinordi,CHI,D,96,14.08,72,228,292,0.4815,0.1139,0.1048,-0.2625,0.9,2.9,1.9,3.4,0.4508
Jason Demers,EDM,D,1,10.733,1,3,2,,,,,,,,,0.5454
Jaycob Megna,VGK,D,110,15.731,187,188,361,0.6548,0.161,0.1679,-0.1251,7.4,5.3,5.0,6.6,0.4889
Jayden Struble,MTL,D,173,14.29,247,185,407,0.5902,0.1964,0.2134,-0.1299,5.0,7.1,7.2,6.5,0.4937
Jeff Petry,MIN,D,245,15.755,483,488,771,0.6441,0.1531,0.1941,-0.1303,7.0,4.9,6.3,6.5,0.4901
Jeremy Davies,BUF,D,1,8.467,2,0,2,,,,,,,,,0.4286
Jeremy Lauzon,VGK,D,248,14.941,354,536,835,0.6362,0.1651,0.186,-0.1282,6.7,5.5,5.9,6.5,0.499
Jimmy Schuldt,SJS,D,8,12.685,13,17,20,,,,,,,,,0.4903
Joel Edmundson,LAK,D,281,16.069,642,538,874,0.6549,0.1699,0.1926,-0.1202,7.4,5.7,6.2,6.7,0.4953
Joel Hanley,CGY,D,202,13.89,357,391,596,0.6831,0.1442,0.1883,-0.1015,8.4,4.5,6.0,7.2,0.5047
Joel Nystrom,CAR,D,38,13.741,117,51,128,0.6417,0.1208,0.1825,-0.1073,6.9,3.3,5.7,7.0,0.5479
John Carlson,ANA,D,285,17.127,622,634,908,0.6734,0.1989,0.2194,-0.0691,8.1,7.2,7.5,7.9,0.5086
John Klingberg,SJS,D,170,16.697,397,317,535,0.6527,0.1736,0.1785,-0.1588,7.3,5.9,5.5,5.8,0.4818
John Ludvig,COL,D,41,11.183,36,72,74,,0.0973,0.1569,-0.2568,,2.1,4.5,3.5,0.4839
John Marino,UTA,D,265,17.358,564,680,1078,0.7055,0.1814,0.2179,-0.0483,9.3,6.3,7.5,8.4,0.4956
Johnathan Kovacevic,NJD,D,257,15.478,357,560,776,0.6033,0.1737,0.2135,-0.0772,5.5,5.9,7.2,7.7,0.4935
Jon Merrill,MIN,D,212,13.055,267,242,418,0.6781,0.1405,0.1923,-0.1423,8.2,4.3,6.2,6.2,0.4965
Jonas Brodin,MIN,D,246,18.562,471,571,895,0.666,0.1925,0.2284,-0.0323,7.8,6.9,8.0,8.8,0.506
Jonas Siegenthaler,NJD,D,288,17.134,586,712,1129,0.6857,0.1806,0.2157,-0.0721,8.5,6.3,7.4,7.9,0.5021
Jonathan Aspirot,BOS,D,61,15.412,93,138,203,0.5691,0.1392,0.1483,-0.2146,4.2,4.2,4.0,4.5,0.503
Jordan Gross,NSH,D,15,15.903,47,22,35,,,,,,,,,0.4735
Jordan Harris,BOS,D,162,14.981,182,250,419,0.5951,0.1775,0.201,-0.1373,5.1,6.1,6.6,6.3,0.4821
Jordan Oesterle,NSH,D,112,15.034,214,168,332,0.6712,0.126,0.1872,-0.1105,8.0,3.6,5.9,7.0,0.4899
Jordan Spence,OTT,D,239,14.287,511,335,646,0.688,0.2039,0.2304,-0.0648,8.6,7.4,8.1,8.0,0.5391
Jordie Benn,TOR,D,12,13.929,18,24,35,,,,,,,,,0.526
Jorian Donovan,OTT,D,2,6.975,0,0,2,,,,,,,,,0.2727
Josh Manson,COL,D,253,15.534,403,625,922,0.68,0.1961,0.2125,-0.0498,8.3,7.0,7.2,8.4,0.512
Josh Morrissey,WPG,D,335,19.273,1205,767,1286,0.7016,0.1848,0.2266,-0.0568,9.1,6.5,7.9,8.2,0.5105
Joshua Brown,EDM,D,130,12.322,230,307,361,0.6633,0.1112,0.1354,-0.1684,7.7,2.8,3.4,5.6,0.4675
Joshua Mahura,SEA,D,220,12.951,380,325,632,0.6502,0.1499,0.1869,-0.1167,7.2,4.7,5.9,6.8,0.5132
Justin Barron,NSH,D,200,14.814,394,330,625,0.6542,0.2139,0.2086,-0.1066,7.4,7.9,7.0,7.1,0.4885
Justin Braun,PHI,D,51,13.15,75,110,138,0.6531,0.083,0.1437,-0.1985,7.3,1.4,3.8,4.9,0.4883
Justin Faulk,DET,D,305,17.922,736,757,1068,0.6898,0.164,0.2096,-0.0705,8.7,5.4,7.1,7.9,0.4785
Justin Holl,STL,D,207,14.898,363,377,602,0.6794,0.1495,0.1842,-0.1261,8.3,4.7,5.8,6.6,0.4981
Justin Schultz,SEA,D,157,14.143,347,248,422,0.7033,0.1455,0.1649,-0.1614,9.2,4.5,4.8,5.8,0.5081
Juuso Välimäki,UTA,D,189,15.556,394,423,676,0.6603,0.1459,0.1947,-0.0884,7.6,4.5,6.3,7.5,0.4945
K'Andre Miller,CAR,D,328,18.36,671,742,1288,0.6755,0.1994,0.2111,-0.092,8.1,7.2,7.1,7.4,0.5099
Kaedan Korczak,VGK,D,155,15.198,289,274,533,0.6278,0.154,0.1965,-0.1195,6.4,4.9,6.4,6.7,0.5163
Kaiden Guhle,MTL,D,213,17.553,336,523,813,0.6232,0.1797,0.2061,-0.122,6.2,6.2,6.9,6.7,0.4882
Kale Clague,BUF,D,36,14.496,97,63,122,0.6171,0.0856,0.1044,-0.2497,6.0,1.5,1.9,3.7,0.5054
Keaton Middleton,COL,D,44,10.667,33,45,87,,,0.1732,-0.1661,,,5.3,5.7,0.5116
Kevin Bahl,CGY,D,284,16.198,579,755,1049,0.7075,0.1726,0.1888,-0.084,9.3,5.9,6.0,7.6,0.4976
Kevin Gravel,NSH,D,29,13.698,33,42,75,,,0.1084,-0.2309,,,2.1,4.1,0.4728
Kevin Korchinski,CHI,D,105,16.457,214,158,298,0.6296,0.1423,0.1861,-0.1569,6.4,4.4,5.9,5.9,0.4661
Kevin Shattenkirk,BOS,D,142,14.667,281,255,388,0.6463,0.1358,0.1289,-0.2115,7.1,4.0,3.1,4.6,0.4855
Kirill Kudryavtsev,VAN,D,4,13.354,6,6,6,,,,,,,,,0.4531
Kris Letang,PIT,D,294,18.503,740,612,1232,0.6526,0.1953,0.2026,-0.1206,7.3,7.0,6.7,6.7,0.4999
Kurtis MacDermid,OTT,D,131,5.894,116,77,194,0.6241,0.1146,0.1628,-0.1297,6.2,3.0,4.7,6.5,0.472
Kyle Burroughs,LAK,D,154,14.543,182,312,427,0.634,0.1255,0.1823,-0.1427,6.6,3.5,5.7,6.2,0.49
Kyle Capobianco,DAL,D,49,11.514,80,48,95,0.6291,,0.1286,-0.249,6.4,,3.1,3.7,0.522
Lane Hutson,MTL,D,171,18.454,438,223,542,0.6466,0.1736,0.2222,-0.1149,7.1,5.9,7.7,6.9,0.5142
Lassi Thomson,OTT,D,13,12.51,30,16,35,,,,,,,,,0.505
Lawrence Pilut,BUF,D,17,11.544,29,31,39,,,,,,,,,0.5298
Lian Bichsel,DAL,D,106,13.84,149,147,289,0.5577,0.1234,0.177,-0.1925,3.8,3.4,5.4,5.0,0.4946
Libor Hajek,NYR,D,16,13.105,24,21,30,,,,,,,,,0.4896
Logan Mailloux,STL,D,74,14.975,160,117,251,0.6517,0.1383,0.168,-0.1788,7.3,4.2,5.0,5.4,0.4833
Logan Stanley,BUF,D,192,13.824,250,319,559,0.6353,0.1367,0.1772,-0.161,6.6,4.1,5.5,5.8,0.5007
Louie Belpedio,PHI,D,12,12.422,21,18,35,,,,,,,,,0.505
Louis Crevier,CHI,D,134,14.93,141,372,465,0.6244,0.125,0.151,-0.1787,6.2,3.5,4.2,5.4,0.4766
Luca Cagnoni,SJS,D,8,14.398,18,9,21,,,,,,,,,0.4586
Lucas Carlsson,SJS,D,15,15.488,23,33,46,,,,,,,,,0.4756
Lucas Johansen,WSH,D,10,13.443,10,17,19,,,,,,,,,0.4724
Ludvig Jansson,FLA,D,4,15.438,11,10,14,,,,,,,,,0.4912
Lukas Cormier,VGK,D,2,14.183,3,4,7,,,,,,,,,0.4561
Luke Hughes,NJD,D,227,17.779,611,569,822,0.6819,0.2082,0.2511,-0.018,8.4,7.7,9.1,9.1,0.4926
Luke Schenn,BUF,D,286,13.753,428,486,920,0.6385,0.168,0.1719,-0.1344,6.8,5.6,5.2,6.4,0.4926
Mac Hollowell,TOR,D,6,12.564,7,8,7,,,,,,,,,0.4129
MacKenzie Weegar,UTA,D,322,17.819,794,932,1357,0.7035,0.1907,0.1965,-0.0587,9.2,6.8,6.4,8.2,0.524
Maksymilian Szuber,ARI,D,1,16.85,2,4,1,,,,,,,,,0.5385
Marc Del Gaizo,NSH,D,55,15.266,85,95,169,0.5951,0.1918,0.1606,-0.1948,5.1,6.8,4.6,5.0,0.4987
Marc Staal,PHI,D,138,14.954,342,314,483,0.6916,0.1445,0.1712,-0.1078,8.7,4.5,5.2,7.0,0.4994
Marc-Edouard Vlasic,SJS,D,162,14.329,167,354,503,0.6689,0.1556,0.1537,-0.1783,7.9,5.0,4.3,5.4,0.4866
Marco Scandella,STL,D,85,12.072,119,145,234,0.6283,0.1243,0.1225,-0.2003,6.4,3.5,2.8,4.9,0.4597
Marcus Bjork,CBJ,D,33,14.705,63,90,114,0.5739,0.1733,0.1292,-0.2595,4.4,5.9,3.1,3.5,0.468
Marcus Pettersson,VAN,D,309,18.33,609,841,1211,0.644,0.1621,0.2027,-0.1193,7.0,5.4,6.7,6.8,0.5034
Marek Alscher,FLA,D,4,18.458,7,10,17,,,,,,,,,0.5
Mario Ferraro,SJS,D,309,17.783,458,787,1023,0.624,0.1804,0.2006,-0.1275,6.2,6.3,6.6,6.6,0.4797
Mark Borowiecki,NSH,D,4,8.579,4,7,9,,,,,,,,,0.4444
Mark Friedman,VAN,D,51,12.59,89,63,132,0.691,0.0654,0.1766,-0.1375,8.7,0.5,5.4,6.3,0.5281
Mark Giordano,TOR,D,135,14.613,211,263,376,0.6443,0.1305,0.1888,-0.1022,7.0,3.8,6.0,7.2,0.5164
Markus Niemelainen,EDM,D,23,9.081,39,25,42,,,,,,,,,0.4699
Marshall Rifai,TOR,D,3,10.872,3,2,6,,,,,,,,,0.4478
Marshall Warren,NYI,D,8,11.19,20,9,22,,,,,,,,,0.4828
Martin Fehérváry,WSH,D,299,16.434,395,769,1044,0.6228,0.1914,0.2115,-0.0841,6.2,6.8,7.1,7.6,0.4968
Mason Lohrei,BOS,D,202,15.487,484,331,650,0.6713,0.1266,0.19,-0.1385,8.0,3.6,6.1,6.3,0.4801
Mathew Dumba,PIT,D,240,16.32,425,502,775,0.659,0.1637,0.2121,-0.1025,7.5,5.4,7.2,7.1,0.4873
Matt Benning,TOR,D,99,15.279,83,238,308,0.5897,0.1108,0.1354,-0.2238,4.9,2.8,3.4,4.3,0.4633
Matt Grzelcyk,CHI,D,296,16.008,826,605,1022,0.6904,0.181,0.1906,-0.1055,8.7,6.3,6.1,7.1,0.4922
Matt Irwin,WSH,D,61,12.091,57,114,131,0.481,0.1398,0.1465,-0.1849,0.9,4.2,3.9,5.2,0.5049
Matt Kiersted,MIN,D,28,10.305,41,31,60,,,0.1534,-0.1561,,,4.3,5.9,0.4861
Matt Roy,WSH,D,332,16.978,513,681,1049,0.6423,0.1969,0.2225,-0.0775,6.9,7.1,7.7,7.7,0.5225
Matthew Kessel,STL,D,99,13.77,164,138,282,0.6462,0.1297,0.173,-0.1535,7.1,3.7,5.2,6.0,0.4846
Matthew Robertson,NYR,D,74,15.499,91,144,193,0.6137,0.1516,0.1738,-0.1727,5.8,4.8,5.3,5.5,0.494
Matthew Schaefer,NYI,D,82,18.308,172,169,299,0.6678,0.1315,0.1943,-0.1392,7.9,3.8,6.3,6.3,0.4977
Mattias Ekholm,EDM,D,347,17.357,854,678,1170,0.7126,0.2414,0.2543,0.0086,9.5,9.3,9.3,9.8,0.5275
Mattias Samuelsson,BUF,D,236,17.65,544,682,1069,0.6762,0.1725,0.1891,-0.1132,8.2,5.9,6.0,6.9,0.4952
Maveric Lamoureux,UTA,D,20,15.085,42,41,46,,,,,,,,,0.5084
Maxence Guenette,OTT,D,8,12.748,12,10,20,,,,,,,,,0.4655
Maxim Groshev,TBL,D,2,11.475,0,7,4,,,,,,,,,0.4118
Maxime Lajoie,TOR,D,10,10.417,18,7,18,,,,,,,,,0.4909
Maxwell Crozier,TBL,D,56,14.125,93,85,155,0.5733,0.1736,0.2007,-0.1358,4.3,5.9,6.6,6.4,0.5193
Michael Callahan,BOS,D,22,12.766,11,49,57,,,0.0819,-0.3383,,,0.8,1.6,0.4535
Michael Kesselring,BUF,D,190,15.0,394,392,636,0.6758,0.1517,0.1953,-0.1139,8.2,4.8,6.3,6.9,0.5062
Michael Stone,CGY,D,48,12.201,98,53,98,0.6146,0.0687,0.1633,-0.1263,5.9,0.7,4.8,6.6,0.5333
Mike Benning,FLA,D,18,15.362,33,35,46,,,,,,,,,0.4842
Mike Matheson,MTL,D,293,17.991,551,843,1082,0.6323,0.1805,0.207,-0.1143,6.5,6.3,6.9,6.9,0.4916
Mike Reilly,CAR,D,136,14.323,377,160,473,0.6814,0.1746,0.2028,-0.0641,8.4,6.0,6.7,8.1,0.5249
Mikey Anderson,LAK,D,324,18.27,565,835,1300,0.6399,0.2048,0.2302,-0.0556,6.8,7.5,8.1,8.3,0.5104
Mikhail Sergachev,UTA,D,275,17.555,791,755,1103,0.6966,0.1894,0.2388,-0.0127,8.9,6.7,8.5,9.3,0.5036
Mikulas Hovorka,FLA,D,4,13.658,9,4,15,,,,,,,,,0.4787
Miro Heiskanen,DAL,D,323,19.17,1050,724,1269,0.6879,0.2096,0.2327,-0.052,8.6,7.7,8.2,8.3,0.5054
Morgan Rielly,TOR,D,328,17.915,1121,676,1189,0.6879,0.1981,0.1941,-0.1125,8.6,7.1,6.3,6.9,0.5031
Moritz Seider,DET,D,328,17.649,647,1021,1243,0.6575,0.1685,0.1937,-0.0943,7.5,5.7,6.3,7.3,0.505
Nate Schmidt,UTA,D,326,15.007,750,585,1065,0.7178,0.1636,0.219,-0.0632,9.7,5.4,7.5,8.1,0.5032
Nathan Beaulieu,ANA,D,52,12.908,56,102,128,0.5065,0.0697,0.0962,-0.2895,1.8,0.7,1.5,2.8,0.4259
Nathan Clurman,PIT,D,1,11.083,0,1,2,,,,,,,,,0.6667
Neal Pionk,WPG,D,307,17.4,715,759,1125,0.6878,0.1612,0.1967,-0.0981,8.6,5.3,6.4,7.3,0.503
Nick Blankenburg,COL,D,168,14.834,290,325,510,0.6362,0.1773,0.1819,-0.1378,6.7,6.1,5.7,6.3,0.483
Nick Cicek,SJS,D,16,13.58,14,25,32,,,,,,,,,0.4884
Nick DeSimone,UTA,D,97,13.588,168,137,257,0.6775,0.1235,0.1835,-0.1584,8.2,3.4,5.8,5.8,0.5163
Nick Holden,OTT,D,65,13.619,96,94,184,0.5987,0.1004,0.1771,-0.1019,5.3,2.3,5.4,7.2,0.5118
Nick Jensen,OTT,D,294,16.797,452,685,976,0.6766,0.1774,0.2069,-0.0834,8.2,6.1,6.9,7.6,0.484
Nick Leddy,SJS,D,230,17.973,452,628,916,0.6588,0.1668,0.2097,-0.0948,7.5,5.6,7.1,7.3,0.4834
Nick Perbix,NSH,D,311,15.143,574,601,986,0.673,0.1721,0.1927,-0.0963,8.1,5.9,6.2,7.3,0.4944
Nick Seeler,PHI,D,305,14.576,522,574,813,0.648,0.1265,0.1846,-0.1104,7.1,3.6,5.8,7.0,0.5396
Nicolas Hague,NSH,D,318,16.471,634,680,1089,0.6503,0.1773,0.1987,-0.1268,7.2,6.1,6.5,6.6,0.4874
Nikita Okhotiuk,CGY,D,62,14.198,76,128,145,0.574,0.1075,0.1388,-0.2418,4.4,2.6,3.6,3.9,0.4721
Nikita Zadorov,BOS,D,332,16.509,647,792,1117,0.6515,0.1699,0.2122,-0.0744,7.3,5.7,7.2,7.8,0.5087
Nikita Zaitsev,CHI,D,84,14.187,147,138,255,0.627,0.1055,0.1664,-0.1327,6.3,2.5,4.9,6.4,0.4586
Niko Mikkola,FLA,D,360,16.617,872,844,1443,0.6964,0.1702,0.2252,-0.0323,8.9,5.8,7.8,8.8,0.4942
Nikolai Knyzhov,SJS,D,22,14.642,35,45,71,,,0.1308,-0.2503,,,3.2,3.7,0.465
Nikolas Matinpalo,OTT,D,101,13.038,150,148,352,0.645,0.1118,0.1772,-0.1442,7.0,2.8,5.5,6.2,0.4804
Nils Lundkvist,DAL,D,222,13.823,454,392,702,0.6775,0.1659,0.1979,-0.0882,8.2,5.5,6.5,7.5,0.4949
Noah Dobson,MTL,D,319,17.631,751,669,1053,0.6634,0.1827,0.2038,-0.1089,7.7,6.4,6.8,7.0,0.5104
Noah Hanifin,VGK,D,330,18.337,925,821,1377,0.6838,0.1928,0.2122,-0.0497,8.5,6.9,7.2,8.4,0.5143
Noah Juulsen,PHI,D,155,12.751,220,304,395,0.6363,0.086,0.1621,-0.1564,6.7,1.6,4.7,5.9,0.4959
Nolan Allan,CHI,D,43,13.941,46,73,105,,0.1435,0.0893,-0.3743,,4.4,1.1,0.8,0.4422
Olen Zellweger,ANA,D,164,15.29,371,288,465,0.6408,0.1593,0.2113,-0.1129,6.9,5.2,7.1,6.9,0.4944
Oliver Bonk,PHI,D,1,12.733,4,0,0,,,,,,,,,0.421
Oliver Ekman-Larsson,TOR,D,326,16.221,951,725,1187,0.701,0.1614,0.1812,-0.1121,9.1,5.3,5.7,6.9,0.4927
Oliver Kylington,ANA,D,52,14.478,102,87,152,0.6201,0.1157,0.1497,-0.2036,6.1,3.0,4.1,4.8,0.506
Olli Määttä,CGY,D,269,16.092,549,571,978,0.7015,0.1671,0.1847,-0.1143,9.1,5.6,5.8,6.9,0.4857
Owen Pickering,PIT,D,29,13.128,40,58,80,,0.0938,0.0856,-0.2911,,1.9,0.9,2.7,0.4844
Owen Power,BUF,D,314,18.233,908,817,1118,0.6857,0.1927,0.2056,-0.0703,8.5,6.9,6.9,7.9,0.4929
Parker Wotherspoon,PIT,D,198,16.138,301,428,697,0.6419,0.19,0.2046,-0.101,6.9,6.7,6.8,7.2,0.4988
Patrik Koch,ARI,D,1,9.333,1,0,4,,,,,,,,,0.5238
Patrik Nemeth,ARI,D,75,14.155,109,175,262,0.5907,0.114,0.1549,-0.1735,5.0,3.0,4.4,5.5,0.4409
Pavel Mintyukov,ANA,D,203,15.048,389,436,663,0.6424,0.1637,0.1658,-0.1506,6.9,5.4,4.9,6.0,0.4909
Philip Broberg,STL,D,232,15.745,482,535,756,0.6678,0.1679,0.2222,-0.0769,7.9,5.6,7.7,7.7,0.497
Philip Kemp,EDM,D,1,2.05,0,0,1,,,,,,,,,1.0
Philippe Myers,TOR,D,91,13.627,148,151,249,0.6403,0.1392,0.1051,-0.2791,6.8,4.2,1.9,3.0,0.4872
Pierre-Olivier Joseph,VAN,D,205,13.738,345,326,583,0.6564,0.1715,0.1715,-0.1257,7.4,5.8,5.2,6.6,0.498
Quinn Hughes,MIN,D,315,19.749,846,646,1150,0.7252,0.2067,0.2491,-0.0204,10.0,7.6,9.0,9.1,0.5024
Radim Simek,SJS,D,44,13.206,37,97,91,,0.1123,0.1443,-0.2609,,2.9,3.8,3.4,0.5072
Radko Gudas,ANA,D,296,15.375,502,647,950,0.6272,0.1466,0.2005,-0.1022,6.3,4.6,6.6,7.2,0.5019
Rasmus Andersson,VGK,D,319,17.788,885,885,1288,0.7081,0.1592,0.1954,-0.0619,9.4,5.2,6.4,8.1,0.5095
Rasmus Dahlin,BUF,D,308,19.225,1027,903,1495,0.7181,0.2129,0.209,-0.0547,9.7,7.9,7.0,8.3,0.5121
Rasmus Ristolainen,PHI,D,212,16.11,347,542,654,0.6684,0.1396,0.203,-0.0749,7.9,4.2,6.7,7.8,0.5215
Rasmus Sandin,WSH,D,305,17.105,531,611,949,0.6272,0.1715,0.2198,-0.069,6.3,5.8,7.6,7.9,0.5011
Riley Stillman,EDM,D,59,12.875,87,101,162,0.6328,0.1255,0.1262,-0.2017,6.6,3.5,2.9,4.8,0.4926
Robert Bortuzzo,UTA,D,92,10.903,161,133,242,0.6526,0.0754,0.1258,-0.1964,7.3,1.0,2.9,4.9,0.5027
Robert Hagg,VGK,D,45,13.972,94,58,127,0.5755,0.1024,0.1088,-0.2493,4.4,2.4,2.1,3.7,0.5037
Robin Salo,NYI,D,11,10.298,14,5,29,,,,,,,,,0.5043
Roland McKeown,NSH,D,6,12.131,11,11,16,,,,,,,,,0.375
Roman Josi,NSH,D,273,18.837,883,493,896,0.6889,0.2278,0.2294,-0.0528,8.6,8.6,8.0,8.3,0.5008
Ronan Seeley,CAR,D,1,13.783,3,1,3,,,,,,,,,0.5833
Ronnie Attard,PHI,D,14,13.539,21,21,40,,,,,,,,,0.5663
Ryan Graves,PIT,D,241,15.468,346,571,756,0.635,0.1811,0.2036,-0.0909,6.6,6.3,6.8,7.4,0.5036
Ryan Johnson,BUF,D,47,13.253,92,68,122,0.6069,0.161,0.1549,-0.2274,5.6,5.3,4.4,4.2,0.5017
Ryan Lindgren,SEA,D,316,16.08,708,710,981,0.6817,0.1853,0.2214,-0.0458,8.4,6.5,7.6,8.5,0.4976
Ryan McDonagh,TBL,D,286,16.716,574,693,1077,0.657,0.1778,0.216,-0.0584,7.5,6.1,7.4,8.2,0.5
Ryan Murray,EDM,D,13,12.294,25,21,32,,,,,,,,,0.4858
Ryan Pulock,NYI,D,301,17.519,626,881,1290,0.6651,0.1576,0.1913,-0.1238,7.8,5.1,6.1,6.6,0.4899
Ryan Shea,PIT,D,150,14.663,175,223,385,0.6385,0.1786,0.1973,-0.1211,6.8,6.2,6.4,6.7,0.4879
Ryan Suter,STL,D,289,17.084,588,636,1038,0.6611,0.1834,0.2207,-0.0812,7.6,6.4,7.6,7.6,0.4968
Ryan Ufko,NSH,D,18,12.008,25,18,33,,,,,,,,,0.4381
Ryker Evans,SEA,D,175,16.545,270,276,492,0.6386,0.159,0.192,-0.1631,6.8,5.2,6.2,5.7,0.4925
Sam Dickinson,SJS,D,71,14.993,114,129,209,0.5825,0.1621,0.1801,-0.1731,4.7,5.3,5.6,5.5,0.4747
Sam Malinski,COL,D,185,15.283,318,368,534,0.6554,0.1888,0.2112,-0.1015,7.4,6.7,7.1,7.2,0.5201
Sam Rinzel,CHI,D,63,15.857,138,104,201,0.552,0.097,0.191,-0.1913,3.5,2.1,6.1,5.1,0.461
Samuel Bolduc,NYI,D,54,12.35,113,66,149,0.5788,0.059,0.1139,-0.3101,4.5,0.2,2.3,2.3,0.516
Samuel Girard,PIT,D,291,17.368,629,730,1018,0.6794,0.2026,0.2263,-0.0411,8.3,7.4,7.9,8.6,0.5106
Samuel Knazko,CBJ,D,2,15.158,2,7,4,,,,,,,,,0.3896
Santeri Hatakka,NJD,D,12,12.694,25,23,41,,,,,,,,,0.5081
Scott Harrington,ANA,D,45,15.587,62,102,156,0.65,0.1138,0.109,-0.2107,7.2,2.9,2.1,4.6,0.4708
Scott Mayfield,NYI,D,275,15.8,425,538,863,0.6501,0.1392,0.189,-0.1136,7.2,4.2,6.0,6.9,0.4862
Scott Morrow,NYR,D,50,13.927,92,74,151,0.5728,0.148,0.2187,-0.1066,4.3,4.6,7.5,7.1,0.5172
Scott Perunovich,NYI,D,89,13.359,192,88,221,0.6743,0.137,0.1657,-0.1563,8.1,4.1,4.9,5.9,0.4966
Seamus Casey,NJD,D,17,11.645,43,17,35,,,,,,,,,0.4349
Sean Durzi,UTA,D,244,16.465,558,556,848,0.6599,0.1819,0.2154,-0.0846,7.6,6.3,7.3,7.6,0.5061
Sean Walker,CAR,D,339,15.672,786,608,1075,0.7089,0.1927,0.2461,-0.0277,9.4,6.9,8.9,8.9,0.5334
Sebastian Aho,NYI,D,135,14.675,304,171,399,0.6781,0.1367,0.1726,-0.1295,8.2,4.1,5.2,6.5,0.5041
Seth Jones,FLA,D,277,17.991,730,699,1048,0.6654,0.1677,0.2103,-0.0832,7.8,5.6,7.1,7.6,0.4856
Shakir Mukhamadullin,SJS,D,82,15.638,132,182,288,0.5548,0.1304,0.1649,-0.1767,3.6,3.8,4.9,5.4,0.4804
Shayne Gostisbehere,CAR,D,311,15.015,798,489,981,0.7122,0.1932,0.2237,-0.0483,9.5,6.9,7.8,8.4,0.5074
Shea Theodore,VGK,D,278,18.039,863,758,1035,0.7116,0.1976,0.2364,-0.024,9.5,7.1,8.4,9.0,0.516
Simon Benoit,TOR,D,313,15.129,338,796,1002,0.6366,0.1357,0.1585,-0.1684,6.7,4.0,4.5,5.6,0.4852
Simon Edvinsson,DET,D,175,18.517,335,441,651,0.6692,0.1634,0.2114,-0.0912,7.9,5.4,7.1,7.4,0.5001
Simon Lundmark,TBL,D,1,16.75,3,0,5,,,,,,,,,
Simon Nemec,NJD,D,159,16.598,344,298,448,0.6604,0.1532,0.2019,-0.1389,7.6,4.9,6.7,6.3,0.4907
Spencer Stastney,EDM,D,120,13.72,201,195,360,0.6652,0.1573,0.1811,-0.1018,7.8,5.1,5.6,7.2,0.5029
Stanislav Svozil,CBJ,D,2,18.425,3,6,2,,,,,,,,,0.4683
Steven Santini,TBL,D,17,10.615,16,20,48,,,,,,,,,0.515
TJ Brodie,CHI,D,202,17.23,444,465,704,0.6408,0.1692,0.1759,-0.13,6.9,5.7,5.4,6.5,0.5081
Taylor Fedun,PIT,D,4,10.871,6,1,5,,,,,,,,,0.6372
Theo Lindstein,STL,D,17,15.027,31,33,67,,,0.1024,-0.2459,,,1.8,3.8,0.4904
Thomas Chabot,OTT,D,262,18.531,602,575,876,0.6948,0.212,0.22,-0.0808,8.9,7.8,7.6,7.7,0.5109
Thomas Harley,DAL,D,289,18.413,749,659,1007,0.6615,0.1881,0.2261,-0.0737,7.6,6.6,7.9,7.8,0.5034
Tim Berni,CBJ,D,59,16.118,116,148,228,0.5924,0.1354,0.1438,-0.1817,5.0,4.0,3.8,5.3,0.4791
Timothy Liljegren,WSH,D,248,15.987,528,554,818,0.6858,0.1568,0.1784,-0.1422,8.5,5.1,5.5,6.2,0.5062
Tobias Bjornfot,FLA,D,47,12.984,82,67,142,0.5721,0.1207,0.1516,-0.213,4.3,3.3,4.2,4.6,0.5254
Tom Willander,VAN,D,69,14.618,113,125,196,0.5486,0.0996,0.1245,-0.22,3.4,2.2,2.9,4.4,0.4768
Tony DeAngelo,NYI,D,221,16.197,493,429,695,0.6963,0.188,0.2023,-0.1065,8.9,6.6,6.7,7.1,0.5132
Topias Vilen,NJD,D,2,15.3,3,4,5,,,,,,,,,0.3265
Torey Krug,STL,D,140,15.917,381,278,450,0.686,0.1372,0.19,-0.0902,8.5,4.1,6.1,7.4,0.4899
Travis Dermott,MIN,D,80,13.296,113,186,240,0.6152,0.1143,0.1566,-0.1855,5.9,3.0,4.4,5.2,0.4618
Travis Hamonic,DET,D,208,14.2,343,426,646,0.6048,0.143,0.1697,-0.1521,5.5,4.4,5.1,6.0,0.4977
Travis Mitchell,NYI,D,9,11.393,19,8,34,,,,,,,,,0.4638
Travis Sanheim,PHI,D,325,18.494,683,891,1434,0.6903,0.167,0.2178,-0.0428,8.7,5.6,7.5,8.6,0.5189
Trevor van Riemsdyk,WSH,D,308,15.5,510,574,916,0.665,0.1727,0.2072,-0.0802,7.8,5.9,6.9,7.7,0.4948
Tristan Luneau,ANA,D,13,15.971,36,31,35,,,,,,,,,0.4402
Troy Stecher,TOR,D,273,14.617,456,522,793,0.6759,0.1427,0.1867,-0.112,8.2,4.4,5.9,6.9,0.483
Tucker Poolman,VAN,D,3,12.228,7,6,7,,,,,,,,,0.5147
Ty Emberson,EDM,D,186,13.625,218,374,501,0.6067,0.1623,0.1791,-0.146,5.6,5.4,5.5,6.1,0.4935
Ty Murchison,PHI,D,3,14.028,11,5,10,,,,,,,,,0.549
Ty Smith,CAR,D,17,12.801,54,13,51,0.6105,,0.1208,-0.2493,5.7,,2.7,3.7,0.5012
Tyler Kleven,OTT,D,172,14.381,349,237,622,0.6631,0.1391,0.2019,-0.1004,7.7,4.2,6.7,7.2,0.517
Tyler Myers,DAL,D,311,16.752,469,764,1122,0.6821,0.1459,0.1845,-0.1075,8.4,4.5,5.8,7.0,0.4948
Tyler Tucker,STL,D,161,13.114,234,223,468,0.6443,0.1476,0.1949,-0.1035,7.0,4.6,6.3,7.1,0.4955
Tyson Barrie,CGY,D,140,15.002,305,213,398,0.6568,0.1635,0.1875,-0.137,7.5,5.4,6.0,6.3,0.4823
Tyson Hinds,ANA,D,5,15.51,7,4,17,,,,,,,,,0.5594
Urho Vaakanainen,NYR,D,176,14.913,193,345,505,0.584,0.1337,0.1846,-0.1217,4.7,3.9,5.8,6.7,0.4861
Uvis Balinskis,FLA,D,161,13.432,346,231,498,0.6525,0.1535,0.2168,-0.0772,7.3,4.9,7.4,7.7,0.4899
Victor Hedman,TBL,D,281,17.15,741,510,916,0.6669,0.1999,0.2376,-0.0578,7.8,7.2,8.4,8.2,0.5028
Victor Mancini,VAN,D,55,14.048,104,70,122,0.5288,0.0644,0.163,-0.2489,2.7,0.5,4.8,3.7,0.4699
Victor Mete,PHI,D,12,11.658,16,22,21,,,,,,,,,0.4649
Victor Soderstrom,BOS,D,41,14.275,72,59,136,0.6061,0.0965,0.1175,-0.235,5.6,2.1,2.5,4.0,0.4713
Viking Gustafsson-Nyberg,MIN,D,2,16.1,4,7,6,,,,,,,,,0.4043
Ville Heinola,WPG,D,32,12.991,44,51,72,,0.0939,0.1013,-0.2621,,2.0,1.7,3.4,0.4906
Ville Ottavainen,SEA,D,1,14.083,1,1,4,,,,,,,,,0.5
Vince Dunn,SEA,D,296,18.492,873,692,1215,0.6784,0.1965,0.2149,-0.0928,8.3,7.1,7.3,7.4,0.4967
Vincent Desharnais,SJS,D,246,13.391,399,469,698,0.6329,0.1792,0.1933,-0.1127,6.6,6.2,6.3,6.9,0.507
Vincent Iorio,NYR,D,37,13.108,58,47,104,0.5381,,0.125,-0.289,3.0,,2.9,2.8,0.4547
Vladislav Gavrikov,NYR,D,330,18.246,651,837,1249,0.6512,0.2033,0.2202,-0.074,7.2,7.4,7.6,7.8,0.514
Vladislav Kolyachonok,BOS,D,55,12.45,91,71,121,0.6202,0.0741,0.1859,-0.2111,6.1,1.0,5.9,4.6,0.4919
Will Borgen,NYR,D,337,15.329,428,872,1147,0.6492,0.1531,0.1915,-0.1053,7.2,4.9,6.2,7.1,0.4967
William Lagesson,DET,D,47,13.359,64,62,131,0.5916,0.0928,0.1395,-0.2642,5.0,1.9,3.6,3.4,0.5009
William Villeneuve,TOR,D,3,17.328,9,8,14,,,,,,,,,0.5116
Wyatt Aamodt,COL,D,2,16.167,1,4,9,,,,,,,,,
Wyatt Kaiser,CHI,D,175,16.292,297,348,559,0.6184,0.1378,0.1743,-0.1834,6.0,4.1,5.3,5.2,0.4699
Yan Kuznetsov,CGY,D,58,17.393,110,138,254,0.6246,0.1223,0.1569,-0.1866,6.2,3.4,4.5,5.2,0.4962
Zac Jones,NYR,D,93,14.729,138,103,239,0.5697,0.1298,0.2024,-0.1469,4.2,3.7,6.7,6.1,0.4934
Zach Bogosian,MIN,D,244,14.241,324,351,589,0.6464,0.1538,0.2075,-0.1148,7.1,4.9,6.9,6.9,0.4934
Zach Metsa,BUF,D,43,10.484,58,57,109,0.5404,0.1162,0.1638,-0.208,3.1,3.1,4.8,4.7,0.4974
Zach Werenski,CBJ,D,238,20.25,743,615,987,0.6548,0.2056,0.2491,-0.061,7.4,7.5,9.0,8.1,0.5022
Zach Whitecloud,CGY,D,310,16.182,579,706,1069,0.627,0.1833,0.2122,-0.09,6.3,6.4,7.2,7.4,0.4931
Zayne Parekh,CGY,D,37,13.993,113,27,74,0.6228,,0.2117,-0.1231,6.2,,7.2,6.7,0.4784
Zeev Buium,VAN,D,79,16.014,193,116,211,0.6497,0.1447,0.1434,-0.243,7.2,4.5,3.8,3.8,0.4695
