team,season_window,gp,contested_share,contested_rank,nz_share,nz_share_rank,ozi_share,ozi_share_rank,dzi_share,dzi_share_rank,nzi_share,nzi_share_rank
ANA,2022_23,82,44.6888,32,44.1189,32,63.5662,29,30.3559,32,44.1189,32
BOS,2022_23,82,52.2572,3,49.9405,14,68.8373,5,35.874,2,49.9405,14
BUF,2022_23,82,50.7681,13,48.1455,29,67.8498,9,31.8749,28,48.1455,29
CAR,2022_23,82,54.418,1,54.0189,2,69.2753,3,33.3169,15,54.0189,2
CBJ,2022_23,82,47.6934,28,46.0414,31,65.3115,26,31.6282,30,46.0414,31
CGY,2022_23,82,54.347,2,52.1459,5,69.7752,1,34.8441,5,52.1459,5
CHI,2022_23,82,45.5563,31,46.2038,30,63.337,31,30.5211,31,46.2038,30
COL,2022_23,82,51.3801,8,50.5352,12,69.291,2,33.7541,10,50.5352,12
DAL,2022_23,82,48.8323,25,48.8983,26,64.7037,28,32.858,22,48.8983,26
DET,2022_23,82,49.0696,24,49.3796,21,66.6136,18,32.1294,26,49.3796,21
EDM,2022_23,82,50.8963,11,50.0912,13,67.996,8,33.7444,11,50.0912,13
FLA,2022_23,82,50.9395,10,48.3691,28,67.6227,12,33.5137,12,48.3691,28
LAK,2022_23,82,50.3833,16,49.768,18,65.5308,23,34.4285,7,49.768,18
MIN,2022_23,82,51.7403,6,54.8576,1,69.1936,4,35.0085,4,54.8576,1
MTL,2022_23,82,48.3377,27,48.678,27,63.4656,30,32.8273,23,48.678,27
NJD,2022_23,82,50.8637,12,49.7869,17,66.9342,16,33.4042,14,49.7869,17
NSH,2022_23,82,49.0742,23,53.7844,3,66.5515,19,33.3082,16,53.7844,3
NYI,2022_23,82,47.109,29,49.7131,19,62.7393,32,32.2672,25,49.7131,19
NYR,2022_23,82,51.451,7,49.6849,20,67.8126,10,34.7318,6,49.6849,20
OTT,2022_23,82,50.3913,15,50.7272,11,67.6483,11,33.2526,17,50.7272,11
PHI,2022_23,82,51.8401,5,53.0046,4,68.4268,6,36.3762,1,53.0046,4
PIT,2022_23,82,50.3139,19,49.1821,24,66.5372,20,33.4953,13,49.1821,24
SEA,2022_23,82,51.0632,9,51.4138,6,67.2167,13,32.0715,27,51.4138,6
SJS,2022_23,82,49.1256,22,49.796,16,66.1214,21,33.2318,18,49.796,16
STL,2022_23,82,50.3813,17,51.1188,9,66.9544,15,32.7948,24,51.1188,9
TBL,2022_23,82,50.6638,14,50.9591,10,65.8368,22,33.9155,8,50.9591,10
TOR,2022_23,82,51.8581,4,51.2527,7,68.3915,7,35.5317,3,51.2527,7
UTA,2022_23,82,46.135,30,49.3555,22,65.3005,27,31.8201,29,49.3555,22
VAN,2022_23,82,48.7129,26,49.1109,25,65.4259,24,32.9211,20,49.1109,25
VGK,2022_23,82,49.4845,21,49.8964,15,66.6961,17,32.8946,21,49.8964,15
WPG,2022_23,82,49.9861,20,49.2392,23,65.3704,25,33.1625,19,49.2392,23
WSH,2022_23,82,50.3438,18,51.1522,8,67.1293,14,33.861,9,51.1522,8
ANA,2023_24,82,48.9307,23,49.4912,23,65.9342,17,33.432,23,49.4912,23
BOS,2023_24,82,49.2878,22,50.6089,14,66.8329,7,34.318,17,50.6089,14
BUF,2023_24,82,50.0815,17,49.5553,22,65.989,15,32.3858,28,49.5553,22
CAR,2023_24,82,53.6891,1,55.0428,1,68.3248,2,35.2029,12,55.0428,1
CBJ,2023_24,82,49.8732,19,50.6281,13,67.0628,6,33.2402,25,50.6281,13
CGY,2023_24,82,52.3008,4,50.589,15,67.4735,4,36.1596,3,50.589,15
CHI,2023_24,82,48.2668,26,45.3994,32,66.3449,12,32.8798,27,45.3994,32
COL,2023_24,82,51.1015,9,51.1702,4,64.9694,23,35.4492,10,51.1702,4
DAL,2023_24,82,48.734,24,49.6006,20,64.7823,24,32.1075,29,49.6006,20
DET,2023_24,82,46.7778,31,49.578,21,65.5689,20,31.3546,31,49.578,21
EDM,2023_24,82,53.0849,2,50.7697,10,67.1082,5,37.7399,1,50.7697,10
FLA,2023_24,82,51.5002,6,50.7153,12,65.8339,18,33.6797,21,50.7153,12
LAK,2023_24,82,51.4707,7,50.8058,8,66.7717,9,35.7732,7,50.8058,8
MIN,2023_24,82,52.2561,5,49.6914,19,68.2671,3,36.2251,2,49.6914,19
MTL,2023_24,82,47.7593,28,49.4229,24,64.0736,26,34.0328,19,49.4229,24
NJD,2023_24,82,49.4417,21,48.2076,30,64.3489,25,33.2898,24,48.2076,30
NSH,2023_24,82,51.3179,8,50.9263,6,65.7801,19,35.8639,5,50.9263,6
NYI,2023_24,82,48.6087,25,50.7249,11,64.0661,27,34.3998,16,50.7249,11
NYR,2023_24,82,50.0664,18,48.8719,25,66.0665,14,34.1439,18,48.8719,25
OTT,2023_24,82,51.0908,10,50.88,7,66.074,13,33.2259,26,50.88,7
PHI,2023_24,82,53.032,3,51.1,5,68.6281,1,35.8165,6,51.1,5
PIT,2023_24,82,47.6362,29,48.7399,26,63.0274,30,33.8826,20,48.7399,26
SEA,2023_24,82,50.5029,14,50.516,16,64.0375,28,35.3083,11,50.516,16
SJS,2023_24,82,45.3018,32,47.4526,31,62.2274,31,32.0235,30,47.4526,31
STL,2023_24,82,49.86,20,48.3231,28,66.8277,8,35.0246,13,48.3231,28
TBL,2023_24,82,50.7444,13,51.6718,2,65.9551,16,35.7574,8,51.6718,2
TOR,2023_24,82,50.3507,15,50.3176,17,64.0299,29,36.148,4,50.3176,17
UTA,2023_24,82,47.6252,30,50.2149,18,65.0911,21,30.7133,32,50.2149,18
VAN,2023_24,82,50.812,11,51.1741,3,66.6211,11,35.5384,9,51.1741,3
VGK,2023_24,82,50.1883,16,50.8027,9,65.0285,22,34.4504,15,50.8027,9
WPG,2023_24,82,50.7869,12,48.5704,27,66.7452,10,33.6487,22,48.5704,27
WSH,2023_24,82,47.8332,27,48.305,29,62.1378,32,34.725,14,48.305,29
ANA,2024_25,82,46.819,31,49.3813,23,65.142,28,31.6051,27,49.3813,23
BOS,2024_25,82,49.563,19,46.4675,32,68.3814,3,31.6901,26,46.4675,32
BUF,2024_25,82,48.3163,25,49.6025,18,64.3624,31,33.2974,17,49.6025,18
CAR,2024_25,82,52.666,6,53.9249,2,67.0413,13,34.5135,11,53.9249,2
CBJ,2024_25,82,49.4802,20,48.1627,27,65.8172,22,32.9339,20,48.1627,27
CGY,2024_25,82,51.2861,7,50.2743,12,67.8942,5,33.3014,16,50.2743,12
CHI,2024_25,82,46.4837,32,48.5733,24,65.1917,25,31.0716,30,48.5733,24
COL,2024_25,82,52.7094,5,50.4111,10,67.4192,10,36.8927,1,50.4111,10
DAL,2024_25,82,47.1283,30,48.2647,26,66.0097,19,30.3874,32,48.2647,26
DET,2024_25,82,49.8911,15,48.5049,25,67.772,7,32.9976,19,48.5049,25
EDM,2024_25,82,53.6164,2,52.7162,3,68.5045,2,35.7755,6,52.7162,3
FLA,2024_25,82,53.7982,1,54.0722,1,67.3975,11,36.4425,3,54.0722,1
LAK,2024_25,82,49.8961,14,50.0166,15,66.7517,16,32.4257,22,50.0166,15
MIN,2024_25,82,49.3655,22,47.4059,29,66.876,14,33.3379,15,47.4059,29
MTL,2024_25,82,48.5476,24,49.4344,22,64.0794,32,33.58,13,49.4344,22
NJD,2024_25,82,49.7829,17,48.0977,28,67.0809,12,31.5308,28,48.0977,28
NSH,2024_25,82,50.8927,9,51.161,7,66.2592,17,34.6924,10,51.161,7
NYI,2024_25,82,50.6556,11,50.0975,14,65.0265,29,36.2055,4,50.0975,14
NYR,2024_25,82,47.3811,29,47.235,30,65.8204,21,30.4431,31,47.235,30
OTT,2024_25,82,47.8897,26,50.8498,9,65.6065,23,31.8091,25,50.8498,9
PHI,2024_25,82,51.266,8,51.1119,8,67.8918,6,34.7307,9,51.1119,8
PIT,2024_25,82,49.4668,21,50.3288,11,65.4268,24,32.6674,21,50.3288,11
SEA,2024_25,82,48.8557,23,49.522,21,64.8646,30,33.6844,12,49.522,21
SJS,2024_25,82,47.6938,28,46.9287,31,65.1467,27,31.4391,29,46.9287,31
STL,2024_25,82,50.6342,12,49.9843,16,67.9786,4,34.8528,7,49.9843,16
TBL,2024_25,82,49.5697,18,49.8142,17,66.7816,15,32.1788,24,49.8142,17
TOR,2024_25,82,47.8761,27,49.5723,19,65.9258,20,32.3554,23,49.5723,19
UTA,2024_25,82,53.1855,4,51.9481,6,68.9231,1,35.9948,5,51.9481,6
VAN,2024_25,82,50.6878,10,49.5402,20,66.0997,18,34.7651,8,49.5402,20
VGK,2024_25,82,53.188,3,50.1525,13,67.4678,9,36.8851,2,50.1525,13
WPG,2024_25,82,49.8262,16,52.4698,4,65.148,26,33.2944,18,52.4698,4
WSH,2024_25,82,49.9017,13,52.2959,5,67.6433,8,33.3728,14,52.2959,5
ANA,2025_26,81,51.6314,3,52.7069,3,67.4284,2,35.3738,9,52.7069,3
BOS,2025_26,82,47.9715,30,48.4124,26,64.683,23,33.6868,26,48.4124,26
BUF,2025_26,82,50.0785,17,51.4436,6,67.9031,1,34.5021,16,51.4436,6
CAR,2025_26,82,55.4805,1,54.4923,1,66.7287,6,37.5327,1,54.4923,1
CBJ,2025_26,82,51.3625,5,50.7812,10,66.887,4,35.4185,8,50.7812,10
CGY,2025_26,81,49.0652,24,48.4087,27,63.4024,30,33.114,30,48.4087,27
CHI,2025_26,82,46.5212,32,45.9016,32,64.9247,21,30.7973,32,45.9016,32
COL,2025_26,81,51.572,4,51.7495,5,66.6524,7,34.7843,12,51.7495,5
DAL,2025_26,82,48.2075,29,48.8752,23,64.1838,27,35.2324,10,48.8752,23
DET,2025_26,82,48.6491,27,48.8706,24,65.2349,18,34.3959,17,48.8706,24
EDM,2025_26,81,52.1699,2,50.7207,12,66.1487,12,35.826,4,50.7207,12
FLA,2025_26,82,51.0886,7,51.2,8,67.3589,3,34.862,11,51.2,8
LAK,2025_26,81,50.2809,14,50.6538,13,66.4886,9,34.6877,13,50.6538,13
MIN,2025_26,82,50.4622,12,52.2894,4,66.6483,8,35.5722,5,52.2894,4
MTL,2025_26,82,51.0079,8,48.9573,22,65.2267,19,36.715,3,48.9573,22
NJD,2025_26,82,49.4962,19,49.772,17,64.009,28,33.8632,23,49.772,17
NSH,2025_26,81,49.0355,25,49.2187,21,66.0995,13,33.7499,25,49.2187,21
NYI,2025_26,82,50.1659,16,50.0167,15,66.0959,14,33.1886,29,50.0167,15
NYR,2025_26,82,48.426,28,49.263,20,62.77,32,34.5677,14,49.263,20
OTT,2025_26,82,50.5158,11,53.4625,2,66.1872,11,34.5307,15,53.4625,2
PHI,2025_26,82,49.3921,22,51.007,9,64.8414,22,33.673,27,51.007,9
PIT,2025_26,82,50.0384,18,49.4386,19,64.4736,26,35.5327,6,49.4386,19
SEA,2025_26,81,49.4885,20,47.4787,31,66.4478,10,33.9121,21,47.4787,31
SJS,2025_26,81,49.3999,21,48.2472,28,65.5326,15,35.474,7,48.2472,28
STL,2025_26,81,50.6595,10,49.8542,16,66.8473,5,34.3026,18,49.8542,16
TBL,2025_26,82,50.7018,9,51.3399,7,65.4776,16,34.0527,20,51.3399,7
TOR,2025_26,82,47.1988,31,47.6446,30,63.1962,31,33.8935,22,47.6446,30
UTA,2025_26,81,50.1844,15,50.7441,11,65.348,17,33.6466,28,50.7441,11
VAN,2025_26,81,49.0802,23,48.17,29,65.0335,20,34.0853,19,48.17,29
VGK,2025_26,82,51.1715,6,50.2269,14,64.6718,24,33.8566,24,50.2269,14
WPG,2025_26,81,48.9692,26,48.7209,25,63.7442,29,32.713,31,48.7209,25
WSH,2025_26,82,50.4571,13,49.7643,18,64.6496,25,37.4758,2,49.7643,18
ANA,2y_pool,163,49.2717,23,51.3287,5,66.3709,12,33.4288,22,51.3287,5
BOS,2y_pool,164,48.7164,27,47.6068,31,66.4652,10,32.777,30,47.6068,31
BUF,2y_pool,164,49.2631,24,50.6567,11,66.2329,14,33.9545,17,50.6567,11
CAR,2y_pool,164,54.1832,1,54.2438,1,66.8653,6,36.0377,1,54.2438,1
CBJ,2y_pool,164,50.4884,8,49.5937,20,66.3921,11,34.2604,13,49.5937,20
CGY,2y_pool,163,50.1323,13,49.1923,21,65.5461,23,33.2047,24,49.1923,21
CHI,2y_pool,164,46.5035,32,47.0908,32,65.0493,27,30.9278,32,47.0908,32
COL,2y_pool,163,52.1094,5,51.1321,7,67.0116,5,35.79,3,51.1321,7
DAL,2y_pool,164,47.6883,30,48.6217,26,65.0838,26,32.9504,28,48.6217,26
DET,2y_pool,164,49.2383,25,48.708,25,66.4701,9,33.7482,19,48.708,25
EDM,2y_pool,163,52.8641,2,51.5676,4,67.286,3,35.8019,2,51.5676,4
FLA,2y_pool,164,52.4516,3,52.4878,2,67.3795,1,35.6055,4,52.4878,2
LAK,2y_pool,163,50.108,14,50.3604,13,66.6093,8,33.6921,20,50.3604,13
MIN,2y_pool,164,49.9663,15,49.9537,17,66.7511,7,34.5605,11,49.9537,17
MTL,2y_pool,164,49.8817,16,49.1663,22,64.7075,29,35.2636,7,49.1663,22
NJD,2y_pool,164,49.622,20,49.0413,23,65.3499,24,32.8333,29,49.0413,23
NSH,2y_pool,163,49.8718,17,50.1034,15,66.1747,15,34.1557,16,50.1034,15
NYI,2y_pool,164,50.4123,9,50.0555,16,65.5655,21,34.7287,9,50.0555,16
NYR,2y_pool,164,47.9603,29,48.3471,29,64.1101,32,32.7042,31,48.3471,29
OTT,2y_pool,164,49.3132,22,52.3704,3,65.9298,19,33.2456,23,52.3704,3
PHI,2y_pool,164,50.2789,10,51.0533,8,66.2764,13,34.1766,15,51.0533,8
PIT,2y_pool,164,49.7732,19,49.8422,19,64.9213,28,34.22,14,49.8422,19
SEA,2y_pool,163,49.1795,26,48.4457,28,65.6684,20,33.8018,18,48.4457,28
SJS,2y_pool,163,48.5976,28,47.6503,30,65.3472,25,33.6125,21,47.6503,30
STL,2y_pool,163,50.6476,7,49.9092,18,67.3662,2,34.5693,10,49.9092,18
TBL,2y_pool,164,50.1452,12,50.7145,10,66.1015,16,33.1051,26,50.7145,10
TOR,2y_pool,164,47.5093,31,48.4722,27,64.4595,30,33.1943,25,48.4722,27
UTA,2y_pool,163,51.6698,6,51.293,6,67.1182,4,34.8084,8,51.293,6
VAN,2y_pool,163,49.8478,18,48.8267,24,65.5552,22,34.402,12,48.8267,24
VGK,2y_pool,164,52.17,4,50.1908,14,66.0196,18,35.4045,6,50.1908,14
WPG,2y_pool,163,49.3836,21,50.5225,12,64.4197,31,32.9956,27,50.5225,12
WSH,2y_pool,164,50.2023,11,50.9695,9,66.0299,17,35.6028,5,50.9695,9
ANA,4y_pool,327,47.9492,30,48.9685,27,65.5579,22,32.5465,31,48.9685,27
BOS,4y_pool,328,49.8011,19,48.9872,26,67.2123,5,33.9768,18,48.9872,26
BUF,4y_pool,328,49.8782,17,49.6989,19,66.6052,10,33.0323,27,49.6989,19
CAR,4y_pool,328,54.116,1,54.3977,1,67.8673,1,35.1094,4,54.3977,1
CBJ,4y_pool,328,49.5878,21,48.963,28,66.2874,13,33.2736,22,48.963,28
CGY,4y_pool,327,51.7752,4,50.3146,12,67.1731,6,34.3932,11,50.3146,12
CHI,4y_pool,328,46.729,32,46.4264,32,64.9553,27,31.3403,32,46.4264,32
COL,4y_pool,327,51.6564,5,50.9992,8,67.0543,8,35.1394,3,50.9992,8
DAL,4y_pool,328,48.2674,29,48.9508,29,64.8958,28,32.7112,30,48.9508,29
DET,4y_pool,328,48.563,28,49.1072,24,66.286,14,32.7168,29,49.1072,24
EDM,4y_pool,327,52.4283,2,50.9973,9,67.409,4,35.7735,1,50.9973,9
FLA,4y_pool,328,51.8335,3,51.0449,7,67.0409,9,34.6003,7,51.0449,7
LAK,4y_pool,327,50.5371,9,50.3187,11,66.3679,12,34.4238,10,50.3187,11
MIN,4y_pool,328,51.0025,7,51.0561,5,67.7804,2,35.0837,5,51.0561,5
MTL,4y_pool,328,48.9066,27,49.1083,23,64.2082,32,34.2916,14,49.1083,23
NJD,4y_pool,328,49.9103,15,49.0159,25,65.5252,23,33.1003,25,49.0159,25
NSH,4y_pool,327,50.0495,13,51.2596,4,66.1585,16,34.3611,12,51.2596,4
NYI,4y_pool,328,49.0999,26,50.133,15,64.4793,31,34.0087,17,50.133,15
NYR,4y_pool,328,49.4203,22,48.837,30,65.6111,21,33.5949,21,48.837,30
OTT,4y_pool,328,50.0698,12,51.5636,3,66.4042,11,33.2425,23,51.5636,3
PHI,4y_pool,328,51.4113,6,51.5716,2,67.4668,3,35.1965,2,51.5716,2
PIT,4y_pool,328,49.353,24,49.3716,22,64.8653,29,33.9522,19,49.3716,22
SEA,4y_pool,327,49.9871,14,49.7241,17,65.6334,20,33.778,20,49.7241,17
SJS,4y_pool,327,47.8276,31,48.1631,31,64.7463,30,33.0569,26,48.1631,31
STL,4y_pool,327,50.3677,11,49.855,16,67.1177,7,34.265,15,49.855,16
TBL,4y_pool,328,50.4342,10,51.0451,6,65.9952,17,34.0216,16,51.0451,6
TOR,4y_pool,328,49.3819,23,49.6772,20,65.374,24,34.5233,8,49.6772,20
UTA,4y_pool,327,49.2639,25,50.5219,10,66.2053,15,32.9287,28,50.5219,10
VAN,4y_pool,327,49.8079,18,49.4626,21,65.7948,19,34.3147,13,49.4626,21
VGK,4y_pool,328,50.9687,8,50.2731,14,65.9441,18,34.4538,9,50.2731,14
WPG,4y_pool,327,49.8989,16,49.7124,18,65.2593,26,33.2083,24,49.7124,18
WSH,4y_pool,328,49.6082,20,50.3004,13,65.2941,25,34.9314,6,50.3004,13
