outcome,n,n_pos,var,beta,se,z,p,OR,pseudo_R2
made_playoffs,128,64,intercept,-0.2424,0.2607,-0.93,0.3524,0.785,0.409
made_playoffs,128,64,F_top6_twoway,0.6073,0.4968,1.223,0.2215,1.836,0.409
made_playoffs,128,64,F_bot6_twoway,-0.0919,0.4251,-0.216,0.8288,0.912,0.409
made_playoffs,128,64,D_top4_twoway,-0.2293,0.5143,-0.446,0.6557,0.795,0.409
made_playoffs,128,64,starter_NFI_GSAx_per60,0.824,0.2482,3.319,0.0009,2.28,0.409
made_playoffs,128,64,TNFI_pct,1.9425,0.5823,3.336,0.0009,6.976,0.409
round1_win,128,32,intercept,-1.9439,0.3839,-5.063,0.0,0.143,0.29
round1_win,128,32,F_top6_twoway,0.832,0.5049,1.648,0.0994,2.298,0.29
round1_win,128,32,F_bot6_twoway,-0.1671,0.4051,-0.412,0.68,0.846,0.29
round1_win,128,32,D_top4_twoway,0.0332,0.5164,0.064,0.9487,1.034,0.29
round1_win,128,32,starter_NFI_GSAx_per60,0.6861,0.297,2.31,0.0209,1.986,0.29
round1_win,128,32,TNFI_pct,1.3351,0.5594,2.386,0.017,3.8,0.29
round2_win,128,16,intercept,-3.3625,0.6738,-4.99,0.0,0.035,0.272
round2_win,128,16,F_top6_twoway,1.2723,0.6577,1.935,0.053,3.569,0.272
round2_win,128,16,F_bot6_twoway,-0.3904,0.4673,-0.835,0.4035,0.677,0.272
round2_win,128,16,D_top4_twoway,0.862,0.6517,1.323,0.1859,2.368,0.272
round2_win,128,16,starter_NFI_GSAx_per60,1.2739,0.4738,2.689,0.0072,3.575,0.272
round2_win,128,16,TNFI_pct,0.4342,0.662,0.656,0.5119,1.544,0.272
cf_win,128,8,intercept,-4.2073,0.9108,-4.619,0.0,0.015,0.255
cf_win,128,8,F_top6_twoway,0.8755,0.7651,1.144,0.2525,2.4,0.255
cf_win,128,8,F_bot6_twoway,-0.8195,0.6186,-1.325,0.1852,0.441,0.255
cf_win,128,8,D_top4_twoway,0.22,0.8152,0.27,0.7873,1.246,0.255
cf_win,128,8,starter_NFI_GSAx_per60,0.7833,0.5287,1.482,0.1385,2.189,0.255
cf_win,128,8,TNFI_pct,1.7571,0.9247,1.9,0.0574,5.796,0.255
cup_win,128,4,intercept,-5.4272,1.3704,-3.96,0.0001,0.004,0.31
cup_win,128,4,F_top6_twoway,0.5165,1.0118,0.51,0.6097,1.676,0.31
cup_win,128,4,F_bot6_twoway,-0.8921,0.8867,-1.006,0.3144,0.41,0.31
cup_win,128,4,D_top4_twoway,-1.101,1.2393,-0.888,0.3743,0.333,0.31
cup_win,128,4,starter_NFI_GSAx_per60,1.0253,0.7768,1.32,0.1868,2.788,0.31
cup_win,128,4,TNFI_pct,3.191,1.4688,2.173,0.0298,24.312,0.31
