player_id,player_name,reb_attempts,league_denom,es_toi_min,P1b,P1b_lo,P1b_hi,P1b_pct,P1b_lo_pct,P1b_hi_pct,P1b_rank,P1b_per60,P1b_per60_lo95,P1b_per60_hi95,P1b_per60_rank,rank_delta_pct_vs_per60,toi_flag
8481024,Linus Karlsson,34,16187,756.85,0.0021,0.001504,0.002934,0.21,0.1504,0.2934,160,2.6954,1.8666,3.7665,1,159,TOI_DEFLATED
8475314,Anders Lee,114,16187,5288.3,0.007043,0.005866,0.008453,0.7043,0.5866,0.8453,1,1.2934,1.0669,1.5538,2,-1,
8481716,Dmitri Voronkov,47,16187,2276.8333333333335,0.002904,0.002184,0.003859,0.2904,0.2184,0.3859,61,1.2386,0.91,1.647,3,58,TOI_DEFLATED
8483464,Marco Kasper,30,16187,1557.75,0.001853,0.001299,0.002645,0.1853,0.1299,0.2645,202,1.1555,0.7796,1.6496,4,198,TOI_DEFLATED
8479365,Trent Frederic,66,16187,3615.733333333333,0.004077,0.003206,0.005184,0.4077,0.3206,0.5184,12,1.0952,0.847,1.3934,5,7,
8475786,Zach Hyman,102,16187,5621.933333333333,0.006301,0.005194,0.007643,0.6301,0.5194,0.7643,2,1.0886,0.8876,1.3215,6,-4,
8475169,Evander Kane,53,16187,3003.4166666666665,0.003274,0.002504,0.00428,0.3274,0.2504,0.428,31,1.0588,0.7931,1.3849,7,24,TOI_DEFLATED
8475799,Nino Niederreiter,76,16187,4402.883333333333,0.004695,0.003753,0.005872,0.4695,0.3753,0.5872,4,1.0357,0.816,1.2963,8,-4,
8470610,Zach Parise,42,16187,2455.9166666666665,0.002595,0.00192,0.003505,0.2595,0.192,0.3505,98,1.0261,0.7395,1.387,9,89,TOI_DEFLATED
8479671,Mathieu Olivier,47,16187,2785.9666666666667,0.002904,0.002184,0.003859,0.2904,0.2184,0.3859,61,1.0122,0.7437,1.346,10,51,TOI_DEFLATED
8476474,Stefan Noesen,47,16187,2833.75,0.002904,0.002184,0.003859,0.2904,0.2184,0.3859,61,0.9951,0.7312,1.3233,11,50,TOI_DEFLATED
8477935,Sam Bennett,75,16187,4531.283333333334,0.004633,0.003698,0.005804,0.4633,0.3698,0.5804,5,0.9931,0.7811,1.2449,12,-7,
8482702,Logan Stankoven,32,16187,1933.95,0.001977,0.001401,0.002789,0.1977,0.1401,0.2789,176,0.9928,0.6791,1.4015,13,163,TOI_DEFLATED
8480855,Jack McBain,51,16187,3158.1,0.003151,0.002397,0.00414,0.3151,0.2397,0.414,43,0.9689,0.7214,1.274,14,29,TOI_DEFLATED
8477478,William Carrier,42,16187,2618.8,0.002595,0.00192,0.003505,0.2595,0.192,0.3505,98,0.9623,0.6935,1.3007,15,83,TOI_DEFLATED
8477476,Artturi Lehkonen,68,16187,4310.0,0.004201,0.003315,0.005322,0.4201,0.3315,0.5322,8,0.9466,0.7351,1.2001,16,-8,
8482055,Drew O'Connor,52,16187,3339.45,0.003212,0.002451,0.00421,0.3212,0.2451,0.421,37,0.9343,0.6978,1.2252,17,20,
8478057,Dakota Joshua,43,16187,2800.0666666666666,0.002656,0.001973,0.003576,0.2656,0.1973,0.3576,89,0.9214,0.6668,1.2411,18,71,TOI_DEFLATED
8479977,Kailer Yamamoto,47,16187,3109.75,0.002904,0.002184,0.003859,0.2904,0.2184,0.3859,61,0.9068,0.6663,1.2059,19,42,TOI_DEFLATED
8477446,Michael McCarron,44,16187,2918.866666666667,0.002718,0.002026,0.003647,0.2718,0.2026,0.3647,83,0.9045,0.6572,1.2142,20,63,TOI_DEFLATED
8475166,John Tavares,82,16187,5459.7,0.005066,0.004083,0.006283,0.5066,0.4083,0.6283,3,0.9011,0.7167,1.1186,21,-18,
8478046,Danton Heinen,53,16187,3569.516666666667,0.003274,0.002504,0.00428,0.3274,0.2504,0.428,31,0.8909,0.6673,1.1653,22,9,
8479414,Nathan Bastian,35,16187,2369.3,0.002162,0.001555,0.003006,0.2162,0.1555,0.3006,153,0.8863,0.6174,1.2327,23,130,TOI_DEFLATED
8482092,Ridly Greig,42,16187,2854.25,0.002595,0.00192,0.003505,0.2595,0.192,0.3505,98,0.8829,0.6363,1.1934,24,74,TOI_DEFLATED
8476392,Adam Lowry,68,16187,4624.95,0.004201,0.003315,0.005322,0.4201,0.3315,0.5322,8,0.8822,0.685,1.1184,25,-17,
8481580,Connor McMichael,51,16187,3504.0,0.003151,0.002397,0.00414,0.3151,0.2397,0.414,43,0.8733,0.6502,1.1482,26,17,
8476921,Jordan Martinook,62,16187,4310.433333333333,0.00383,0.002989,0.004907,0.383,0.2989,0.4907,15,0.863,0.6617,1.1064,27,-12,
8482157,Will Cuylle,37,16187,2580.3166666666666,0.002286,0.001659,0.003149,0.2286,0.1659,0.3149,130,0.8604,0.6058,1.1859,28,102,TOI_DEFLATED
8479591,Michael Eyssimont,36,16187,2527.7166666666667,0.002224,0.001607,0.003077,0.2224,0.1607,0.3077,140,0.8545,0.5985,1.183,29,111,TOI_DEFLATED
8480762,Eric Robinson,48,16187,3430.7833333333333,0.002965,0.002237,0.003929,0.2965,0.2237,0.3929,56,0.8395,0.619,1.113,30,26,TOI_DEFLATED
8480801,Brady Tkachuk,74,16187,5399.25,0.004572,0.003643,0.005735,0.4572,0.3643,0.5735,6,0.8223,0.6457,1.0324,31,-25,TOI_INFLATED
8479525,Ross Colton,53,16187,3897.2833333333333,0.003274,0.002504,0.00428,0.3274,0.2504,0.428,31,0.816,0.6112,1.0673,32,-1,
8480281,Alexey Toropchenko,43,16187,3189.6,0.002656,0.001973,0.003576,0.2656,0.1973,0.3576,89,0.8089,0.5854,1.0896,33,56,TOI_DEFLATED
8475855,Jesper Fast,38,16187,2839.3333333333335,0.002348,0.001711,0.00322,0.2348,0.1711,0.322,119,0.803,0.5683,1.1022,34,85,TOI_DEFLATED
8478047,Michael Bunting,64,16187,4782.8,0.003954,0.003098,0.005045,0.3954,0.3098,0.5045,14,0.8029,0.6183,1.0253,35,-21,TOI_INFLATED
8474037,James van Riemsdyk,52,16187,3902.0833333333335,0.003212,0.002451,0.00421,0.3212,0.2451,0.421,37,0.7996,0.5972,1.0485,36,1,
8475848,Brendan Gallagher,46,16187,3480.9333333333334,0.002842,0.002131,0.003788,0.2842,0.2131,0.3788,66,0.7929,0.5805,1.0576,37,29,TOI_DEFLATED
8482740,Wyatt Johnston,55,16187,4193.05,0.003398,0.002612,0.00442,0.3398,0.2612,0.442,26,0.787,0.5929,1.0244,38,-12,
8480289,Morgan Barron,37,16187,2829.8333333333335,0.002286,0.001659,0.003149,0.2286,0.1659,0.3149,130,0.7845,0.5524,1.0813,39,91,TOI_DEFLATED
8480459,Pius Suter,59,16187,4526.55,0.003645,0.002827,0.004698,0.3645,0.2827,0.4698,18,0.7821,0.5953,1.0088,40,-22,TOI_INFLATED
8481535,Nils Hoglander,37,16187,2844.0666666666666,0.002286,0.001659,0.003149,0.2286,0.1659,0.3149,130,0.7806,0.5496,1.0759,41,89,TOI_DEFLATED
8480849,Barrett Hayton,50,16187,3881.0666666666666,0.003089,0.002344,0.00407,0.3089,0.2344,0.407,51,0.773,0.5737,1.0191,42,9,
8478508,Yakov Trenin,55,16187,4298.183333333333,0.003398,0.002612,0.00442,0.3398,0.2612,0.442,26,0.7678,0.5784,0.9994,43,-17,
8475287,Erik Haula,59,16187,4614.85,0.003645,0.002827,0.004698,0.3645,0.2827,0.4698,18,0.7671,0.5839,0.9895,44,-26,TOI_INFLATED
8482155,Alex Laferriere,36,16187,2820.0833333333335,0.002224,0.001607,0.003077,0.2224,0.1607,0.3077,140,0.7659,0.5365,1.0604,45,95,TOI_DEFLATED
8478449,Roope Hintz,59,16187,4644.75,0.003645,0.002827,0.004698,0.3645,0.2827,0.4698,18,0.7622,0.5802,0.9831,46,-28,TOI_INFLATED
8481656,Aliaksei Protas,47,16187,3704.0,0.002904,0.002184,0.003859,0.2904,0.2184,0.3859,61,0.7613,0.5594,1.0124,47,14,
8477425,Miles Wood,31,16187,2448.3333333333335,0.001915,0.00135,0.002717,0.1915,0.135,0.2717,186,0.7597,0.5162,1.0783,48,138,TOI_DEFLATED
8475784,Jeff Skinner,54,16187,4322.766666666666,0.003336,0.002558,0.00435,0.3336,0.2558,0.435,29,0.7495,0.5631,0.978,49,-20,
8477998,Warren Foegele,53,16187,4244.4,0.003274,0.002504,0.00428,0.3274,0.2504,0.428,31,0.7492,0.5612,0.98,50,-19,
8479661,Tanner Jeannot,46,16187,3718.5,0.002842,0.002131,0.003788,0.2842,0.2131,0.3788,66,0.7422,0.5434,0.99,51,15,
8475231,Casey Cizikas,51,16187,4141.4,0.003151,0.002397,0.00414,0.3151,0.2397,0.414,43,0.7389,0.5501,0.9715,52,-9,
8479318,Auston Matthews,67,16187,5452.95,0.004139,0.003261,0.005253,0.4139,0.3261,0.5253,10,0.7372,0.5713,0.9362,53,-43,TOI_INFLATED
8480002,Nico Hischier,67,16187,5469.116666666667,0.004139,0.003261,0.005253,0.4139,0.3261,0.5253,10,0.735,0.5696,0.9335,54,-44,TOI_INFLATED
8473422,Nick Foligno,46,16187,3761.8166666666666,0.002842,0.002131,0.003788,0.2842,0.2131,0.3788,66,0.7337,0.5372,0.9786,55,11,
8478498,Jake DeBrusk,56,16187,4626.783333333334,0.00346,0.002665,0.004489,0.346,0.2665,0.4489,24,0.7262,0.5486,0.943,56,-32,TOI_INFLATED
8478904,Steven Lorentz,34,16187,2865.9333333333334,0.0021,0.001504,0.002934,0.21,0.1504,0.2934,160,0.7118,0.4929,0.9947,57,103,TOI_DEFLATED
8477508,Curtis Lazar,31,16187,2632.2,0.001915,0.00135,0.002717,0.1915,0.135,0.2717,186,0.7066,0.4801,1.003,58,128,TOI_DEFLATED
8477952,Robby Fabbri,32,16187,2724.983333333333,0.001977,0.001401,0.002789,0.1977,0.1401,0.2789,176,0.7046,0.4819,0.9947,59,117,TOI_DEFLATED
8481596,Shane Pinto,38,16187,3236.733333333333,0.002348,0.001711,0.00322,0.2348,0.1711,0.322,119,0.7044,0.4985,0.9669,60,59,TOI_DEFLATED
8476871,Tanner Pearson,32,16187,2735.9333333333334,0.001977,0.001401,0.002789,0.1977,0.1401,0.2789,176,0.7018,0.48,0.9907,61,115,TOI_DEFLATED
8479314,Matthew Tkachuk,56,16187,4792.65,0.00346,0.002665,0.004489,0.346,0.2665,0.4489,24,0.7011,0.5296,0.9104,62,-38,TOI_INFLATED
8476887,Filip Forsberg,59,16187,5068.333333333333,0.003645,0.002827,0.004698,0.3645,0.2827,0.4698,18,0.6985,0.5317,0.901,63,-45,TOI_INFLATED
8477501,Valeri Nichushkin,46,16187,3959.883333333333,0.002842,0.002131,0.003788,0.2842,0.2131,0.3788,66,0.697,0.5103,0.9297,64,2,
8476480,Vladislav Namestnikov,46,16187,3981.65,0.002842,0.002131,0.003788,0.2842,0.2131,0.3788,66,0.6932,0.5075,0.9246,65,1,
8477015,Connor Brown,40,16187,3463.05,0.002471,0.001815,0.003363,0.2471,0.1815,0.3363,109,0.693,0.4951,0.9437,66,43,TOI_DEFLATED
8482745,Mason McTavish,42,16187,3650.7,0.002595,0.00192,0.003505,0.2595,0.192,0.3505,98,0.6903,0.4975,0.9331,67,31,TOI_DEFLATED
8480014,Gabriel Vilardi,43,16187,3739.266666666667,0.002656,0.001973,0.003576,0.2656,0.1973,0.3576,89,0.69,0.4993,0.9294,68,21,TOI_DEFLATED
8477404,Jake Guentzel,66,16187,5762.883333333333,0.004077,0.003206,0.005184,0.4077,0.3206,0.5184,12,0.6872,0.5314,0.8742,69,-57,TOI_INFLATED
8475722,Jason Zucker,44,16187,3857.55,0.002718,0.002026,0.003647,0.2718,0.2026,0.3647,83,0.6844,0.4973,0.9187,70,13,
8480829,Jesperi Kotkaniemi,43,16187,3779.4333333333334,0.002656,0.001973,0.003576,0.2656,0.1973,0.3576,89,0.6826,0.494,0.9195,71,18,
8476479,Phillip Danault,58,16187,5106.883333333333,0.003583,0.002773,0.004629,0.3583,0.2773,0.4629,22,0.6814,0.5174,0.8809,72,-50,TOI_INFLATED
8481528,Dylan Cozens,57,16187,5070.683333333333,0.003521,0.002719,0.004559,0.3521,0.2719,0.4559,23,0.6745,0.5108,0.8738,73,-50,TOI_INFLATED
8477497,Sean Monahan,42,16187,3736.133333333333,0.002595,0.00192,0.003505,0.2595,0.192,0.3505,98,0.6745,0.4861,0.9117,73,25,TOI_DEFLATED
8480748,Kiefer Sherwood,31,16187,2769.5666666666666,0.001915,0.00135,0.002717,0.1915,0.135,0.2717,186,0.6716,0.4563,0.9533,75,111,TOI_DEFLATED
8479675,Trevor Moore,52,16187,4646.25,0.003212,0.002451,0.00421,0.3212,0.2451,0.421,37,0.6715,0.5015,0.8806,76,-39,TOI_INFLATED
8477451,Ryan Hartman,51,16187,4560.95,0.003151,0.002397,0.00414,0.3151,0.2397,0.414,43,0.6709,0.4995,0.8821,77,-34,TOI_INFLATED
8478414,Timo Meier,60,16187,5486.516666666666,0.003707,0.002881,0.004768,0.3707,0.2881,0.4768,16,0.6562,0.5007,0.8446,78,-62,TOI_INFLATED
8482146,Luke Evangelista,30,16187,2752.266666666667,0.001853,0.001299,0.002645,0.1853,0.1299,0.2645,202,0.654,0.4413,0.9336,79,123,TOI_DEFLATED
8478402,Connor McDavid,69,16187,6331.433333333333,0.004263,0.00337,0.005391,0.4263,0.337,0.5391,7,0.6539,0.5088,0.8275,80,-73,TOI_INFLATED
8475754,Brock Nelson,60,16187,5505.233333333334,0.003707,0.002881,0.004768,0.3707,0.2881,0.4768,16,0.6539,0.499,0.8417,80,-64,TOI_INFLATED
8478042,Viktor Arvidsson,40,16187,3687.4333333333334,0.002471,0.001815,0.003363,0.2471,0.1815,0.3363,109,0.6509,0.465,0.8863,82,27,TOI_DEFLATED
8475810,Bryan Rust,53,16187,4903.7,0.003274,0.002504,0.00428,0.3274,0.2504,0.428,31,0.6485,0.4858,0.8482,83,-52,TOI_INFLATED
8479520,Brandon Duhaime,36,16187,3342.0333333333333,0.002224,0.001607,0.003077,0.2224,0.1607,0.3077,140,0.6463,0.4527,0.8948,84,56,TOI_DEFLATED
8481641,Joel Kiviranta,31,16187,2887.383333333333,0.001915,0.00135,0.002717,0.1915,0.135,0.2717,186,0.6442,0.4377,0.9144,85,101,TOI_DEFLATED
8477429,Andrew Copp,50,16187,4677.45,0.003089,0.002344,0.00407,0.3089,0.2344,0.407,51,0.6414,0.476,0.8456,86,-35,TOI_INFLATED
8476399,Blake Coleman,54,16187,5073.65,0.003336,0.002558,0.00435,0.3336,0.2558,0.435,29,0.6386,0.4797,0.8332,87,-58,TOI_INFLATED
8478115,Pierre Engvall,36,16187,3395.8,0.002224,0.001607,0.003077,0.2224,0.1607,0.3077,140,0.6361,0.4455,0.8806,88,52,TOI_DEFLATED
8482079,Marco Rossi,33,16187,3128.2166666666667,0.002039,0.001452,0.002862,0.2039,0.1452,0.2862,163,0.6329,0.4357,0.8889,89,74,TOI_DEFLATED
8473533,Jordan Staal,51,16187,4845.65,0.003151,0.002397,0.00414,0.3151,0.2397,0.414,43,0.6315,0.4702,0.8303,90,-47,TOI_INFLATED
8482093,Seth Jarvis,50,16187,4795.283333333334,0.003089,0.002344,0.00407,0.3089,0.2344,0.407,51,0.6256,0.4643,0.8248,91,-40,TOI_INFLATED
8475913,Mark Stone,39,16187,3778.6833333333334,0.002409,0.001763,0.003292,0.2409,0.1763,0.3292,113,0.6193,0.4404,0.8466,92,21,TOI_DEFLATED
8476624,Barclay Goodrow,44,16187,4269.916666666667,0.002718,0.002026,0.003647,0.2718,0.2026,0.3647,83,0.6183,0.4492,0.83,93,-10,
8480220,Noah Cates,38,16187,3714.0666666666666,0.002348,0.001711,0.00322,0.2348,0.1711,0.322,119,0.6139,0.4344,0.8426,94,25,TOI_DEFLATED
8478873,Troy Terry,53,16187,5185.416666666667,0.003274,0.002504,0.00428,0.3274,0.2504,0.428,31,0.6133,0.4594,0.8022,95,-64,TOI_INFLATED
8482110,Dawson Mercer,55,16187,5399.6,0.003398,0.002612,0.00442,0.3398,0.2612,0.442,26,0.6112,0.4604,0.7955,96,-70,TOI_INFLATED
8470794,Joe Pavelski,37,16187,3634.516666666667,0.002286,0.001659,0.003149,0.2286,0.1659,0.3149,130,0.6108,0.4301,0.8419,97,33,TOI_DEFLATED
8478463,Anthony Beauvillier,46,16187,4521.366666666667,0.002842,0.002131,0.003788,0.2842,0.2131,0.3788,66,0.6104,0.4469,0.8142,98,-32,TOI_INFLATED
8470621,Corey Perry,37,16187,3650.4,0.002286,0.001659,0.003149,0.2286,0.1659,0.3149,130,0.6082,0.4282,0.8383,99,31,TOI_DEFLATED
8478519,Anthony Cirelli,50,16187,4938.233333333334,0.003089,0.002344,0.00407,0.3089,0.2344,0.407,51,0.6075,0.4509,0.8009,100,-49,TOI_INFLATED
8480830,Andrei Svechnikov,46,16187,4550.566666666667,0.002842,0.002131,0.003788,0.2842,0.2131,0.3788,66,0.6065,0.444,0.809,101,-35,TOI_INFLATED
8478366,Frank Vatrano,46,16187,4564.9,0.002842,0.002131,0.003788,0.2842,0.2131,0.3788,66,0.6046,0.4427,0.8065,102,-36,TOI_INFLATED
8473994,Jamie Benn,46,16187,4597.166666666667,0.002842,0.002131,0.003788,0.2842,0.2131,0.3788,66,0.6004,0.4395,0.8008,103,-37,TOI_INFLATED
8478474,Lawson Crouse,46,16187,4611.083333333333,0.002842,0.002131,0.003788,0.2842,0.2131,0.3788,66,0.5986,0.4382,0.7984,104,-38,TOI_INFLATED
8475193,Tomas Tatar,35,16187,3510.6,0.002162,0.001555,0.003006,0.2162,0.1555,0.3006,153,0.5982,0.4167,0.8319,105,48,TOI_DEFLATED
8474149,Evgenii Dadonov,36,16187,3630.35,0.002224,0.001607,0.003077,0.2224,0.1607,0.3077,140,0.595,0.4167,0.8237,106,34,TOI_DEFLATED
8476461,Sean Couturier,33,16187,3335.1833333333334,0.002039,0.001452,0.002862,0.2039,0.1452,0.2862,163,0.5937,0.4087,0.8337,107,56,TOI_DEFLATED
8481481,Blake Lizotte,31,16187,3144.3166666666666,0.001915,0.00135,0.002717,0.1915,0.135,0.2717,186,0.5915,0.4019,0.8396,108,78,TOI_DEFLATED
8477409,Carter Verhaeghe,52,16187,5289.5,0.003212,0.002451,0.00421,0.3212,0.2451,0.421,37,0.5898,0.4405,0.7735,109,-72,TOI_INFLATED
8475745,Charlie Coyle,51,16187,5213.95,0.003151,0.002397,0.00414,0.3151,0.2397,0.414,43,0.5869,0.437,0.7716,110,-67,TOI_INFLATED
8478020,Michael Amadio,38,16187,3884.5,0.002348,0.001711,0.00322,0.2348,0.1711,0.322,119,0.5869,0.4154,0.8056,110,9,
8476432,Boone Jenner,39,16187,3995.3333333333335,0.002409,0.001763,0.003292,0.2409,0.1763,0.3292,113,0.5857,0.4165,0.8006,112,1,
8475158,Ryan O'Reilly,51,16187,5261.2,0.003151,0.002397,0.00414,0.3151,0.2397,0.414,43,0.5816,0.4331,0.7647,113,-70,TOI_INFLATED
8473419,Brad Marchand,46,16187,4753.533333333334,0.002842,0.002131,0.003788,0.2842,0.2131,0.3788,66,0.5806,0.4251,0.7745,114,-48,TOI_INFLATED
8471215,Evgeni Malkin,43,16187,4481.833333333333,0.002656,0.001973,0.003576,0.2656,0.1973,0.3576,89,0.5757,0.4166,0.7754,115,-26,TOI_INFLATED
8477903,Garnet Hathaway,35,16187,3661.1666666666665,0.002162,0.001555,0.003006,0.2162,0.1555,0.3006,153,0.5736,0.3995,0.7977,116,37,TOI_DEFLATED
8475184,Chris Kreider,48,16187,5049.3,0.002965,0.002237,0.003929,0.2965,0.2237,0.3929,56,0.5704,0.4206,0.7562,117,-61,TOI_INFLATED
8477989,Christian Dvorak,35,16187,3697.8333333333335,0.002162,0.001555,0.003006,0.2162,0.1555,0.3006,153,0.5679,0.3956,0.7898,118,35,TOI_DEFLATED
8477933,Sam Reinhart,52,16187,5525.766666666666,0.003212,0.002451,0.00421,0.3212,0.2451,0.421,37,0.5646,0.4217,0.7404,119,-82,TOI_INFLATED
8478493,Joel Eriksson Ek,45,16187,4789.733333333334,0.00278,0.002078,0.003718,0.278,0.2078,0.3718,78,0.5637,0.4112,0.7543,120,-42,TOI_INFLATED
8475760,Nick Bjugstad,35,16187,3737.133333333333,0.002162,0.001555,0.003006,0.2162,0.1555,0.3006,153,0.5619,0.3914,0.7815,121,32,TOI_DEFLATED
8476889,Radek Faksa,36,16187,3854.2,0.002224,0.001607,0.003077,0.2224,0.1607,0.3077,140,0.5604,0.3925,0.7759,122,18,
8479390,Taylor Raddysh,38,16187,4071.45,0.002348,0.001711,0.00322,0.2348,0.1711,0.322,119,0.56,0.3963,0.7686,123,-4,
8474150,Mikael Backlund,51,16187,5475.016666666666,0.003151,0.002397,0.00414,0.3151,0.2397,0.414,43,0.5589,0.4161,0.7349,124,-81,TOI_INFLATED
8481711,Matias Maccelli,32,16187,3438.3,0.001977,0.001401,0.002789,0.1977,0.1401,0.2789,176,0.5584,0.382,0.7883,125,51,TOI_DEFLATED
8476292,Ondrej Palat,38,16187,4118.95,0.002348,0.001711,0.00322,0.2348,0.1711,0.322,119,0.5535,0.3917,0.7598,126,-7,
8482109,Alexis Lafrenière,48,16187,5219.733333333334,0.002965,0.002237,0.003929,0.2965,0.2237,0.3929,56,0.5518,0.4068,0.7315,127,-71,TOI_INFLATED
8476393,Nick Cousins,31,16187,3380.2,0.001915,0.00135,0.002717,0.1915,0.135,0.2717,186,0.5503,0.3739,0.7811,128,58,TOI_DEFLATED
8477987,Ryan Donato,39,16187,4264.766666666666,0.002409,0.001763,0.003292,0.2409,0.1763,0.3292,113,0.5487,0.3902,0.7501,129,-16,
8478440,Dylan Strome,48,16187,5257.4,0.002965,0.002237,0.003929,0.2965,0.2237,0.3929,56,0.5478,0.4039,0.7263,130,-74,TOI_INFLATED
8476419,Jean-Gabriel Pageau,44,16187,4830.95,0.002718,0.002026,0.003647,0.2718,0.2026,0.3647,83,0.5465,0.3971,0.7336,131,-48,TOI_INFLATED
8476454,Ryan Nugent-Hopkins,49,16187,5394.7,0.003027,0.002291,0.003999,0.3027,0.2291,0.3999,55,0.545,0.4032,0.7205,132,-77,TOI_INFLATED
8480188,Fabian Zetterlund,36,16187,3984.4,0.002224,0.001607,0.003077,0.2224,0.1607,0.3077,140,0.5421,0.3797,0.7505,133,7,
8480185,Eetu Luostarinen,42,16187,4671.783333333334,0.002595,0.00192,0.003505,0.2595,0.192,0.3505,98,0.5394,0.3888,0.7291,134,-36,TOI_INFLATED
8471675,Sidney Crosby,52,16187,5852.383333333333,0.003212,0.002451,0.00421,0.3212,0.2451,0.421,37,0.5331,0.3982,0.6991,135,-98,TOI_INFLATED
8476826,Yanni Gourde,43,16187,4848.166666666667,0.002656,0.001973,0.003576,0.2656,0.1973,0.3576,89,0.5322,0.3851,0.7168,136,-47,TOI_INFLATED
8474641,Adam Henrique,37,16187,4219.2,0.002286,0.001659,0.003149,0.2286,0.1659,0.3149,130,0.5262,0.3705,0.7253,137,-7,
8478975,Mason Marchment,36,16187,4106.85,0.002224,0.001607,0.003077,0.2224,0.1607,0.3077,140,0.526,0.3684,0.7281,138,2,
8480113,Alex Iafallo,39,16187,4499.583333333333,0.002409,0.001763,0.003292,0.2409,0.1763,0.3292,113,0.52,0.3698,0.7109,139,-26,TOI_INFLATED
8475191,Reilly Smith,38,16187,4404.933333333333,0.002348,0.001711,0.00322,0.2348,0.1711,0.322,119,0.5176,0.3663,0.7104,140,-21,TOI_INFLATED
8477964,Ivan Barbashev,45,16187,5222.383333333333,0.00278,0.002078,0.003718,0.278,0.2078,0.3718,78,0.517,0.3771,0.6918,141,-63,TOI_INFLATED
8476881,Tomas Hertl,45,16187,5225.883333333333,0.00278,0.002078,0.003718,0.278,0.2078,0.3718,78,0.5167,0.3769,0.6913,142,-64,TOI_INFLATED
8476878,Zemgus Girgensons,31,16187,3601.9666666666667,0.001915,0.00135,0.002717,0.1915,0.135,0.2717,186,0.5164,0.3509,0.733,143,43,TOI_DEFLATED
8478462,Nicolas Roy,36,16187,4201.1,0.002224,0.001607,0.003077,0.2224,0.1607,0.3077,140,0.5142,0.3601,0.7118,144,-4,
8482113,Anton Lundell,37,16187,4323.0,0.002286,0.001659,0.003149,0.2286,0.1659,0.3149,130,0.5135,0.3616,0.7078,145,-15,
8480797,Joel Farabee,42,16187,4919.466666666666,0.002595,0.00192,0.003505,0.2595,0.192,0.3505,98,0.5123,0.3692,0.6924,146,-48,TOI_INFLATED
8477493,Aleksander Barkov,37,16187,4356.216666666666,0.002286,0.001659,0.003149,0.2286,0.1659,0.3149,130,0.5096,0.3588,0.7024,147,-17,
8479351,Sam Steel,33,16187,3898.766666666667,0.002039,0.001452,0.002862,0.2039,0.1452,0.2862,163,0.5079,0.3496,0.7132,148,15,
8480027,Jason Robertson,48,16187,5700.35,0.002965,0.002237,0.003929,0.2965,0.2237,0.3929,56,0.5052,0.3725,0.6699,149,-93,TOI_INFLATED
8481068,Yegor Sharangovich,40,16187,4752.733333333334,0.002471,0.001815,0.003363,0.2471,0.1815,0.3363,109,0.505,0.3608,0.6876,150,-41,TOI_INFLATED
8479407,Jesper Bratt,46,16187,5495.633333333333,0.002842,0.002131,0.003788,0.2842,0.2131,0.3788,66,0.5022,0.3677,0.6699,151,-85,TOI_INFLATED
8478434,Keegan Kolesar,33,16187,3947.366666666667,0.002039,0.001452,0.002862,0.2039,0.1452,0.2862,163,0.5016,0.3453,0.7044,152,11,
8471214,Alex Ovechkin,42,16187,5143.35,0.002595,0.00192,0.003505,0.2595,0.192,0.3505,98,0.49,0.3531,0.6623,153,-55,TOI_INFLATED
8476927,Teddy Blueger,30,16187,3675.75,0.001853,0.001299,0.002645,0.1853,0.1299,0.2645,202,0.4897,0.3304,0.6991,154,48,TOI_DEFLATED
8477960,Adrian Kempe,45,16187,5521.966666666666,0.00278,0.002078,0.003718,0.278,0.2078,0.3718,78,0.489,0.3566,0.6543,155,-77,TOI_INFLATED
8476483,Rickard Rakell,43,16187,5281.75,0.002656,0.001973,0.003576,0.2656,0.1973,0.3576,89,0.4885,0.3535,0.658,156,-67,TOI_INFLATED
8475172,Nazem Kadri,45,16187,5549.3,0.00278,0.002078,0.003718,0.278,0.2078,0.3718,78,0.4865,0.3549,0.651,157,-79,TOI_INFLATED
8478542,Evan Rodrigues,38,16187,4701.316666666667,0.002348,0.001711,0.00322,0.2348,0.1711,0.322,119,0.485,0.3432,0.6657,158,-39,TOI_INFLATED
8480144,David Kampf,31,16187,3843.05,0.001915,0.00135,0.002717,0.1915,0.135,0.2717,186,0.484,0.3288,0.687,159,27,TOI_DEFLATED
8476468,J.T. Miller,44,16187,5467.183333333333,0.002718,0.002026,0.003647,0.2718,0.2026,0.3647,83,0.4829,0.3509,0.6482,160,-77,TOI_INFLATED
8479400,Pierre-Luc Dubois,39,16187,4931.916666666667,0.002409,0.001763,0.003292,0.2409,0.1763,0.3292,113,0.4745,0.3374,0.6486,161,-48,TOI_INFLATED
8478010,Brayden Point,44,16187,5565.816666666667,0.002718,0.002026,0.003647,0.2718,0.2026,0.3647,83,0.4743,0.3446,0.6368,162,-79,TOI_INFLATED
8480023,Robert Thomas,43,16187,5458.916666666667,0.002656,0.001973,0.003576,0.2656,0.1973,0.3576,89,0.4726,0.342,0.6366,163,-74,TOI_INFLATED
8479542,Brandon Hagel,43,16187,5531.016666666666,0.002656,0.001973,0.003576,0.2656,0.1973,0.3576,89,0.4665,0.3376,0.6283,164,-75,TOI_INFLATED
8477416,Oliver Bjorkstrand,39,16187,5023.266666666666,0.002409,0.001763,0.003292,0.2409,0.1763,0.3292,113,0.4658,0.3313,0.6368,165,-52,TOI_INFLATED
8479992,Michael Rasmussen,30,16187,3869.85,0.001853,0.001299,0.002645,0.1853,0.1299,0.2645,202,0.4651,0.3138,0.664,166,36,TOI_DEFLATED
8478427,Sebastian Aho,42,16187,5445.966666666666,0.002595,0.00192,0.003505,0.2595,0.192,0.3505,98,0.4627,0.3335,0.6255,167,-69,TOI_INFLATED
8476438,Brandon Saad,33,16187,4305.366666666667,0.002039,0.001452,0.002862,0.2039,0.1452,0.2862,163,0.4599,0.3166,0.6459,168,-5,
8477021,Alexander Kerfoot,34,16187,4497.066666666667,0.0021,0.001504,0.002934,0.21,0.1504,0.2934,160,0.4536,0.3142,0.6339,169,-9,
8481554,Kaapo Kakko,30,16187,3978.0666666666666,0.001853,0.001299,0.002645,0.1853,0.1299,0.2645,202,0.4525,0.3053,0.6459,170,32,TOI_DEFLATED
8481540,Cole Caufield,37,16187,4913.266666666666,0.002286,0.001659,0.003149,0.2286,0.1659,0.3149,130,0.4518,0.3181,0.6228,171,-41,TOI_INFLATED
8474586,Jordan Eberle,36,16187,4813.883333333333,0.002224,0.001607,0.003077,0.2224,0.1607,0.3077,140,0.4487,0.3143,0.6212,172,-32,TOI_INFLATED
8475768,Jaden Schwartz,30,16187,4015.7166666666667,0.001853,0.001299,0.002645,0.1853,0.1299,0.2645,202,0.4482,0.3024,0.6399,173,29,TOI_DEFLATED
8477479,Tyler Bertuzzi,36,16187,4842.666666666667,0.002224,0.001607,0.003077,0.2224,0.1607,0.3077,140,0.446,0.3124,0.6175,174,-34,TOI_INFLATED
8476981,Josh Anderson,33,16187,4495.533333333334,0.002039,0.001452,0.002862,0.2039,0.1452,0.2862,163,0.4404,0.3032,0.6185,175,-12,
8482705,Cole Sillinger,31,16187,4227.183333333333,0.001915,0.00135,0.002717,0.1915,0.135,0.2717,186,0.44,0.299,0.6246,176,10,
8475170,Brayden Schenn,38,16187,5221.9,0.002348,0.001711,0.00322,0.2348,0.1711,0.322,119,0.4366,0.309,0.5993,177,-58,TOI_INFLATED
8479987,Morgan Geekie,30,16187,4219.033333333334,0.001853,0.001299,0.002645,0.1853,0.1299,0.2645,202,0.4266,0.2879,0.6091,178,24,TOI_DEFLATED
8476880,Tom Wilson,33,16187,4665.7,0.002039,0.001452,0.002862,0.2039,0.1452,0.2862,163,0.4244,0.2921,0.596,179,-16,
8477496,Elias Lindholm,38,16187,5397.1,0.002348,0.001711,0.00322,0.2348,0.1711,0.322,119,0.4224,0.299,0.5798,180,-61,TOI_INFLATED
8478233,Andrew Mangiapane,31,16187,4442.666666666667,0.001915,0.00135,0.002717,0.1915,0.135,0.2717,186,0.4187,0.2845,0.5943,181,5,
8476925,Colton Sissons,31,16187,4453.383333333333,0.001915,0.00135,0.002717,0.1915,0.135,0.2717,186,0.4177,0.2838,0.5928,182,4,
8482665,Matty Beniers,31,16187,4456.1,0.001915,0.00135,0.002717,0.1915,0.135,0.2717,186,0.4174,0.2836,0.5925,183,3,
8477426,Nick Paul,33,16187,4781.366666666667,0.002039,0.001452,0.002862,0.2039,0.1452,0.2862,163,0.4141,0.2851,0.5816,184,-21,TOI_INFLATED
8474679,Gustav Nyquist,31,16187,4493.133333333333,0.001915,0.00135,0.002717,0.1915,0.135,0.2717,186,0.414,0.2813,0.5876,185,1,
8476460,Mark Scheifele,42,16187,6170.416666666667,0.002595,0.00192,0.003505,0.2595,0.192,0.3505,98,0.4084,0.2943,0.552,186,-88,TOI_INFLATED
8475726,Tyler Toffoli,33,16187,4884.566666666667,0.002039,0.001452,0.002862,0.2039,0.1452,0.2862,163,0.4054,0.279,0.5693,187,-24,TOI_INFLATED
8480028,Morgan Frost,30,16187,4448.166666666667,0.001853,0.001299,0.002645,0.1853,0.1299,0.2645,202,0.4047,0.273,0.5777,188,14,
8476539,Jonathan Marchessault,35,16187,5216.333333333333,0.002162,0.001555,0.003006,0.2162,0.1555,0.3006,153,0.4026,0.2804,0.5599,189,-36,TOI_INFLATED
8479420,Tage Thompson,36,16187,5390.366666666667,0.002224,0.001607,0.003077,0.2224,0.1607,0.3077,140,0.4007,0.2807,0.5548,190,-50,TOI_INFLATED
8474564,Steven Stamkos,37,16187,5583.733333333334,0.002286,0.001659,0.003149,0.2286,0.1659,0.3149,130,0.3976,0.2799,0.548,191,-61,TOI_INFLATED
8477500,Bo Horvat,38,16187,5735.966666666666,0.002348,0.001711,0.00322,0.2348,0.1711,0.322,119,0.3975,0.2813,0.5456,192,-73,TOI_INFLATED
8477492,Nathan MacKinnon,42,16187,6339.416666666667,0.002595,0.00192,0.003505,0.2595,0.192,0.3505,98,0.3975,0.2865,0.5373,192,-94,TOI_INFLATED
8473986,Alex Killorn,33,16187,5008.283333333334,0.002039,0.001452,0.002862,0.2039,0.1452,0.2862,163,0.3953,0.2721,0.5552,194,-31,TOI_INFLATED
8475765,Vladimir Tarasenko,30,16187,4669.0,0.001853,0.001299,0.002645,0.1853,0.1299,0.2645,202,0.3855,0.2601,0.5504,195,7,
8478403,Jack Eichel,30,16187,4690.633333333333,0.001853,0.001299,0.002645,0.1853,0.1299,0.2645,202,0.3837,0.2589,0.5478,196,6,
8478420,Mikko Rantanen,40,16187,6306.266666666666,0.002471,0.001815,0.003363,0.2471,0.1815,0.3363,109,0.3806,0.2719,0.5182,197,-88,TOI_INFLATED
8481557,Matt Boldy,32,16187,5056.483333333334,0.001977,0.001401,0.002789,0.1977,0.1401,0.2789,176,0.3797,0.2597,0.536,198,-22,TOI_INFLATED
8476458,Ryan Strome,31,16187,4916.416666666667,0.001915,0.00135,0.002717,0.1915,0.135,0.2717,186,0.3783,0.2571,0.537,199,-13,
8477456,J.T. Compher,32,16187,5138.433333333333,0.001977,0.001401,0.002789,0.1977,0.1401,0.2789,176,0.3737,0.2556,0.5275,200,-24,TOI_INFLATED
8478864,Kirill Kaprizov,33,16187,5318.2,0.002039,0.001452,0.002862,0.2039,0.1452,0.2862,163,0.3723,0.2563,0.5229,201,-38,TOI_INFLATED
8471685,Anze Kopitar,36,16187,5877.883333333333,0.002224,0.001607,0.003077,0.2224,0.1607,0.3077,140,0.3675,0.2574,0.5087,202,-62,TOI_INFLATED
8477942,Kevin Fiala,31,16187,5062.833333333333,0.001915,0.00135,0.002717,0.1915,0.135,0.2717,186,0.3674,0.2496,0.5215,203,-17,
8476456,Jonathan Huberdeau,31,16187,5087.75,0.001915,0.00135,0.002717,0.1915,0.135,0.2717,186,0.3656,0.2484,0.5189,204,-18,
8476459,Mika Zibanejad,35,16187,5759.133333333333,0.002162,0.001555,0.003006,0.2162,0.1555,0.3006,153,0.3646,0.254,0.5071,205,-52,TOI_INFLATED
8475798,Mikael Granlund,33,16187,5432.5,0.002039,0.001452,0.002862,0.2039,0.1452,0.2862,163,0.3645,0.2509,0.5119,206,-43,TOI_INFLATED
8477946,Dylan Larkin,33,16187,5454.116666666667,0.002039,0.001452,0.002862,0.2039,0.1452,0.2862,163,0.363,0.2499,0.5098,207,-44,TOI_INFLATED
8482078,Lucas Raymond,32,16187,5575.166666666667,0.001977,0.001401,0.002789,0.1977,0.1401,0.2789,176,0.3444,0.2356,0.4862,208,-32,TOI_INFLATED
8480012,Elias Pettersson,30,16187,5330.633333333333,0.001853,0.001299,0.002645,0.1853,0.1299,0.2645,202,0.3377,0.2278,0.482,209,-7,
8479343,Clayton Keller,32,16187,5731.25,0.001977,0.001401,0.002789,0.1977,0.1401,0.2789,176,0.335,0.2291,0.4729,210,-34,TOI_INFLATED
8482116,Tim Stützle,32,16187,5816.95,0.001977,0.001401,0.002789,0.1977,0.1401,0.2789,176,0.3301,0.2258,0.466,211,-35,TOI_INFLATED
8476389,Vincent Trocheck,32,16187,5892.166666666667,0.001977,0.001401,0.002789,0.1977,0.1401,0.2789,176,0.3259,0.2229,0.46,212,-36,TOI_INFLATED
8479337,Alex DeBrincat,30,16187,5869.85,0.001853,0.001299,0.002645,0.1853,0.1299,0.2645,202,0.3067,0.2069,0.4378,213,-11,
