player_id,player_name,es_toi_min,CNFI_SA,CNFI_SA_per60,CNFI_SA_lo95,CNFI_SA_hi95,MNFI_SA,MNFI_SA_per60,MNFI_SA_lo95,MNFI_SA_hi95,FNFI_SA,FNFI_SA_per60,FNFI_SA_lo95,FNFI_SA_hi95,TNFI_SA,TNFI_SA_per60,TNFI_SA_lo95,TNFI_SA_hi95,P4_weighted,TNFI_rank_raw,P4_weighted_rank,rank_delta,weighting_flag
8481564,Ryan Johnson,610.58,122,11.9885,9.9558,14.3143,102,10.0232,8.1727,12.1675,48,4.7168,3.4778,6.2538,272,26.7285,23.6462,30.1011,2.733,1,2,-1,
8481743,Marc Del Gaizo,769.85,141,10.9892,9.2502,12.96,150,11.6906,9.8946,13.7183,54,4.2086,3.1616,5.4913,345,26.8884,24.1256,29.8808,2.7489,2,3,-1,
8481059,Scott Perunovich,1437.27,301,12.5655,11.1859,14.0683,229,9.5598,8.3616,10.8815,118,4.926,4.0774,5.8992,648,27.0513,25.0084,29.2168,2.8109,3,9,-6,
8478021,William Lagesson,987.55,193,11.726,10.1299,13.5021,170,10.3286,8.8343,12.0032,84,5.1035,4.0708,6.3185,447,27.1581,24.6985,29.7964,2.7503,4,4,0,
8477971,Andreas Englund,1888.7,418,13.279,12.0363,14.6151,301,9.5621,8.5123,10.7057,142,4.511,3.7996,5.317,861,27.3521,25.5554,29.2419,2.8668,5,20,-15,HIGH_DANGER_MIX
8475177,Calvin de Haan,3287.38,610,11.1335,10.2674,12.0531,608,11.097,10.2323,12.0152,281,5.1287,4.5465,5.7648,1499,27.3591,25.9915,28.7801,2.7572,6,5,1,
8479523,Lucas Carlsson,655.32,124,11.3533,9.4431,13.5364,124,11.3533,9.4431,13.5364,51,4.6695,3.4767,6.1395,299,27.3761,24.3607,30.6616,2.8469,7,17,-10,
8480883,Ty Smith,1277.83,233,10.9404,9.5806,12.4391,250,11.7386,10.3285,13.2875,101,4.7424,3.8628,5.7624,584,27.4214,25.2422,29.7384,2.7816,8,6,2,
8478451,Ethan Bear,2128.33,422,11.8966,10.7885,13.0877,380,10.7126,9.6625,11.8458,171,4.8207,4.1252,5.5998,973,27.4299,25.7332,29.2091,2.8345,9,15,-6,
8478970,Jalen Chatfield,4257.83,969,13.6548,12.8085,14.5424,656,9.2441,8.5502,9.9794,329,4.6362,4.1487,5.1652,1954,27.5351,26.3277,28.7837,2.9249,10,29,-19,HIGH_DANGER_MIX
8476958,Jaccob Slavin,6326.58,1282,12.1582,11.5017,12.8424,1041,9.8726,9.2819,10.4911,585,5.548,5.1075,6.0164,2908,27.5789,26.5855,28.5998,2.7818,11,7,4,
8477355,Will Butcher,586.3,83,8.4939,6.7654,10.5295,126,12.8944,10.7414,15.3525,62,6.3449,4.8646,8.1338,271,27.7332,24.5293,31.2394,2.6398,12,1,11,LOW_DANGER_MIX
8480839,Rasmus Dahlin,7429.18,1421,11.4764,10.8873,12.089,1385,11.1856,10.6042,11.7906,632,5.1042,4.714,5.5181,3438,27.7662,26.8457,28.7101,2.8303,13,12,1,
8482624,Daniil Miromanov,1495.58,332,13.3192,11.9249,14.8318,245,9.8289,8.6366,11.1399,118,4.7339,3.9184,5.6692,695,27.8821,25.8474,30.0344,2.9418,14,31,-17,HIGH_DANGER_MIX
8480800,Quinn Hughes,7255.15,1506,12.4546,11.8334,13.0999,1220,10.0894,9.5311,10.6718,649,5.3672,4.9622,5.7965,3375,27.9112,26.9774,28.8691,2.8637,15,19,-4,
8479976,Juuso Välimäki,3071.63,584,11.4076,10.501,12.3715,581,11.349,10.4448,12.3105,270,5.2741,4.6637,5.9421,1435,28.0307,26.599,29.5194,2.8108,16,8,8,
8482105,Jake Sanderson,4934.65,964,11.7212,10.9929,12.4851,881,10.712,10.0162,11.4434,462,5.6174,5.1168,6.1538,2307,28.0506,26.9175,29.2191,2.811,17,10,7,
8478408,Travis Dermott,1925.58,364,11.342,10.2066,12.5692,353,10.9993,9.8816,12.2087,184,5.7333,4.9348,6.6243,901,28.0746,26.2711,29.9693,2.8306,18,13,5,
8474563,Drew Doughty,5781.3,1184,12.2879,11.5979,13.0083,957,9.932,9.3126,10.5818,572,5.9364,5.4598,6.4434,2713,28.1563,27.1067,29.2362,2.8332,19,14,5,
8481606,Jordan Spence,3280.15,738,13.4994,12.5429,14.5095,518,9.4752,8.6767,10.3274,291,5.3229,4.7289,5.971,1547,28.2975,26.9048,29.7436,2.9003,20,24,-4,
8476979,Erik Gustafsson,4018.85,761,11.3615,10.5685,12.1982,761,11.3615,10.5685,12.1982,392,5.8524,5.2873,6.4614,1914,28.5753,27.3094,29.8849,2.825,21,11,10,
8481708,Zac Jones,1479.78,314,12.7316,11.3622,14.2206,253,10.2583,9.033,11.6033,142,5.7576,4.8496,6.7863,709,28.7475,26.6701,30.9437,2.9113,22,26,-4,
8474056,P.K. Subban,1276.87,230,10.8077,9.456,12.2984,264,12.4054,10.9539,13.9956,119,5.5918,4.6324,6.6914,613,28.8049,26.5695,31.1782,2.8636,23,18,5,
8475762,Derek Forbort,3310.68,602,10.9101,10.0559,11.8175,697,12.6318,11.7113,13.6054,293,5.3101,4.7194,5.9542,1592,28.852,27.452,30.305,2.8893,24,22,2,
8477488,Brett Pesce,5589.8,1235,13.2563,12.5272,14.0168,910,9.7678,9.1434,10.4236,549,5.8929,5.4102,6.4071,2694,28.917,27.8352,30.03,2.9444,25,34,-9,
8480069,Cale Makar,6873.0,1447,12.632,11.9895,13.3001,1161,10.1353,9.5606,10.7355,709,6.1894,5.7422,6.6623,3317,28.9568,27.9797,29.9593,2.9053,26,25,1,
8476869,Brady Skjei,6775.6,1471,13.0262,12.3689,13.7092,1156,10.2367,9.6551,10.8443,653,5.7825,5.3474,6.2436,3280,29.0454,28.0598,30.0568,2.9435,27,32,-5,
8477073,Kurtis MacDermid,1154.2,236,12.2682,10.7528,13.9374,213,11.0726,9.6354,12.6637,110,5.7182,4.6997,6.892,559,29.0591,26.6998,31.571,2.9637,28,41,-13,HIGH_DANGER_MIX
8480073,Erik Brannstrom,3290.22,699,12.7469,11.8193,13.7279,624,11.3792,10.5038,12.3081,273,4.9784,4.4053,5.6053,1596,29.1045,27.6939,30.5682,3.0063,29,52,-23,HIGH_DANGER_MIX
8475625,Matt Irwin,927.0,163,10.5502,8.9927,12.2999,202,13.0744,11.3335,15.0071,85,5.5016,4.3945,6.8028,450,29.1262,26.497,31.9458,2.9152,30,27,3,
8482807,Ethan Del Mastro,676.17,136,12.068,10.1251,14.2751,134,11.8906,9.9626,14.0827,59,5.2354,3.9854,6.7533,329,29.194,26.1243,32.5253,2.9837,31,46,-15,HIGH_DANGER_MIX
8476422,Mike Reilly,2810.22,561,11.9777,11.0069,13.0112,539,11.508,10.5569,12.5218,269,5.7433,5.0774,6.4723,1369,29.2291,27.7011,30.8194,2.944,32,33,-1,
8477851,Jordan Oesterle,2309.17,477,12.3941,11.3066,13.5579,455,11.8224,10.761,12.9603,196,5.0927,4.4047,5.8578,1128,29.3093,27.6236,31.0709,3.0461,33,66,-33,HIGH_DANGER_MIX
8470966,Mark Giordano,3199.85,602,11.288,10.4042,12.2269,681,12.7693,11.8282,13.7655,281,5.269,4.6709,5.9225,1564,29.3264,27.8908,30.8167,2.9634,34,39,-5,
8475718,Justin Holl,4138.58,806,11.6852,10.8923,12.5205,828,12.0041,11.2003,12.8504,390,5.6541,5.1068,6.2441,2024,29.3434,28.0788,30.6502,2.9532,35,36,-1,
8478038,Devon Toews,6913.8,1509,13.0955,12.4431,13.7734,1166,10.1189,9.5463,10.7168,707,6.1356,5.6916,6.605,3382,29.35,28.3691,30.3562,2.9636,36,40,-4,
8477244,Chad Ruhwedel,2279.92,428,11.2636,10.2216,12.3829,462,12.1583,11.0748,13.3192,227,5.9739,5.222,6.8037,1117,29.3958,27.697,31.1716,2.8997,37,23,14,LOW_DANGER_MIX
8480990,Declan Chisholm,1605.3,345,12.8948,11.5699,14.3299,274,10.2411,9.0643,11.5283,168,6.2792,5.3656,7.3038,787,29.4151,27.3956,31.544,2.9204,38,28,10,
8471274,Alex Goligoski,2358.88,462,11.7513,10.7041,12.8734,425,10.8102,9.8067,11.8885,270,6.8677,6.0728,7.7376,1157,29.4292,27.7577,31.1751,2.8789,39,21,18,LOW_DANGER_MIX
8479348,Kale Clague,1022.63,232,13.6119,11.9166,15.4808,201,11.7931,10.219,13.541,69,4.0484,3.1499,5.1235,502,29.4534,26.9329,32.1462,3.1866,40,132,-92,HIGH_DANGER_MIX
8482245,Artem Zub,5541.63,1113,12.0506,11.3529,12.7799,1090,11.8016,11.1113,12.5235,518,5.6085,5.1358,6.1129,2721,29.4606,28.364,30.5888,2.9646,41,42,-1,
8483448,Isaiah George,512.7,121,14.1603,11.7499,16.9198,78,9.1281,7.2154,11.3923,53,6.2025,4.6461,8.113,252,29.4909,25.9619,33.3659,3.0356,42,62,-20,HIGH_DANGER_MIX
8477346,MacKenzie Weegar,7040.17,1551,13.2184,12.5687,13.893,1301,11.0878,10.4934,11.7071,612,5.2158,4.8107,5.6459,3464,29.522,28.547,30.5219,3.0515,43,69,-26,HIGH_DANGER_MIX
8474090,Brendan Smith,2710.55,577,12.7723,11.7513,13.8583,501,11.09,10.14,12.105,258,5.711,5.0353,6.4521,1336,29.5733,28.0086,31.2027,3.0028,44,50,-6,
8476874,Olli Määttä,5126.98,1096,12.8263,12.078,13.6087,907,10.6144,9.9348,11.3283,525,6.144,5.6296,6.6927,2528,29.5846,28.4425,30.7609,3.0011,45,49,-4,
8481546,Cam York,4892.8,981,12.0299,11.2888,12.8069,964,11.8215,11.0869,12.5919,469,5.7513,5.2425,6.2962,2414,29.6027,28.4334,30.8077,2.9656,46,43,3,
8479325,Charlie McAvoy,5978.92,1265,12.6946,12.0046,13.4139,1173,11.7714,11.1073,12.4648,519,5.2083,4.7698,5.6763,2957,29.6743,28.6143,30.7635,3.0571,47,71,-24,HIGH_DANGER_MIX
8476525,Colin Miller,3368.02,724,12.8978,11.9753,13.8725,597,10.6353,9.7992,11.5237,345,6.1461,5.5145,6.83,1666,29.6792,28.271,31.1394,2.9814,48,45,3,
8479323,Adam Fox,6499.73,1365,12.6005,11.9409,13.2871,1227,11.3266,10.7016,11.9786,625,5.7695,5.326,6.2401,3217,29.6966,28.6792,30.7409,3.0029,49,51,-2,
8475750,Jon Merrill,3665.57,671,10.9833,10.1679,11.8467,697,11.4089,10.5775,12.2882,449,7.3495,6.6853,8.0618,1817,29.7416,28.3897,31.1414,2.8368,50,16,34,LOW_DANGER_MIX
8480192,Johnathan Kovacevic,3805.42,823,12.9762,12.1047,13.8939,671,10.5797,9.7942,11.4113,393,6.1964,5.5989,6.8404,1887,29.7523,28.4249,31.1257,3.0244,51,58,-7,
8479421,Jacob Moverare,1086.35,228,12.5926,11.011,14.3377,193,10.6595,9.2087,12.2741,118,6.5172,5.3945,7.8048,539,29.7694,27.3089,32.3921,2.9263,52,30,22,LOW_DANGER_MIX
8476850,Ryan Murray,628.02,111,10.6048,8.724,12.7709,148,14.1398,11.9535,16.6101,53,5.0636,3.793,6.6233,312,29.8081,26.592,33.306,3.025,53,59,-6,
8474673,TJ Brodie,4812.8,1008,12.5665,11.8026,13.3668,944,11.7686,11.0298,12.544,440,5.4854,4.9847,6.0227,2392,29.8205,28.6373,31.04,3.0414,54,64,-10,
8481600,Tobias Bjornfot,1588.55,368,13.8995,12.5155,15.3947,282,10.6512,9.4442,11.9697,141,5.3256,4.4829,6.2807,791,29.8763,27.8303,32.033,3.0879,55,89,-34,HIGH_DANGER_MIX
8480891,Michael Kesselring,2604.57,577,13.292,12.2295,14.4222,480,11.0575,10.0903,12.0924,240,5.5288,4.8513,6.2743,1297,29.8783,28.2742,31.5497,3.0393,56,63,-7,
8477541,Dakota Mermis,738.75,158,12.8325,10.9096,14.9967,131,10.6396,8.8957,12.6254,79,6.4162,5.0798,7.9966,368,29.8883,26.9123,33.1036,2.9534,57,37,20,LOW_DANGER_MIX
8474600,Roman Josi,6774.65,1299,11.5047,10.8875,12.1477,1398,12.3815,11.7408,13.0479,683,6.049,5.6038,6.5202,3380,29.9351,28.9344,30.9617,2.9633,58,38,20,LOW_DANGER_MIX
8474578,Erik Karlsson,6868.53,1403,12.2559,11.6229,12.9144,1360,11.8803,11.2572,12.5289,669,5.844,5.4095,6.3042,3432,29.9802,28.9855,31.0003,3.0354,59,61,-2,
8474602,Justin Schultz,3215.92,658,12.2764,11.3562,13.2514,641,11.9593,11.0512,12.922,308,5.7464,5.1225,6.4254,1607,29.9821,28.534,31.4847,3.0209,60,56,4,
8482671,Owen Power,5424.87,1206,13.3386,12.5963,14.1132,1015,11.2261,10.546,11.9385,493,5.4527,4.9819,5.9559,2714,30.0173,28.8985,31.1683,3.1021,61,96,-35,HIGH_DANGER_MIX
8480884,Calen Addison,2059.8,442,12.875,11.7026,14.1332,378,11.0108,9.9286,12.1787,211,6.1462,5.3448,7.0339,1031,30.032,28.2266,31.9227,3.0136,62,53,9,
8475200,Dmitry Orlov,6063.85,1374,13.5953,12.8859,14.3337,1100,10.8842,10.2504,11.5469,564,5.5806,5.1295,6.0608,3038,30.0601,29.0006,31.1484,3.0909,63,93,-30,HIGH_DANGER_MIX
8478396,Noah Hanifin,6848.88,1421,12.4487,11.8098,13.1132,1327,11.6253,11.0081,12.268,688,6.0273,5.5852,6.495,3436,30.1013,29.1031,31.1249,3.0344,64,60,4,
8476906,Shayne Gostisbehere,5686.02,1252,13.2114,12.4896,13.9639,1076,11.3542,10.6858,12.0534,526,5.5505,5.0862,6.0457,2854,30.116,29.0211,31.2416,3.0807,65,83,-18,HIGH_DANGER_MIX
8477359,Tucker Poolman,633.08,125,11.8468,9.8612,14.1149,135,12.7945,10.7274,15.1439,58,5.4969,4.174,7.106,318,30.1382,26.9164,33.6395,3.048,66,67,-1,
8479425,Filip Hronek,6266.98,1478,14.1503,13.4381,14.8906,1068,10.225,9.6209,10.8571,604,5.7827,5.3307,6.2628,3150,30.1581,29.114,31.23,3.1217,67,108,-41,HIGH_DANGER_MIX
8478502,Dennis Gilbert,996.18,224,13.4915,11.7824,15.3788,187,11.263,9.7065,12.9981,90,5.4207,4.3589,6.6629,501,30.1752,27.5904,32.9369,3.1364,68,114,-46,HIGH_DANGER_MIX
8476856,Mathew Dumba,4669.05,967,12.4265,11.6555,13.2351,883,11.3471,10.6109,12.1209,501,6.4381,5.8867,7.0274,2351,30.2117,29.0027,31.4582,2.9975,69,47,22,LOW_DANGER_MIX
8479439,Jacob MacDonald,1032.57,203,11.7958,10.2289,13.5349,209,12.1445,10.5537,13.9073,108,6.2756,5.148,7.5768,520,30.216,27.6744,32.9282,3.0157,70,54,16,LOW_DANGER_MIX
8480049,Dylan Samberg,3991.53,894,13.4384,12.5719,14.349,722,10.853,10.0757,11.6743,396,5.9526,5.3807,6.5688,2012,30.244,28.9368,31.5951,3.0894,71,92,-21,HIGH_DANGER_MIX
8477495,Seth Jones,6413.62,1370,12.8165,12.1467,13.5136,1236,11.5629,10.9272,12.226,628,5.875,5.4244,6.353,3234,30.2544,29.2206,31.3154,3.0579,72,72,0,
8475179,Dmitry Kulikov,4882.2,1028,12.6336,11.8731,13.4302,875,10.7533,10.0526,11.4901,560,6.8821,6.3239,7.4765,2463,30.2691,29.0854,31.4887,2.9732,73,44,29,LOW_DANGER_MIX
8474013,Ian Cole,5734.87,1204,12.5966,11.8951,13.3288,1142,11.948,11.265,12.6616,548,5.7334,5.2633,6.2341,2894,30.2779,29.1848,31.4016,3.0711,74,77,-3,
8477504,Josh Morrissey,7498.75,1558,12.4661,11.8547,13.1008,1415,11.3219,10.7396,11.9276,816,6.5291,6.0887,6.9929,3789,30.3171,29.3593,31.2981,2.9976,75,48,27,LOW_DANGER_MIX
8478469,Thomas Chabot,5730.4,1243,13.0148,12.3012,13.7589,1098,11.4966,10.8265,12.1972,556,5.8216,5.3477,6.3262,2897,30.333,29.2384,31.4581,3.0834,76,85,-9,
8475218,Mattias Ekholm,6306.63,1321,12.5677,11.8991,13.2642,1256,11.9493,11.2975,12.6289,615,5.851,5.3976,6.3322,3192,30.368,29.3236,31.4402,3.0693,77,76,1,
8476463,Jonas Brodin,5368.75,1046,11.6899,10.9921,12.4203,1051,11.7458,11.0463,12.4779,623,6.9625,6.4264,7.5314,2720,30.3981,29.2664,31.5625,2.9528,78,35,43,LOW_DANGER_MIX
8474590,John Carlson,6237.02,1348,12.9677,12.2846,13.6789,1146,11.0245,10.3954,11.6817,680,6.5416,6.0591,7.0523,3174,30.5338,29.4807,31.6149,3.0714,79,78,1,
8477948,Travis Sanheim,7187.88,1491,12.4459,11.8221,13.0941,1482,12.3708,11.7489,13.0171,690,5.7597,5.3379,6.206,3663,30.5765,29.5942,31.583,3.0884,80,91,-11,HIGH_DANGER_MIX
8476792,Torey Krug,3534.78,747,12.6797,11.7866,13.6225,757,12.8494,11.9503,13.7983,301,5.1092,4.5483,5.7203,1805,30.6384,29.2411,32.0852,3.1324,81,111,-30,HIGH_DANGER_MIX
8477365,Connor Clifton,4663.77,981,12.6207,11.8432,13.4358,956,12.2991,11.5317,13.1041,448,5.7636,5.2422,6.3228,2385,30.6834,29.4642,31.94,3.1034,82,98,-16,HIGH_DANGER_MIX
8482655,J.J. Moser,5155.82,1185,13.7902,13.0162,14.5983,970,11.2882,10.5889,12.0216,482,5.6092,5.1196,6.133,2637,30.6877,29.5275,31.8818,3.1493,83,119,-36,HIGH_DANGER_MIX
8481178,Egor Zamula,2359.32,529,13.453,12.3309,14.6499,440,11.1897,10.1684,12.2857,239,6.078,5.3318,6.8994,1208,30.7208,29.0126,32.5033,3.1036,84,99,-15,HIGH_DANGER_MIX
8470613,Brent Burns,6833.0,1443,12.6709,12.0255,13.3419,1325,11.6347,11.0166,12.2785,731,6.4188,5.9619,6.9015,3499,30.7244,29.7147,31.7597,3.0681,85,75,10,
8479998,Mikey Anderson,6154.18,1382,13.4738,12.7727,14.2033,1084,10.5684,9.9486,11.2168,686,6.6881,6.1969,7.2079,3152,30.7303,29.6668,31.8222,3.0826,86,84,2,
8481572,Ville Heinola,536.6,104,11.6288,9.5016,14.0902,112,12.5233,10.3116,15.0688,59,6.5971,5.022,8.5098,275,30.7492,27.2219,34.6066,3.02,87,55,32,LOW_DANGER_MIX
8476457,Adam Larsson,7234.53,1563,12.9628,12.3281,13.6218,1432,11.8764,11.2691,12.5078,713,5.9133,5.4872,6.3637,3708,30.7525,29.7706,31.7586,3.1226,88,109,-21,HIGH_DANGER_MIX
8477499,Rasmus Ristolainen,4566.78,935,12.2844,11.5095,13.0977,932,12.2449,11.4713,13.057,474,6.2276,5.6795,6.8143,2341,30.7569,29.5235,32.0286,3.0659,89,74,15,LOW_DANGER_MIX
8477462,Robert Hagg,1506.65,360,14.3364,12.8936,15.8966,265,10.5532,9.3207,11.9033,148,5.8939,4.9826,6.9236,773,30.7835,28.6514,33.0323,3.1851,90,131,-41,HIGH_DANGER_MIX
8481167,Brayden Pachal,2036.52,427,12.5803,11.4152,13.8321,411,12.1089,10.9664,13.3381,207,6.0986,5.2961,6.9885,1045,30.7879,28.9492,32.7126,3.0876,91,88,3,
8479578,Casey Fitzgerald,822.37,168,12.2573,10.4739,14.2574,186,13.5706,11.6903,15.6672,68,4.9613,3.8526,6.2896,422,30.7892,27.9213,33.8717,3.1898,92,133,-41,HIGH_DANGER_MIX
8482929,Emil Lilleberg,2034.07,441,13.0084,11.8225,14.2811,367,10.8256,9.7462,11.9918,236,6.9614,6.1015,7.9086,1044,30.7955,28.9555,32.7217,3.044,93,65,28,LOW_DANGER_MIX
8478397,Rasmus Andersson,7060.22,1459,12.3991,11.7709,13.052,1432,12.1696,11.5474,12.8166,733,6.2293,5.7864,6.697,3624,30.7979,29.8033,31.8173,3.088,94,90,4,
8480803,Evan Bouchard,6717.52,1500,13.3978,12.7283,14.0934,1342,11.9866,11.3538,12.6455,608,5.4306,5.0074,5.8799,3450,30.815,29.7952,31.8607,3.1717,95,125,-30,HIGH_DANGER_MIX
8478507,John Marino,5329.9,1133,12.7545,12.0225,13.5193,1049,11.8089,11.105,12.5457,556,6.259,5.7495,6.8016,2738,30.8223,29.6785,31.9989,3.0949,96,94,2,
8476854,Hampus Lindholm,5227.93,1131,12.9803,12.2347,13.7594,1014,11.6375,10.9321,12.3764,541,6.209,5.6967,6.7549,2686,30.8267,29.6718,32.015,3.1021,97,96,1,
8478178,Darren Raddysh,3645.08,779,12.8228,11.938,13.7557,701,11.5388,10.7003,12.4256,394,6.4854,5.8608,7.1585,1874,30.847,29.4661,32.276,3.0645,98,73,25,LOW_DANGER_MIX
8475167,Victor Hedman,6407.95,1341,12.5563,11.8932,13.2468,1285,12.0319,11.383,12.7082,669,6.2641,5.7984,6.7573,3295,30.8523,29.8078,31.9241,3.105,99,101,-2,
8480196,Jacob Bryson,3332.22,728,13.1084,12.1734,14.0962,650,11.7039,10.8213,12.6393,336,6.05,5.4203,6.7328,1714,30.8623,29.4184,32.3588,3.1141,100,105,-5,
8481542,Moritz Seider,7249.85,1612,13.341,12.6976,14.0085,1369,11.3299,10.7376,11.9464,751,6.2153,5.7787,6.6762,3732,30.8862,29.9031,31.8933,3.1343,101,113,-12,HIGH_DANGER_MIX
8476923,Damon Severson,6096.3,1331,13.0997,12.4054,13.8229,1185,11.6628,11.0081,12.3462,629,6.1906,5.7162,6.6939,3145,30.9532,29.8808,32.0543,3.1096,102,103,-1,
8480036,Miro Heiskanen,6471.85,1402,12.9978,12.3263,13.6965,1183,10.9675,10.3513,11.6107,754,6.9903,6.5002,7.5075,3339,30.9556,29.9144,32.0238,3.0557,103,70,33,LOW_DANGER_MIX
8482684,Luke Hughes,3557.35,873,14.7244,13.7638,15.7345,621,10.4741,9.6664,11.3313,342,5.7683,5.1731,6.4133,1836,30.9669,29.5664,32.4165,3.2266,104,149,-45,HIGH_DANGER_MIX
8475796,Mark Pysyk,1094.67,216,11.8392,10.3129,13.5278,244,13.3739,11.7484,15.1616,105,5.7552,4.7072,6.967,565,30.9683,28.4671,33.6304,3.1041,105,100,5,
8475690,Chris Tanev,5180.57,1026,11.8829,11.1668,12.6328,1098,12.7168,11.9756,13.4918,550,6.37,5.8487,6.9253,2674,30.9696,29.8068,32.1661,3.0743,106,79,27,LOW_DANGER_MIX
8477507,Nikita Zadorov,5828.4,1258,12.9504,12.2445,13.6863,1127,11.6018,10.9343,12.2995,625,6.434,5.9394,6.9588,3010,30.9862,29.889,32.1134,3.1213,107,107,0,
8478017,Mark Friedman,938.62,188,12.0177,10.3611,13.8638,190,12.1455,10.4799,14.0007,107,6.8399,5.6054,8.2653,485,31.0031,28.3049,33.8891,3.0225,108,57,51,LOW_DANGER_MIX
8475197,Tyson Barrie,3367.83,691,12.3106,11.4097,13.2637,702,12.5066,11.5984,13.4669,352,6.2711,5.633,6.9617,1745,31.0882,29.6465,32.5819,3.1062,109,102,7,
8470600,Ryan Suter,5804.77,1240,12.8171,12.1135,13.5508,1130,11.6801,11.0089,12.3814,641,6.6256,6.1225,7.159,3011,31.1227,30.0209,32.2546,3.0834,110,85,25,LOW_DANGER_MIX
8478468,Jeremy Lauzon,4338.93,909,12.5699,11.7659,13.4143,942,13.0262,12.2076,13.8854,400,5.5313,5.0025,6.1009,2251,31.1275,29.8547,32.4405,3.1514,111,120,-9,
8475825,Jani Hakanpää,3493.95,724,12.4329,11.5437,13.3725,692,11.8834,11.0144,12.8028,403,6.9205,6.2613,7.6303,1819,31.2369,29.8177,32.7061,3.0754,112,81,31,LOW_DANGER_MIX
8476331,Dylan DeMelo,6523.6,1390,12.7844,12.121,13.4745,1254,11.5335,10.9039,12.19,754,6.9348,6.4486,7.448,3398,31.2527,30.2106,32.3215,3.0744,113,80,33,LOW_DANGER_MIX
8478460,Zach Werenski,5893.5,1332,13.5607,12.8421,14.309,1112,11.3209,10.6652,12.0064,627,6.3833,5.8934,6.9031,3071,31.265,30.1689,32.3907,3.1485,114,118,-4,
8479026,Philippe Myers,1412.13,340,14.4462,12.9513,16.0664,244,10.3673,9.1072,11.753,152,6.4583,5.4724,7.5705,736,31.2718,29.0531,33.6151,3.1815,115,129,-14,HIGH_DANGER_MIX
8479576,Vincent Desharnais,2728.53,644,14.1615,13.0887,15.2987,519,11.4127,10.4518,12.4382,261,5.7393,5.0641,6.4795,1424,31.3135,29.7081,32.9832,3.198,116,135,-19,HIGH_DANGER_MIX
8480434,Sean Durzi,4699.42,1111,14.1847,13.3628,15.044,930,11.8738,11.1229,12.6621,412,5.2602,4.7645,5.7935,2453,31.3188,30.0915,32.5832,3.2608,117,160,-43,HIGH_DANGER_MIX
8475188,Brayden McNabb,6244.72,1390,13.3553,12.6623,14.0763,1252,12.0294,11.3722,12.7146,619,5.9474,5.4881,6.435,3261,31.3321,30.2658,32.4263,3.1797,118,128,-10,
8474628,Michael Stone,751.85,118,9.4168,7.7945,11.2771,197,15.7212,13.6024,18.0765,78,6.2246,4.9203,7.7686,393,31.3626,28.3382,34.622,3.0978,119,95,24,LOW_DANGER_MIX
8476467,Jamie Oleksiak,5843.77,1246,12.7931,12.0926,13.5237,1192,12.2387,11.5537,12.9537,621,6.376,5.8843,6.8978,3059,31.4078,30.3046,32.541,3.124,120,110,10,
8478399,Jonas Siegenthaler,5494.52,1162,12.689,11.9698,13.4401,1113,12.1539,11.4503,12.8895,602,6.5738,6.0591,7.1206,2877,31.4168,30.2792,32.5862,3.1333,121,112,9,
8476462,Dougie Hamilton,4973.03,1037,12.5115,11.7615,13.2968,1033,12.4632,11.7147,13.247,536,6.4669,5.9309,7.0383,2606,31.4416,30.2459,32.6724,3.1459,122,117,5,
8478407,Vince Dunn,6119.82,1393,13.6573,12.9494,14.3938,1181,11.5788,10.9277,12.2585,633,6.2061,5.732,6.7089,3207,31.4421,30.3632,32.5496,3.1934,123,134,-11,HIGH_DANGER_MIX
8478452,Caleb Jones,2373.72,533,13.4725,12.3529,14.6664,489,12.3604,11.289,13.506,222,5.6115,4.8975,6.4002,1244,31.4444,29.7211,33.2415,3.22,124,143,-19,HIGH_DANGER_MIX
8474207,Nick Holden,2164.48,470,13.0285,11.8771,14.2614,459,12.7236,11.5861,13.9426,206,5.7104,4.9572,6.5457,1135,31.4625,29.6585,33.3475,3.2368,125,151,-26,HIGH_DANGER_MIX
8479402,Jake Bean,3425.0,752,13.1737,12.2489,14.1499,719,12.5956,11.6917,13.5509,327,5.7285,5.1243,6.3842,1798,31.4978,30.0586,32.9882,3.2202,126,144,-18,HIGH_DANGER_MIX
8477435,Ryan Graves,4816.88,1026,12.78,12.0099,13.5866,1020,12.7053,11.9375,13.5096,483,6.0163,5.4917,6.5776,2529,31.5017,30.2858,32.7539,3.1785,127,127,0,
8478882,Vladislav Gavrikov,6812.45,1396,12.2951,11.6585,12.9574,1386,12.2071,11.5728,12.8671,795,7.0019,6.5236,7.506,3577,31.5041,30.48,32.5538,3.1168,128,106,22,LOW_DANGER_MIX
8480878,Nils Lundkvist,3024.13,695,13.7891,12.7828,14.8535,551,10.9321,10.0382,11.8842,343,6.8053,6.104,7.5649,1589,31.5264,29.9952,33.1155,3.1568,129,121,8,
8475764,Cam Fowler,6786.5,1556,13.7567,13.0816,14.4576,1212,10.7154,10.1205,11.3361,802,7.0905,6.6082,7.5987,3570,31.5627,30.5357,32.6153,3.1455,130,116,14,LOW_DANGER_MIX
8484304,Uvis Balinskis,1657.53,394,14.2622,12.8885,15.7424,295,10.6785,9.4946,11.9693,184,6.6605,5.7329,7.6955,873,31.6012,29.5394,33.7689,3.1676,131,124,7,
8482858,Ryker Evans,2451.98,536,13.1159,12.0289,14.2748,474,11.5988,10.578,12.6915,282,6.9005,6.1186,7.7547,1292,31.6152,29.9146,33.3873,3.0847,132,87,45,LOW_DANGER_MIX
8471873,Anton Stralman,1459.57,334,13.7301,12.2969,15.2844,310,12.7435,11.3642,14.244,126,5.1796,4.3148,6.167,770,31.6532,29.4567,33.9702,3.2675,133,162,-29,HIGH_DANGER_MIX
8476988,Matt Benning,2466.28,473,11.5072,10.4934,12.5925,547,13.3075,12.2155,14.4709,282,6.8605,6.0831,7.7098,1302,31.6752,29.9778,33.4436,3.1134,134,104,30,LOW_DANGER_MIX
8474565,Alex Pietrangelo,5661.37,1277,13.5338,12.8016,14.297,1214,12.8662,12.1525,13.6108,498,5.2779,4.8244,5.7624,2989,31.6779,30.5523,32.8343,3.2791,135,172,-37,HIGH_DANGER_MIX
8474697,Mark Borowiecki,671.65,119,10.6305,8.8065,12.721,153,13.6678,11.5879,16.0133,83,7.4146,5.9057,9.1915,355,31.7129,28.4994,35.1896,3.0483,136,68,68,LOW_DANGER_MIX
8475227,Chris Wideman,1354.35,330,14.6196,13.0846,16.2851,273,12.0944,10.7021,13.6174,113,5.0061,4.1257,6.0187,716,31.72,29.4388,34.131,3.3775,137,226,-89,HIGH_DANGER_MIX
8474716,Jared Spurgeon,4669.63,935,12.0138,11.256,12.8092,975,12.5278,11.7536,13.3395,561,7.2083,6.6241,7.8302,2471,31.7498,30.5102,33.0269,3.0764,138,82,56,LOW_DANGER_MIX
8480184,Gustav Lindstrom,2042.0,485,14.2507,13.0105,15.5773,402,11.8119,10.6854,13.025,195,5.7297,4.9537,6.5928,1082,31.7924,29.926,33.7446,3.2985,139,186,-47,HIGH_DANGER_MIX
8477845,Trevor van Riemsdyk,5363.38,1187,13.2789,12.5342,14.0564,1041,11.6456,10.9489,12.3751,614,6.8688,6.3362,7.4343,2842,31.7934,30.6351,32.9842,3.1717,140,125,15,LOW_DANGER_MIX
8479398,Samuel Girard,5417.18,1230,13.6233,12.8725,14.4065,1067,11.8179,11.1194,12.5489,574,6.3575,5.848,6.8996,2871,31.7988,30.6462,32.9837,3.2064,141,138,3,
8477034,Jaycob Megna,2396.0,497,12.4457,11.3755,13.5896,534,13.3723,12.262,14.5561,239,5.985,5.2502,6.7938,1270,31.803,30.0777,33.6014,3.2345,142,150,-8,
8475324,Nick Jensen,5757.03,1279,13.3298,12.6092,14.0808,1100,11.4642,10.7967,12.1623,673,7.014,6.4941,7.5646,3052,31.808,30.6895,32.957,3.1665,143,123,20,LOW_DANGER_MIX
8480058,Pierre-Olivier Joseph,2660.3,593,13.3744,12.3195,14.4955,523,11.7957,10.8063,12.8513,295,6.6534,5.9157,7.4576,1411,31.8235,30.1845,33.5284,3.2102,144,141,3,
8482516,Matthew Kessel,1149.12,288,15.0376,13.3509,16.8785,220,11.4871,10.0192,13.1095,102,5.3258,4.3426,6.4652,610,31.8506,29.3728,34.4815,3.3351,145,205,-60,HIGH_DANGER_MIX
8480222,Sebastian Aho,2445.9,523,12.8296,11.7535,13.9778,514,12.6089,11.5422,13.7475,264,6.4761,5.7184,7.3063,1301,31.9146,30.2038,33.6971,3.2095,146,140,6,
8479639,Dylan Coghlan,1023.88,218,12.7749,11.1353,14.588,237,13.8883,12.1763,15.7736,90,5.274,4.2409,6.4827,545,31.9372,29.3118,34.7347,3.2865,147,174,-27,HIGH_DANGER_MIX
8480865,Noah Dobson,6690.12,1548,13.8832,13.2001,14.5924,1315,11.7935,11.1646,12.4486,709,6.3586,5.8991,6.8444,3572,32.0353,30.9933,33.1035,3.2402,148,153,-5,
8480860,Kevin Bahl,4274.2,987,13.8552,13.0042,14.7473,886,12.4374,11.6318,13.2841,410,5.7555,5.2118,6.3405,2283,32.0481,30.7468,33.3903,3.2768,149,167,-18,HIGH_DANGER_MIX
8480001,Urho Vaakanainen,2845.53,685,14.4437,13.3822,15.567,519,10.9435,10.0221,11.9268,316,6.6631,5.9486,7.4397,1520,32.0502,30.4591,33.703,3.2247,150,148,2,
8480035,Henri Jokiharju,4596.48,1070,13.9672,13.1427,14.8298,914,11.9309,11.1698,12.7301,473,6.1743,5.6303,6.7566,2457,32.0723,30.8166,33.3661,3.2783,151,170,-19,HIGH_DANGER_MIX
8475208,Brian Dumoulin,6187.98,1339,12.9832,12.297,13.6977,1256,12.1784,11.5142,12.8711,715,6.9328,6.4339,7.4601,3310,32.0945,31.0103,33.2068,3.1841,152,130,22,LOW_DANGER_MIX
8476917,Adam Pelech,5647.13,1327,14.0992,13.3507,14.8787,1096,11.6448,10.9656,12.3552,599,6.3643,5.8648,6.895,3022,32.1083,30.9737,33.2739,3.2782,153,169,-16,HIGH_DANGER_MIX
8477447,Shea Theodore,5559.33,1283,13.847,13.0996,14.6259,1162,12.5411,11.8303,13.2834,534,5.7633,5.2848,6.2735,2979,32.1513,31.007,33.3271,3.2982,154,185,-31,HIGH_DANGER_MIX
8478500,Ivan Provorov,7190.8,1629,13.5924,12.9402,14.2688,1418,11.8318,11.2239,12.464,808,6.7419,6.285,7.2233,3855,32.1661,31.1586,33.1978,3.2228,155,147,8,
8477335,Kyle Burroughs,2677.47,606,13.58,12.5202,14.7056,562,12.594,11.5742,13.6796,268,6.0057,5.3081,6.7694,1436,32.1797,30.5366,33.8882,3.2933,156,180,-24,HIGH_DANGER_MIX
8480807,Mattias Samuelsson,4481.2,975,13.0545,12.2479,13.9004,963,12.8939,12.0923,13.7346,466,6.2394,5.6857,6.8325,2404,32.1878,30.9139,33.5008,3.2454,157,154,3,
8474618,Marco Scandella,2163.1,456,12.6485,11.5141,13.8645,485,13.4529,12.2821,14.7052,220,6.1024,5.3226,6.9642,1161,32.2038,30.3778,34.1109,3.2472,158,155,3,
8477205,Andrej Sustr,506.45,102,12.0841,9.8532,14.6693,107,12.6765,10.3887,15.3182,63,7.4637,5.7353,9.5493,272,32.2243,28.5082,36.2903,3.1627,159,122,37,LOW_DANGER_MIX
8476891,Matt Grzelcyk,5326.63,1195,13.4607,12.7082,14.246,1138,12.8186,12.0846,13.5856,530,5.97,5.4725,6.5006,2863,32.2493,31.0787,33.4527,3.2749,160,166,-6,
8477220,Nate Schmidt,5131.02,1141,13.3424,12.5793,14.1396,1035,12.1029,11.3767,12.8633,582,6.8057,6.2639,7.3817,2758,32.2509,31.0584,33.4775,3.2001,161,136,25,LOW_DANGER_MIX
8482700,Nolan Allan,587.42,150,15.3213,12.9676,17.9788,103,10.5206,8.5873,12.7593,63,6.435,4.9448,8.2331,316,32.2769,28.8159,36.0392,3.2998,162,188,-26,HIGH_DANGER_MIX
8474031,Kevin Shattenkirk,3460.65,776,13.4541,12.524,14.435,715,12.3965,11.5044,13.3394,371,6.4323,5.7944,7.1213,1862,32.283,30.8331,33.7834,3.2612,163,161,2,
8483565,Nick Blankenburg,2289.37,543,14.231,13.0591,15.4799,451,11.8199,10.754,12.9628,238,6.2375,5.4702,7.0824,1232,32.2884,30.5104,34.143,3.2884,164,175,-11,HIGH_DANGER_MIX
8475171,Oliver Ekman-Larsson,5726.7,1363,14.2805,13.5323,15.0592,1114,11.6716,10.9962,12.3777,605,6.3387,5.8436,6.8646,3082,32.2908,31.1608,33.4514,3.2771,165,168,-3,
8471724,Kris Letang,6860.53,1504,13.1535,12.4971,13.8355,1401,12.2527,11.6194,12.9115,788,6.8916,6.4188,7.39,3693,32.2978,31.2644,33.3566,3.2158,166,142,24,LOW_DANGER_MIX
8475455,Brenden Dillon,6018.13,1346,13.4194,12.712,14.156,1188,11.8442,11.1802,12.5374,707,7.0487,6.5386,7.588,3241,32.3123,31.2094,33.4443,3.2223,167,146,21,LOW_DANGER_MIX
8477810,Joel Hanley,2659.63,603,13.6034,12.5391,14.7338,560,12.6333,11.6085,13.7244,271,6.1136,5.4073,6.8865,1434,32.3503,30.6974,34.0691,3.2713,168,164,4,
8480887,Jordan Harris,2458.58,579,14.1301,13.0024,15.3294,475,11.592,10.5729,12.6829,272,6.638,5.8725,7.4755,1326,32.3601,30.6416,34.1499,3.2968,169,184,-15,HIGH_DANGER_MIX
8483620,Marcus Bjork,513.32,108,12.6238,10.3555,15.2412,110,12.8576,10.5674,15.4968,59,6.8963,5.2498,8.8958,277,32.3777,28.6767,36.4238,3.2023,170,137,33,LOW_DANGER_MIX
8477215,Danny DeKeyser,956.07,238,14.9362,13.0987,16.9592,194,12.1749,10.5219,14.0139,85,5.3344,4.2609,6.596,517,32.4454,29.7086,35.3666,3.3954,171,230,-59,HIGH_DANGER_MIX
8478851,Alexandre Carrier,5210.57,1148,13.2193,12.4656,14.0067,1068,12.2981,11.5715,13.0584,602,6.9321,6.3893,7.5086,2818,32.4494,31.2623,33.6701,3.2078,172,139,33,LOW_DANGER_MIX
8481609,Vladislav Kolyachonok,1064.58,236,13.301,11.658,15.1106,232,13.0755,11.447,14.8708,108,6.0869,4.9932,7.3489,576,32.4634,29.8661,35.2262,3.292,173,179,-6,
8479410,Mikhail Sergachev,5903.13,1319,13.4064,12.6926,14.15,1255,12.7559,12.0599,13.4817,621,6.3119,5.8252,6.8285,3195,32.4743,31.3579,33.6203,3.2897,174,177,-3,
8477369,Carson Soucy,4446.03,1053,14.2104,13.365,15.0953,859,11.5924,10.83,12.3942,495,6.6801,6.1045,7.2954,2407,32.4829,31.198,33.8071,3.2964,175,183,-8,
8482111,Justin Barron,2739.63,677,14.8268,13.7308,15.987,529,11.5855,10.6191,12.6162,278,6.0884,5.3937,6.8478,1484,32.5007,30.868,34.1974,3.3472,176,214,-38,HIGH_DANGER_MIX
8471735,Keith Yandle,919.07,182,11.8816,10.2181,13.7388,222,14.493,12.6491,16.5301,94,6.1367,4.959,7.5097,498,32.5112,29.7182,35.4961,3.2372,177,152,25,LOW_DANGER_MIX
8476779,Brad Hunt,1175.15,238,12.1516,10.6567,13.7975,249,12.7133,11.1831,14.3944,150,7.6586,6.482,8.987,637,32.5235,30.0465,35.1502,3.1367,178,115,63,LOW_DANGER_MIX
8480246,Nick Perbix,3971.65,890,13.4453,12.5764,14.3584,835,12.6144,11.7732,13.4998,429,6.4809,5.8821,7.1242,2154,32.5406,31.1808,33.9445,3.282,179,173,6,
8481006,Tyler Tucker,1667.47,405,14.573,13.1881,16.0638,335,12.0542,10.7978,13.4167,165,5.9372,5.0658,6.9154,905,32.5644,30.477,34.757,3.3519,180,216,-36,HIGH_DANGER_MIX
8473507,Jeff Petry,4674.62,999,12.8224,12.0395,13.6429,1012,12.9893,12.2012,13.8149,531,6.8155,6.2481,7.4207,2542,32.6273,31.3711,33.9208,3.2214,181,145,36,LOW_DANGER_MIX
8477384,Joshua Brown,2268.2,525,13.8877,12.725,15.128,481,12.7237,11.6119,13.9133,228,6.0312,5.2737,6.867,1234,32.6426,30.8465,34.516,3.3294,182,202,-20,HIGH_DANGER_MIX
8478454,Noah Juulsen,1803.3,439,14.6066,13.272,16.039,341,11.3459,10.1735,12.6163,202,6.721,5.8261,7.7145,982,32.6734,30.6616,34.7826,3.328,183,201,-18,HIGH_DANGER_MIX
8471677,Jack Johnson,4013.62,964,14.4109,13.5155,15.3501,835,12.4825,11.6501,13.3587,388,5.8003,5.2374,6.4071,2187,32.6937,31.3377,34.0933,3.3441,184,212,-28,HIGH_DANGER_MIX
8479345,Jakob Chychrun,5665.4,1311,13.8843,13.1428,14.6567,1150,12.1792,11.4854,12.904,627,6.6403,6.1307,7.181,3088,32.7038,31.5604,33.878,3.2952,185,182,3,
8480871,Adam Boqvist,2691.18,672,14.9823,13.8708,16.1591,536,11.9501,10.9597,13.006,259,5.7744,5.0925,6.5222,1467,32.7068,31.0543,34.4244,3.3756,186,225,-39,HIGH_DANGER_MIX
8477018,Ben Hutton,2373.4,523,13.2215,12.1125,14.4048,525,13.2721,12.1609,14.4575,246,6.2189,5.466,7.0466,1294,32.7126,30.9543,34.5447,3.331,187,203,-16,HIGH_DANGER_MIX
8475181,Nick Leddy,5303.72,1225,13.8582,13.0929,14.6565,1151,13.0211,12.2796,13.7956,517,5.8487,5.3554,6.3753,2893,32.728,31.5461,33.9428,3.3505,188,215,-27,HIGH_DANGER_MIX
8479982,Conor Timmins,2065.5,450,13.0719,11.8919,14.3373,454,13.1881,12.0027,14.4589,223,6.4779,5.6555,7.3862,1127,32.7378,30.8542,34.7064,3.2586,189,159,30,LOW_DANGER_MIX
8480172,Jan Rutta,3897.13,882,13.5792,12.6977,14.5058,818,12.5939,11.7455,13.4873,429,6.6049,5.9946,7.2604,2129,32.7779,31.4002,34.2005,3.2933,190,180,10,
8476892,Colton Parayko,7085.57,1588,13.4471,12.7937,14.1251,1533,12.9813,12.3396,13.6478,751,6.3594,5.9127,6.831,3872,32.7878,31.7631,33.8371,3.3043,191,191,0,
8479376,Victor Mete,598.33,122,12.234,10.1596,14.6074,156,15.6435,13.285,18.3,49,4.9136,3.6351,6.4961,327,32.7911,29.3329,36.5449,3.3463,192,213,-21,HIGH_DANGER_MIX
8474145,Robert Bortuzzo,1831.57,410,13.4311,12.1623,14.7963,418,13.6932,12.4118,15.071,173,5.6673,4.8542,6.5776,1001,32.7916,30.7914,34.8876,3.3152,193,196,-3,
8482142,Jamie Drysdale,4239.93,958,13.5568,12.7118,14.4432,900,12.736,11.9175,13.5961,460,6.5095,5.9282,7.1325,2318,32.8024,31.4805,34.1656,3.2713,194,164,30,LOW_DANGER_MIX
8478055,Gustav Forsling,6733.93,1661,14.7997,14.0964,15.5289,1251,11.1465,10.5373,11.7818,770,6.8608,6.3847,7.363,3682,32.807,31.7558,33.8841,3.324,195,199,-4,
8480336,Sean Walker,4394.1,1060,14.474,13.6156,15.3722,956,13.0539,12.2394,13.9083,389,5.3117,4.7969,5.8667,2405,32.8395,31.54,34.1788,3.4085,196,231,-35,HIGH_DANGER_MIX
8480145,Neal Pionk,6109.98,1440,14.1408,13.4198,14.8905,1244,12.2161,11.5466,12.9143,661,6.491,6.0055,7.0053,3345,32.8479,31.7441,33.9803,3.3527,197,219,-22,HIGH_DANGER_MIX
8483457,Lane Hutson,2608.85,650,14.9491,13.8218,16.1439,478,10.9933,10.0298,12.0245,301,6.9226,6.1625,7.7505,1429,32.8651,31.183,34.6143,3.3368,198,206,-8,
8477986,Brandon Montour,6429.1,1508,14.0735,13.3721,14.8022,1266,11.815,11.1731,12.4842,749,6.9901,6.4984,7.5091,3523,32.8786,31.8018,33.9826,3.2887,199,176,23,LOW_DANGER_MIX
8477938,Haydn Fleury,2045.45,466,13.6694,12.4563,14.9687,440,12.9067,11.7287,14.1709,218,6.3947,5.5739,7.3023,1124,32.9707,31.0712,34.9561,3.3067,200,193,7,
8477969,Marcus Pettersson,6197.62,1369,13.2535,12.5606,13.9746,1302,12.6048,11.9294,13.3086,736,7.1253,6.6198,7.6592,3407,32.9836,31.8853,34.1102,3.2551,201,157,44,LOW_DANGER_MIX
8475790,Erik Gudbranson,4457.23,991,13.3401,12.5224,14.1972,915,12.3171,11.5318,13.1417,547,7.3633,6.7591,8.007,2453,33.0205,31.7266,34.3536,3.2487,202,156,46,LOW_DANGER_MIX
8477932,Aaron Ekblad,5282.97,1316,14.9461,14.1494,15.776,990,11.2437,10.5541,11.9665,602,6.8371,6.3017,7.4057,2908,33.0269,31.8373,34.2496,3.364,203,222,-19,HIGH_DANGER_MIX
8476853,Morgan Rielly,6475.82,1505,13.9442,13.2485,14.6669,1397,12.9435,12.2736,13.6405,667,6.1799,5.7198,6.6672,3569,33.0676,31.9916,34.1707,3.3626,204,221,-17,HIGH_DANGER_MIX
8479372,Joshua Mahura,2884.88,663,13.7891,12.7593,14.8799,571,11.8757,10.9215,12.891,356,7.4041,6.6549,8.2146,1590,33.0689,31.4633,34.7353,3.3003,205,189,16,LOW_DANGER_MIX
8473446,Erik Johnson,3309.48,743,13.4704,12.5191,14.4748,740,13.416,12.4667,14.4184,342,6.2004,5.5606,6.8936,1825,33.0867,31.586,34.6404,3.3416,206,210,-4,
8474574,Tyler Myers,6147.8,1431,13.966,13.2517,14.7088,1248,12.18,11.5135,12.8749,712,6.9488,6.4477,7.4785,3391,33.0948,31.9901,34.2278,3.3077,207,195,12,LOW_DANGER_MIX
8483466,Kevin Korchinski,1637.98,431,15.7877,14.3322,17.3509,303,11.099,9.8843,12.4217,170,6.2272,5.3262,7.2368,904,33.1139,30.9902,35.3448,3.4262,208,240,-32,HIGH_DANGER_MIX
8480823,Alexander Alexeyev,1088.65,241,13.2825,11.6584,15.0696,230,12.6763,11.0908,14.4247,130,7.1648,5.9862,8.5077,601,33.1236,30.528,35.8809,3.3162,209,197,12,LOW_DANGER_MIX
8481567,Henry Thrun,1940.05,491,15.1852,13.8715,16.5897,370,11.443,10.3066,12.6705,211,6.5256,5.6748,7.468,1072,33.1538,31.1986,35.1994,3.4132,210,234,-24,HIGH_DANGER_MIX
8478443,Brandon Carlo,5648.6,1250,13.2776,12.5517,14.0346,1265,13.437,12.7066,14.1983,609,6.4689,5.9652,7.0037,3124,33.1834,32.0299,34.3679,3.318,211,198,13,LOW_DANGER_MIX
8474162,Jake Muzzin,898.53,185,12.3535,10.6374,14.2676,221,14.7574,12.8757,16.8366,91,6.0766,4.8925,7.4607,497,33.1874,30.3335,36.2376,3.3746,212,224,-12,HIGH_DANGER_MIX
8484258,Sam Malinski,2140.27,533,14.9421,13.7003,16.2661,382,10.7089,9.6618,11.8386,269,7.5411,6.6668,8.4982,1184,33.1921,31.3282,35.138,3.2788,213,171,42,LOW_DANGER_MIX
8476312,Josh Manson,4222.47,1024,14.5507,13.6731,15.47,824,11.7088,10.9229,12.5363,488,6.9343,6.3327,7.5778,2336,33.1939,31.8613,34.5678,3.3331,214,204,10,
8481568,Alex Vlasic,4203.2,1013,14.4604,13.5835,15.379,893,12.7474,11.925,13.6117,420,5.9954,5.4357,6.5972,2326,33.2033,31.8675,34.5807,3.3947,215,229,-14,HIGH_DANGER_MIX
8475753,Justin Faulk,6524.28,1468,13.5003,12.8185,14.209,1448,13.3164,12.6393,14.0204,695,6.3915,5.9251,6.8849,3611,33.2082,32.1339,34.3094,3.3377,216,207,9,
8481605,Jackson LaCombe,3430.42,881,15.4092,14.4084,16.4613,640,11.194,10.3434,12.0958,383,6.6989,6.0447,7.4046,1904,33.3021,31.8229,34.8323,3.4119,217,233,-16,HIGH_DANGER_MIX
8474151,Ryan McDonagh,5919.73,1237,12.5377,11.8487,13.2564,1370,13.8858,13.1601,14.641,679,6.8821,6.3741,7.4198,3286,33.3056,32.1764,34.4642,3.29,218,178,40,LOW_DANGER_MIX
8482762,Simon Edvinsson,2749.87,639,13.9425,12.8823,15.0667,557,12.1533,11.1649,13.2058,331,7.2222,6.465,8.0437,1527,33.318,31.6676,35.032,3.2993,219,187,32,LOW_DANGER_MIX
8481719,Max Crozier,582.7,132,13.5919,11.3722,16.1183,113,11.6355,9.5893,13.9891,79,8.1345,6.4402,10.1381,324,33.3619,29.8277,37.1997,3.3073,220,194,26,LOW_DANGER_MIX
8476473,Connor Murphy,5184.4,1177,13.6216,12.8545,14.4226,1177,13.6216,12.8545,14.4226,531,6.1454,5.6337,6.691,2885,33.3886,32.1813,34.6297,3.3526,221,217,4,
8475747,Patrik Nemeth,2011.1,477,14.231,12.9824,15.5673,433,12.9183,11.73,14.1943,210,6.2652,5.4465,7.1723,1120,33.4145,31.486,35.4303,3.4194,222,238,-16,HIGH_DANGER_MIX
8474818,Jordie Benn,687.68,127,11.0807,9.2375,13.1839,176,15.3559,13.171,17.7997,80,6.98,5.5347,8.6872,383,33.4165,30.1533,36.9367,3.2573,223,158,65,LOW_DANGER_MIX
8481599,Victor Soderstrom,782.7,191,14.6416,12.6387,16.8718,160,12.2652,10.4384,14.3198,85,6.5159,5.2047,8.057,436,33.4228,30.3588,36.7122,3.4159,224,235,-11,HIGH_DANGER_MIX
8475797,Jarred Tinordi,1433.67,344,14.3967,12.9153,16.0013,325,13.6015,12.1628,15.1636,130,5.4406,4.5456,6.4603,799,33.4387,31.16,35.84,3.4307,225,243,-18,HIGH_DANGER_MIX
8478840,Will Borgen,4911.18,1159,14.1595,13.356,14.9988,1022,12.4858,11.7319,13.2754,559,6.8293,6.2748,7.4196,2740,33.4746,32.2328,34.752,3.3611,226,220,6,
8465009,Zdeno Chara,1239.27,249,12.0555,10.6045,13.6496,324,15.6867,14.0249,17.4912,119,5.7615,4.7729,6.8945,692,33.5037,31.0536,36.0957,3.3819,227,228,-1,
8480873,Rasmus Sandin,5248.05,1228,14.0395,13.2651,14.8473,1073,12.2674,11.5443,13.024,630,7.2027,6.6511,7.7877,2931,33.5096,32.3073,34.7452,3.3402,228,209,19,LOW_DANGER_MIX
8478567,Dean Kukan,593.77,137,13.8438,11.6228,16.3657,147,14.8543,12.5501,17.459,48,4.8504,3.5763,6.4309,332,33.5485,30.0365,37.3585,3.4719,229,259,-30,HIGH_DANGER_MIX
8480950,Ilya Lyubushkin,4701.65,1151,14.6885,13.852,15.5622,986,12.5828,11.8096,13.3934,494,6.3042,5.7604,6.8854,2631,33.5754,32.3046,34.8834,3.4452,230,251,-21,HIGH_DANGER_MIX
8479458,Nikita Zaitsev,2181.07,502,13.8098,12.628,15.0724,500,13.7547,12.5754,15.0149,219,6.0246,5.253,6.8775,1221,33.5891,31.7312,35.5273,3.4535,231,253,-22,HIGH_DANGER_MIX
8479371,Dante Fabbro,5041.67,1123,13.3646,12.5943,14.1697,1098,13.0671,12.3055,13.8635,603,7.1762,6.6148,7.7725,2824,33.6079,32.3797,34.8708,3.3033,232,190,42,LOW_DANGER_MIX
8482192,Isaak Phillips,820.37,217,15.871,13.8294,18.129,169,12.3603,10.567,14.3708,74,5.4122,4.2498,6.7945,460,33.6435,30.6389,36.8631,3.5686,233,285,-52,HIGH_DANGER_MIX
8481593,Jayden Struble,2049.92,533,15.6006,14.3041,16.9831,384,11.2395,10.1433,12.4218,234,6.8491,5.9996,7.7851,1151,33.6892,31.7708,35.6931,3.4306,234,242,-8,
8480796,Martin Fehérváry,5828.33,1357,13.9697,13.2362,14.7332,1213,12.4873,11.7944,13.2103,704,7.2474,6.7218,7.8031,3274,33.7043,32.5596,34.879,3.3744,235,223,12,LOW_DANGER_MIX
8478430,Oliver Kylington,1896.52,379,11.9904,10.8135,13.2605,448,14.1734,12.8911,15.5486,239,7.5612,6.6329,8.5831,1066,33.725,31.7306,35.8119,3.269,236,163,73,LOW_DANGER_MIX
8475462,Radko Gudas,5096.75,1242,14.6211,13.8191,15.4574,1057,12.4432,11.7043,13.2166,567,6.6748,6.1367,7.2476,2866,33.7391,32.5151,34.9975,3.4211,237,239,-2,
8481527,Kaedan Korczak,1774.95,447,15.1103,13.7418,16.5782,334,11.2905,10.1119,12.5686,219,7.403,6.455,8.4512,1000,33.8038,31.7408,35.9656,3.379,238,227,11,LOW_DANGER_MIX
8476429,Scott Mayfield,4889.37,1177,14.4436,13.6301,15.2929,1022,12.5415,11.7843,13.3346,557,6.8352,6.2793,7.4272,2756,33.8203,32.5693,35.1071,3.4283,239,241,-2,
8474567,Zach Bogosian,3803.15,830,13.0944,12.2186,14.0164,849,13.3942,12.5082,14.3263,465,7.336,6.6843,8.0341,2144,33.8246,32.4078,35.2873,3.3422,240,211,29,LOW_DANGER_MIX
8482730,Brandt Clarke,2213.1,541,14.6672,13.4571,15.9569,465,12.6068,11.4868,13.8064,242,6.5609,5.7603,7.4417,1248,33.8349,31.9835,35.7655,3.4318,241,244,-3,
8479388,Riley Stillman,1425.98,317,13.3382,11.9101,14.8903,338,14.2218,12.7458,15.8217,150,6.3114,5.3418,7.4061,805,33.8714,31.5716,36.2943,3.416,242,236,6,
8482126,Emil Andrae,1211.62,301,14.9057,13.2692,16.6883,250,12.3802,10.8929,14.0137,134,6.6358,5.5598,7.8591,685,33.9216,31.4286,36.5598,3.4332,243,245,-2,
8471686,Marc Staal,2763.08,702,15.2438,14.1369,16.4144,591,12.8335,11.8195,13.9112,270,5.863,5.1845,6.6057,1563,33.9403,32.2784,35.6657,3.5287,244,276,-32,HIGH_DANGER_MIX
8480817,K'Andre Miller,6612.35,1626,14.7542,14.0457,15.4892,1441,13.0755,12.4091,13.7685,675,6.1249,5.6715,6.6049,3742,33.9546,32.8753,35.0603,3.4859,245,266,-21,HIGH_DANGER_MIX
8475233,David Savard,4289.02,1017,14.227,13.366,15.129,939,13.1359,12.309,14.0037,475,6.6449,6.0607,7.2702,2431,34.0078,32.6692,35.3871,3.4399,246,249,-3,
8482166,Shakir Mukhamadullin,1117.45,257,13.7993,12.1636,15.5936,251,13.4771,11.8613,15.2517,126,6.7654,5.6358,8.0551,634,34.0418,31.4432,36.7979,3.4376,247,248,-1,
8481537,Nikita Okhotiuk,933.93,215,13.8125,12.0278,15.7875,205,13.1701,11.4289,15.1017,110,7.0669,5.8081,8.5175,530,34.0495,31.212,37.0757,3.4095,248,232,16,LOW_DANGER_MIX
8479395,Dennis Cholowski,762.65,175,13.7678,11.8035,15.9656,152,11.9583,10.1328,14.0177,106,8.3393,6.8276,10.0862,433,34.0654,30.932,37.4303,3.3063,249,192,57,LOW_DANGER_MIX
8481014,Alexander Romanov,5526.75,1372,14.8948,14.117,15.7044,1172,12.7236,12.0055,13.4734,595,6.4595,5.9508,7.0,3139,34.0779,32.8961,35.2913,3.4785,250,261,-11,HIGH_DANGER_MIX
8481072,Tim Berni,925.92,230,14.9041,13.0401,16.9599,207,13.4137,11.6486,15.3708,89,5.7673,4.6316,7.0971,526,34.0851,31.2341,37.1265,3.5285,251,275,-24,HIGH_DANGER_MIX
8479980,Nicolas Hague,5145.37,1247,14.5412,13.7453,15.3713,1124,13.1069,12.3518,13.8962,553,6.4485,5.9222,7.0091,2924,34.0967,32.8719,35.3554,3.4824,252,264,-12,HIGH_DANGER_MIX
8481541,Samuel Bolduc,639.43,149,13.9811,11.8264,16.4149,143,13.4181,11.3091,15.8064,72,6.756,5.2861,8.508,364,34.1552,30.7362,37.8507,3.4736,253,260,-7,
8480043,Timothy Liljegren,4263.85,995,14.0014,13.1449,14.8992,966,13.5933,12.7495,14.4783,469,6.5997,6.0158,7.2249,2430,34.1944,32.8483,35.5816,3.4705,254,257,-3,
8476875,Mike Matheson,6317.95,1548,14.701,13.9777,15.452,1259,11.9564,11.305,12.6356,802,7.6164,7.0983,8.1623,3609,34.2738,33.1646,35.4106,3.436,255,246,9,
8480847,Ryan Merkley,538.93,97,10.7991,8.7574,13.174,142,15.809,13.3158,18.6335,69,7.6818,5.9769,9.7219,308,34.29,30.567,38.3413,3.3256,256,200,56,LOW_DANGER_MIX
8471709,Marc-Edouard Vlasic,3319.97,732,13.229,12.2879,14.2231,772,13.9519,12.985,14.9718,395,7.1386,6.4519,7.8785,1899,34.3196,32.7932,35.8987,3.4171,257,237,20,LOW_DANGER_MIX
8480727,Zach Whitecloud,4809.35,1216,15.1704,14.3297,16.0477,1064,13.2741,12.4884,14.0963,476,5.9384,5.4169,6.4967,2756,34.383,33.1112,35.6912,3.5383,258,279,-21,HIGH_DANGER_MIX
8482122,Brock Faber,4264.25,1014,14.2675,13.4027,15.1734,828,11.6503,10.8702,12.4717,602,8.4704,7.8072,9.1749,2444,34.3882,33.0383,35.7792,3.3383,259,208,51,LOW_DANGER_MIX
8479442,Troy Stecher,3884.25,995,15.3698,14.4295,16.3552,805,12.4348,11.5906,13.3243,431,6.6577,6.0439,7.3169,2231,34.4623,33.0469,35.9226,3.5308,260,277,-17,HIGH_DANGER_MIX
8479324,Ryan Lindgren,5754.1,1463,15.2552,14.4834,16.0574,1229,12.8152,12.1087,13.5522,614,6.4024,5.9059,6.9294,3306,34.4728,33.3076,35.6684,3.5228,261,273,-12,HIGH_DANGER_MIX
8478416,Erik Cernak,4891.45,1097,13.4561,12.6715,14.2766,1127,13.8241,13.0287,14.6554,589,7.2249,6.6531,7.8326,2813,34.5051,33.2417,35.8043,3.437,262,247,15,LOW_DANGER_MIX
8479983,Mario Ferraro,6469.6,1491,13.8277,13.1347,14.5479,1453,13.4753,12.7913,14.1865,780,7.2338,6.735,7.7598,3724,34.5369,33.4365,35.6643,3.4476,263,252,11,LOW_DANGER_MIX
8478450,Parker Wotherspoon,2488.45,640,15.4313,14.2588,16.6745,493,11.8869,10.8607,12.984,301,7.2575,6.4607,8.1255,1434,34.5757,32.8091,36.4128,3.4795,264,262,2,
8481524,Bowen Byram,4990.73,1266,15.2202,14.3933,16.0823,1046,12.5753,11.8247,13.3611,568,6.8287,6.2786,7.414,2880,34.6242,33.3711,35.9123,3.5279,265,274,-9,
8476931,Jake McCabe,6118.95,1441,14.1299,13.4097,14.8787,1389,13.62,12.9131,14.3556,704,6.9031,6.4026,7.4325,3534,34.653,33.5198,35.8147,3.4651,266,255,11,LOW_DANGER_MIX
8482087,Kaiden Guhle,3392.7,848,14.9969,14.0044,16.0412,698,12.3442,11.4453,13.2949,415,7.3393,6.6501,8.0805,1961,34.6803,33.1622,36.25,3.508,267,270,-3,
8478911,Matt Roy,5898.9,1403,14.2705,13.5334,15.0372,1293,13.1516,12.4444,13.8885,717,7.2929,6.7688,7.8468,3413,34.7149,33.56,35.8995,3.4566,268,254,14,LOW_DANGER_MIX
8474568,Luke Schenn,4195.6,991,14.172,13.3033,15.0826,987,14.1148,13.2478,15.0236,452,6.4639,5.8817,7.0882,2430,34.7507,33.3826,36.1605,3.5062,269,269,0,
8479984,Cal Foote,1414.05,312,13.2386,11.8102,14.7921,360,15.2753,13.7379,16.9376,147,6.2374,5.2699,7.3311,819,34.7512,32.4117,37.2151,3.5625,270,284,-14,HIGH_DANGER_MIX
8481598,Philip Broberg,3080.07,801,15.6036,14.5415,16.7226,611,11.9023,10.9772,12.8847,374,7.2856,6.5658,8.0627,1786,34.7915,33.1964,36.4433,3.5103,271,271,0,
8478859,Niko Mikkola,5424.8,1331,14.7213,13.9409,15.5339,1125,12.4429,11.7263,13.1918,698,7.7201,7.1579,8.3147,3154,34.8842,33.6773,36.1234,3.4437,272,250,22,LOW_DANGER_MIX
8476441,Joel Edmundson,4318.37,1110,15.4225,14.5284,16.3572,913,12.6854,11.8757,13.5356,490,6.8081,6.2186,7.4385,2513,34.916,33.564,36.3084,3.5542,273,283,-10,
8478136,Jake Middleton,5770.23,1248,12.9769,12.2669,13.7174,1296,13.4761,12.7523,14.2302,815,8.4745,7.9026,9.0769,3359,34.9275,33.7562,36.1291,3.3526,274,217,57,LOW_DANGER_MIX
8481030,Jack St. Ivany,618.17,153,14.8504,12.5905,17.3987,127,12.3268,10.2763,14.6665,80,7.7649,6.1571,9.6641,360,34.942,31.4253,38.7446,3.4708,275,258,17,LOW_DANGER_MIX
8477950,Tony DeAngelo,4121.42,1083,15.7664,14.8413,16.7341,881,12.8257,11.9926,13.7013,440,6.4056,5.8209,7.033,2404,34.9977,33.6125,36.4253,3.6125,276,293,-17,HIGH_DANGER_MIX
8478841,Colton White,1100.12,281,15.3256,13.586,17.2264,232,12.6532,11.0773,14.3905,129,7.0356,5.874,8.3598,642,35.0145,32.358,37.8309,3.5512,277,282,-5,
8479945,Gavin Bayreuther,1248.57,272,13.071,11.5636,14.7203,328,15.7621,14.1022,17.5636,129,6.1991,5.1756,7.3658,729,35.0322,32.535,37.6702,3.5496,278,281,-3,
8484321,Nikolas Matinpalo,1008.22,260,15.4729,13.6491,17.4725,203,12.0807,10.4759,13.8618,126,7.4984,6.2464,8.9278,589,35.052,32.278,38.0006,3.4869,279,267,12,LOW_DANGER_MIX
8479369,Andrew Peeke,5477.77,1304,14.2832,13.5184,15.08,1242,13.6041,12.8579,14.3822,662,7.2511,6.7092,7.8252,3208,35.1384,33.9329,36.3758,3.537,280,278,2,
8480070,Ian Mitchell,940.3,234,14.9314,13.0794,16.9721,215,13.719,11.9464,15.6806,102,6.5086,5.307,7.9009,551,35.159,32.2842,38.2211,3.6192,281,295,-14,HIGH_DANGER_MIX
8480084,Nick DeSimone,934.53,244,15.6656,13.7615,17.7595,201,12.9048,11.1824,14.8175,103,6.6129,5.3977,8.0201,548,35.1833,32.2989,38.2563,3.5803,282,286,-4,
8476449,Scott Harrington,771.97,170,13.213,11.3014,15.3553,195,15.1561,13.1034,17.4391,88,6.8397,5.4856,8.4267,453,35.2088,32.0407,38.6053,3.4851,283,265,18,LOW_DANGER_MIX
8476967,Brett Kulak,5804.53,1440,14.8849,14.126,15.6741,1333,13.7789,13.049,14.5389,635,6.5638,6.0632,7.0948,3408,35.2276,34.0547,36.4306,3.592,284,289,-5,
8476372,Nick Seeler,4433.52,1011,13.6821,12.8516,14.5522,1106,14.9678,14.0986,15.8766,488,6.6042,6.0312,7.217,2605,35.2542,33.9132,36.6345,3.5159,285,272,13,LOW_DANGER_MIX
8482964,Arber Xhekaj,2644.75,700,15.8805,14.7257,17.1018,552,12.5229,11.4999,13.6126,305,6.9194,6.1645,7.7411,1557,35.3228,33.5899,37.122,3.6182,286,294,-8,
8478062,Dysin Mayo,1373.57,336,14.6771,13.1495,16.3334,332,14.5024,12.9842,16.1494,143,6.2465,5.2647,7.3583,811,35.426,33.0295,37.9505,3.6085,287,292,-5,
8482095,Tyler Kleven,1778.77,428,14.437,13.1015,15.8717,392,13.2226,11.9459,14.5986,232,7.8256,6.851,8.9001,1052,35.4853,33.3731,37.6961,3.4692,288,256,32,LOW_DANGER_MIX
8472382,Andy Greene,1086.4,241,13.31,11.6825,15.1008,289,15.961,14.1737,17.9113,113,6.2408,5.1433,7.5032,643,35.5118,32.8196,38.3659,3.5935,289,290,-1,
8477433,Ben Harpur,790.35,217,16.4737,14.3546,18.8175,165,12.5261,10.6877,14.5899,87,6.6047,5.2901,8.1468,469,35.6045,32.4547,38.9774,3.6565,290,299,-9,
8480879,Jacob Bernard-Docker,2383.57,600,15.1034,13.9189,16.3618,537,13.5176,12.3983,14.7107,279,7.0231,6.2231,7.8974,1416,35.6441,33.8115,37.5502,3.5914,291,288,3,
8476902,Esa Lindell,6605.08,1605,14.5797,13.875,15.3108,1403,12.7447,12.0865,13.4295,919,8.3481,7.817,8.9058,3927,35.6725,34.5654,36.806,3.4954,292,268,24,LOW_DANGER_MIX
8480160,Radim Simek,1010.23,201,11.9378,10.3444,13.7072,297,17.6395,15.6902,19.764,105,6.2362,5.1006,7.5493,603,35.8135,33.0117,38.7896,3.601,293,291,2,
8474612,Travis Hamonic,3488.05,816,14.0365,13.0898,15.0336,810,13.9333,12.9902,14.9268,456,7.8439,7.1404,8.598,2082,35.8137,34.2917,37.3859,3.5445,294,280,14,LOW_DANGER_MIX
8482176,Wyatt Kaiser,2353.55,689,17.565,16.2777,18.9269,467,11.9054,10.85,13.0358,252,6.4243,5.6556,7.2685,1408,35.8947,34.0441,37.8198,3.7376,295,307,-12,HIGH_DANGER_MIX
8482482,Adam Wilsby,962.4,223,13.9027,12.1378,15.8522,217,13.5287,11.7884,15.4535,137,8.5411,7.1709,10.097,577,35.9726,33.0969,39.0312,3.4805,296,263,33,LOW_DANGER_MIX
8478467,Nicolas Meloche,753.28,179,14.2576,12.2454,16.5061,185,14.7355,12.6885,17.0187,89,7.089,5.693,8.7236,453,36.082,32.8354,39.5628,3.6627,297,300,-3,
8475279,Ben Chiarot,6435.68,1687,15.7279,14.9863,16.4968,1406,13.1082,12.4319,13.8117,779,7.2626,6.7615,7.7911,3872,36.0987,34.9706,37.254,3.6687,298,303,-5,
8480834,Ty Emberson,2010.33,513,15.3109,14.0145,16.695,458,13.6694,12.446,14.9805,240,7.163,6.2854,8.1289,1211,36.1433,34.136,38.2377,3.6253,299,296,3,
8474027,Justin Braun,1861.32,453,14.6026,13.2886,16.0113,468,15.0861,13.7501,16.5169,208,6.7049,5.8246,7.6807,1129,36.3936,34.3014,38.58,3.676,300,304,-4,
8478476,Kyle Capobianco,1014.17,247,14.613,12.8473,16.5536,251,14.8496,13.0692,16.8049,118,6.9811,5.7784,8.3603,616,36.4437,33.6222,39.4388,3.6675,301,302,-1,
8477498,Darnell Nurse,6830.23,1745,15.3289,14.618,16.0654,1643,14.4329,13.7434,15.1481,766,6.7289,6.2608,7.2228,4154,36.4907,35.3894,37.6176,3.6922,302,305,-3,
8478013,Jake Walman,4444.12,1184,15.9852,15.0875,16.9223,1062,14.3381,13.4886,15.227,458,6.1835,5.63,6.7766,2704,36.5067,35.1435,37.9092,3.7914,303,313,-10,
8481161,Jake Christiansen,1532.8,402,15.7359,14.2351,17.3519,324,12.6827,11.3391,14.1416,207,8.1028,7.0365,9.285,933,36.5214,34.2152,38.9421,3.6316,304,297,7,
8479378,Logan Stanley,2851.35,715,15.0455,13.9628,16.1899,666,14.0144,12.9701,15.1204,362,7.6174,6.8529,8.444,1743,36.6774,34.9755,38.4406,3.6457,305,298,7,
8470281,Duncan Keith,1077.38,270,15.0364,13.2962,16.9411,281,15.649,13.8726,17.5898,108,6.0146,4.9339,7.2616,659,36.7,33.9511,39.6122,3.8007,306,314,-8,
8477506,Ryan Pulock,5662.35,1531,16.2229,15.4204,17.0564,1218,12.9063,12.1916,13.652,715,7.5764,7.0311,8.1526,3464,36.7056,35.4933,37.9487,3.7061,307,306,1,
8480157,Calle Rosen,1008.07,250,14.88,13.0925,16.8434,271,16.1299,14.2665,18.1691,96,5.7139,4.6283,6.9777,617,36.7238,33.8828,39.7393,3.7617,308,309,-1,
8481581,Thomas Harley,4255.13,1110,15.6517,14.7443,16.6002,924,13.029,12.2023,13.8969,574,8.0938,7.4451,8.7838,2608,36.7744,35.3764,38.2135,3.665,309,301,8,
8471303,Alexander Edler,1485.13,386,15.5946,14.0775,17.2306,365,14.7462,13.272,16.3393,162,6.5449,5.5758,7.6339,913,36.8856,34.5315,39.3579,3.7858,310,312,-2,
8480426,Charle-Edouard D'Astous,748.9,191,15.3024,13.2091,17.6333,162,12.979,11.0573,15.1387,114,9.1334,7.5339,10.972,467,37.4149,34.098,40.9673,3.5899,311,287,24,LOW_DANGER_MIX
8480831,Alec Regula,528.98,140,15.8795,13.3581,18.7385,131,14.8587,12.4233,17.6319,59,6.6921,5.0943,8.6323,330,37.4303,33.5003,41.6946,3.77,312,310,2,
8476879,Cody Ceci,6451.35,1672,15.5502,14.8137,16.3139,1542,14.3412,13.6342,15.0753,817,7.5984,7.0862,8.1378,4031,37.4898,36.3413,38.6654,3.7505,313,308,5,
8481122,Simon Benoit,4632.68,1292,16.7333,15.8332,17.6712,1033,13.3789,12.5753,14.2203,587,7.6025,6.9998,8.2432,2912,37.7146,36.3571,39.1099,3.8221,314,316,-2,
8476885,Jacob Trouba,6455.68,1732,16.0974,15.3482,16.8738,1585,14.7312,14.0148,15.4747,743,6.9055,6.4179,7.4205,4060,37.7342,36.5823,38.9131,3.8672,315,321,-6,
8482073,Braden Schneider,5054.92,1399,16.6056,15.7468,17.4991,1174,13.9349,13.1491,14.7555,612,7.2642,6.7,7.8632,3185,37.8048,36.5031,39.141,3.827,316,317,-1,
8478854,Ryan Shea,1689.88,461,16.368,14.9078,17.9326,369,13.1015,11.7987,14.5089,235,8.3438,7.311,9.4815,1065,37.8133,35.5761,40.1543,3.7779,317,311,6,
8481056,Spencer Stastney,1240.53,363,17.557,15.7971,19.4593,304,14.7034,13.0968,16.4526,117,5.6589,4.68,6.782,784,37.9192,35.311,40.669,3.9744,318,327,-9,
8482511,Mason Lohrei,2477.1,695,16.8342,15.6057,18.1337,555,13.4431,12.3478,14.6095,320,7.751,6.9249,8.6485,1570,38.0283,36.1703,39.9571,3.8681,319,322,-3,
8474166,Alec Martinez,3393.17,940,16.6216,15.5759,17.7191,868,15.3485,14.3443,16.4045,344,6.0828,5.4569,6.7608,2152,38.0529,36.462,39.6954,3.9554,320,326,-6,
8476470,Nathan Beaulieu,888.27,229,15.4683,13.5296,17.6069,218,14.7253,12.8353,16.8152,117,7.903,6.536,9.4716,564,38.0967,35.017,41.3746,3.801,321,315,6,
8483460,David Jiricek,944.68,256,16.2594,14.3285,18.378,238,15.1162,13.2566,17.1636,106,6.7324,5.5119,8.1427,600,38.108,35.1194,41.283,3.8625,322,320,2,
8483490,Pavel Mintyukov,2648.07,749,16.9709,15.7771,18.231,585,13.255,12.2025,14.3739,364,8.2475,7.4219,9.1399,1698,38.4734,36.665,40.3479,3.8765,323,323,0,
8482733,Logan Mailloux,802.53,243,18.1675,15.9549,20.6011,167,12.4855,10.6636,14.5293,105,7.8501,6.4206,9.5031,515,38.5031,35.2491,41.9767,3.9835,324,329,-5,
8475906,John Klingberg,3594.63,988,16.4913,15.4788,17.5525,837,13.9708,13.0403,14.9503,485,8.0954,7.3909,8.849,2310,38.5575,37.001,40.1626,3.8509,325,319,6,
8483768,Victor Mancini,618.43,206,19.986,17.3498,22.9096,131,12.7095,10.6264,15.0817,61,5.9182,4.5269,7.6022,398,38.6137,34.9128,42.6001,4.1034,326,332,-6,
8482803,Olen Zellweger,2038.82,582,17.1276,15.7642,18.5774,463,13.6256,12.4125,14.9251,268,7.8869,6.9708,8.8899,1313,38.6401,36.578,40.7881,3.9277,327,325,2,
8481607,Albert Johansson,1590.3,465,17.5439,15.9853,19.2133,337,12.7146,11.3932,14.1472,229,8.6399,7.557,9.8344,1031,38.8983,36.5599,41.3471,3.9028,328,324,4,
8483485,Denton Mateychuk,1448.53,419,17.3555,15.7333,19.0996,303,12.5506,11.1771,14.0464,219,9.0712,7.9095,10.3556,941,38.9774,36.5264,41.5495,3.8324,329,318,11,LOW_DANGER_MIX
8483495,Simon Nemec,1998.25,591,17.7455,16.3435,19.2357,452,13.5719,12.3494,14.8827,274,8.2272,7.2818,9.2613,1317,39.5446,37.4375,41.7394,3.9825,330,328,2,
8479985,Cale Fleury,573.8,165,17.2534,14.7212,20.0961,152,15.894,13.4677,18.6312,68,7.1105,5.5216,9.0142,385,40.2579,36.3365,44.4871,4.1021,331,331,0,
8483425,Lian Bichsel,864.4,258,17.9084,15.7896,20.2322,203,14.0907,12.2189,16.1681,131,9.093,7.6026,10.7901,592,41.0921,37.8482,44.5397,4.1103,332,333,-1,
8481525,Matthew Robertson,760.23,201,15.8636,13.7462,18.2148,219,17.2842,15.0707,19.7313,102,8.0502,6.5639,9.7723,522,41.1979,37.739,44.8885,4.0905,333,330,3,
8481806,Louis Crevier,1576.45,508,19.3346,17.6896,21.0914,375,14.2726,12.8644,15.7928,203,7.7262,6.6999,8.8653,1086,41.3334,38.9113,43.8667,4.2713,334,334,0,
8482100,Alexander Nikishin,770.43,266,20.7156,18.3007,23.3606,188,14.6411,12.6229,16.8902,87,6.7754,5.4268,8.3574,541,42.1321,38.6562,45.8368,4.4872,335,337,-2,
8483678,Elias Pettersson,870.47,286,19.7136,17.4948,22.1358,233,16.0604,14.0642,18.2604,104,7.1686,5.8572,8.6859,623,42.9425,39.6362,46.4509,4.4938,336,338,-2,
8481563,Drew Helleson,1268.68,426,20.1469,18.2789,22.154,313,14.8027,13.2081,16.5369,194,9.1749,7.9292,10.5607,933,44.1245,41.3382,47.0491,4.4655,337,336,1,
8483506,Sam Rinzel,711.12,245,20.6717,18.1641,23.4288,192,16.1999,13.9894,18.6605,90,7.5937,6.1062,9.3339,527,44.4653,40.7495,48.4289,4.6128,338,339,-1,
8485366,Matthew Schaefer,1085.67,366,20.2272,18.2078,22.4094,264,14.5901,12.8831,16.4604,175,9.6715,8.2916,11.2154,805,44.4888,41.4682,47.6712,4.4556,339,335,4,
8484240,Tom Willander,685.23,246,21.5401,18.9323,24.4068,177,15.4984,13.2992,17.9574,94,8.2308,6.6513,10.0724,517,45.2693,41.4507,49.345,4.7335,340,341,-1,
8484783,Artyom Levshunov,919.32,353,23.0389,20.6979,25.5721,230,15.0111,13.1337,17.0817,122,7.9624,6.6123,9.5072,705,46.0124,42.6782,49.538,4.8423,341,342,-1,
8482178,Ian Moore,552.85,174,18.884,16.1823,21.9078,167,18.1243,15.4796,21.0912,84,9.1164,7.2716,11.2867,425,46.1246,41.8431,50.7254,4.6704,342,340,2,
8484806,Sam Dickinson,688.27,269,23.4502,20.7313,26.4266,183,15.9531,13.7254,18.4394,88,7.6714,6.1527,9.4514,540,47.0748,43.1875,51.218,4.9722,343,343,0,
8484798,Zeev Buium,771.22,318,24.7401,22.0954,27.6143,218,16.9602,14.7834,19.3673,108,8.4023,6.8926,10.1444,644,50.1027,46.3073,54.1262,5.3142,344,344,0,
8481219,Jonathan Aspirot,523.75,224,25.6611,22.4104,29.2508,149,17.0692,14.4385,20.0405,108,12.3723,10.1492,14.9376,481,55.1026,50.2877,60.2542,5.5821,345,345,0,
8482165,Yan Kuznetsov,621.07,294,28.4027,25.2486,31.842,199,19.225,16.6466,22.0897,96,9.2744,7.5123,11.3256,589,56.9021,52.3989,61.6888,6.0241,346,347,-1,
8484223,Axel Sandin-Pellikka,523.05,225,25.8102,22.5476,29.4121,171,19.6157,16.7858,22.7862,111,12.733,10.4747,15.3338,507,58.1589,53.2059,63.4488,5.8459,347,346,1,
