player_id,player_name,position,PP_TOI_min,CNFI_n,CNFI_per60,CNFI_lo95,CNFI_hi95,MNFI_n,MNFI_per60,MNFI_lo95,MNFI_hi95,FNFI_n,FNFI_per60,FNFI_lo95,FNFI_hi95,total_n,total_per60,total_lo95,total_hi95,P5_weighted,rank
8480884,Calen Addison,D,247.27,125,30.3316,26.6465,34.0711,79,19.1696,15.8887,22.823,76,18.4416,15.2067,22.0698,280,67.9428,59.1879,60.0,6.7674,1
8475197,Tyson Barrie,D,439.62,229,31.2545,28.4279,34.0054,130,17.7427,15.2845,20.3825,121,16.5144,14.1216,19.112,480,65.5116,59.5236,60.0,6.6577,2
8480803,Evan Bouchard,D,880.65,464,31.613,29.6196,33.5674,248,16.8966,15.1679,18.7257,230,15.6702,13.9887,17.4638,942,64.1799,59.7563,60.0,6.5443,3
8480036,Miro Heiskanen,D,827.45,404,29.2948,27.2745,31.3534,284,20.5934,18.7102,22.5858,195,14.1398,12.4874,15.9543,883,64.028,59.7401,60.0,6.5343,4
8476462,Dougie Hamilton,D,516.32,245,28.4709,25.9239,31.0752,162,18.8257,16.5245,21.3149,153,17.7798,15.5235,20.2384,560,65.0763,59.5912,60.0,6.3996,5
8476853,Morgan Rielly,D,730.93,353,28.9767,26.8115,31.1472,244,20.0292,18.0331,22.1259,147,12.0668,10.4181,13.9008,744,61.0726,59.6918,60.0,6.3765,6
8480800,Quinn Hughes,D,945.32,431,27.3559,25.4742,29.2773,302,19.1682,17.4376,20.9992,263,16.6928,15.0404,18.4641,996,63.2169,59.7695,60.0,6.3354,7
8477986,Brandon Montour,D,807.05,415,30.8531,28.7869,32.9151,210,15.6124,13.8682,17.4948,225,16.7276,14.9385,18.6445,850,63.1931,59.73,60.0,6.3114,8
8479323,Adam Fox,D,917.93,415,27.1262,25.2084,29.0639,274,17.9098,16.1858,19.732,260,16.9947,15.3017,18.7937,949,62.0306,59.7581,60.0,6.1217,9
8475906,John Klingberg,D,389.42,180,27.7338,24.8269,30.7439,107,16.4862,13.983,19.2886,108,16.6403,14.1282,19.4489,395,60.8603,59.4221,60.0,6.0376,10
8477447,Shea Theodore,D,525.17,243,27.7626,25.2377,30.3375,146,16.6804,14.4891,19.0758,121,13.8242,11.7892,16.1029,510,58.2672,57.2039,58.9566,5.9704,11
8482730,Brandt Clarke,D,200.57,99,29.6161,25.4527,33.6685,49,14.6585,11.3755,18.4549,39,11.6669,8.7186,15.2536,187,55.9415,53.1897,57.4836,5.9652,12
8474578,Erik Karlsson,D,789.1,359,27.2969,25.2336,29.3933,196,14.9031,13.172,16.7842,218,16.5758,14.7743,18.5117,773,58.7758,58.0388,59.2488,5.8154,13
8481059,Scott Perunovich,D,142.77,54,22.6944,18.1407,27.5581,51,21.4336,16.9695,26.2777,28,11.7675,8.3452,16.1062,133,55.8954,52.5637,57.6945,5.6546,14
8477950,Tony DeAngelo,D,440.4,182,24.7956,22.1136,27.6125,121,16.485,14.1216,19.112,130,17.7112,15.2845,20.3825,433,58.9918,58.0517,59.5364,5.6381,15
8482684,Luke Hughes,D,377.27,149,23.6968,20.8301,26.7238,122,19.4027,16.7019,22.3445,79,12.5641,10.2899,15.2076,350,55.6635,53.8683,57.019,5.6362,16
8477504,Josh Morrissey,D,847.7,369,26.1177,24.1283,28.1237,240,16.9871,15.2238,18.8558,175,12.3865,10.829,14.0941,784,55.4913,54.2863,56.4273,5.5783,17
8476792,Torey Krug,D,407.78,130,19.1278,16.5172,21.9211,146,21.482,18.7712,24.3291,97,14.2723,11.9402,16.8827,373,54.8821,52.9818,56.2604,5.3138,18
8476906,Shayne Gostisbehere,D,721.57,282,23.449,21.3398,25.5995,183,15.2169,13.3857,17.1864,224,18.6261,16.6551,20.6954,689,57.292,56.1904,58.0363,5.2894,19
8480069,Cale Makar,D,1077.28,402,22.3897,20.6922,24.1529,279,15.5391,14.0266,17.1626,356,19.8277,18.1859,21.5521,1037,57.7564,56.9893,58.3565,5.2263,20
8480871,Adam Boqvist,D,252.42,90,21.3932,18.032,25.0825,69,16.4015,13.3476,19.9172,78,18.5408,15.3398,22.1463,237,56.3354,54.2475,57.816,5.2034,21
8485366,Matthew Schaefer,D,135.28,55,24.3932,19.6919,29.5045,31,13.7489,10.005,18.4483,37,16.41,12.352,21.287,123,54.5522,51.0631,56.9053,5.1177,22
8478407,Vince Dunn,D,591.3,241,24.4546,22.1329,26.8725,123,12.481,10.6397,14.5611,151,15.3222,13.3196,17.5298,515,52.2577,50.5198,53.7608,5.1079,23
8474600,Roman Josi,D,882.48,308,20.9409,19.1076,22.8756,258,17.5414,15.8067,19.4033,257,17.4734,15.741,19.3335,823,55.9557,54.8801,56.8673,5.0782,24
8477932,Aaron Ekblad,D,808.78,327,24.2587,22.2549,26.3037,161,11.9439,10.3769,13.6751,200,14.8371,13.1239,16.6857,688,51.0396,49.4521,52.401,5.0086,25
8482142,Jamie Drysdale,D,383.97,134,20.9393,18.1796,23.8749,85,13.2824,10.9622,15.9315,107,16.7202,14.1699,19.5307,326,50.9419,48.5818,52.8785,4.8986,26
8481581,Thomas Harley,D,466.23,183,23.5504,20.9648,26.2649,103,13.2552,11.1433,15.654,76,9.7805,7.9395,11.9619,362,46.5861,44.2106,48.7367,4.8801,27
8480865,Noah Dobson,D,780.85,269,20.6698,18.7163,22.7067,195,14.9837,13.2359,16.8727,190,14.5995,12.8694,16.4747,654,50.2529,48.592,51.6964,4.8482,28
8479325,Charlie McAvoy,D,909.4,328,21.6406,19.8157,23.5549,216,14.2512,12.6657,15.9817,183,12.0739,10.592,13.7172,727,47.9657,46.3517,49.4705,4.8397,29
8479345,Jakob Chychrun,D,660.32,234,21.2625,19.1392,23.5073,148,13.4481,11.6442,15.4564,181,16.4467,14.4951,18.5707,563,51.1573,49.4385,52.68,4.7852,30
8476979,Erik Gustafsson,D,390.32,139,21.3673,18.6293,24.308,89,13.6812,11.3594,16.3434,92,14.1424,11.7878,16.829,320,49.1908,46.7614,51.325,4.768,31
8478469,Thomas Chabot,D,746.13,272,21.8728,19.8508,23.9858,175,14.0726,12.335,15.9783,117,9.4085,7.9504,11.0809,564,45.3538,43.4371,47.1293,4.6492,32
8480883,Ty Smith,D,116.4,41,21.134,16.3457,26.6318,25,12.8866,9.0273,17.929,34,17.5258,13.0782,22.8901,100,51.5464,47.2586,54.7969,4.6413,33
8471724,Kris Letang,D,853.28,319,22.431,20.5282,24.4166,179,12.5867,11.0311,14.3067,152,10.6881,9.2384,12.3181,650,45.7058,43.9382,47.3628,4.6413,33
8474590,John Carlson,D,913.8,326,21.4051,19.5767,23.2962,185,12.1471,10.6577,13.7806,192,12.6067,11.0938,14.2597,703,46.1589,44.4441,47.7183,4.6192,35
8475167,Victor Hedman,D,967.27,304,18.8573,17.1537,20.6594,223,13.8328,12.3095,15.4917,269,16.6862,15.0514,18.4355,796,49.3762,47.8711,50.7552,4.6057,36
8483457,Lane Hutson,D,276.08,105,22.8192,19.5102,26.339,52,11.3009,8.8001,14.3219,32,6.9544,5.0001,9.5457,189,41.0746,37.6651,44.2044,4.5021,37
8482105,Jake Sanderson,D,832.5,291,20.973,19.0867,22.9673,169,12.1802,10.6308,13.9079,173,12.4685,10.9038,14.2092,633,45.6216,43.8404,47.3138,4.4698,38
8474602,Justin Schultz,D,342.72,116,20.3083,17.4098,23.3884,68,11.9049,9.5701,14.621,75,13.1304,10.6898,15.9232,259,45.3436,42.4159,47.8573,4.3684,39
8477495,Seth Jones,D,863.45,284,19.7348,17.9131,21.6679,172,11.9521,10.4406,13.6359,195,13.5503,11.9582,15.3023,651,45.2371,43.4723,46.9138,4.3424,40
8478178,Darren Raddysh,D,336.72,99,17.6409,14.8608,20.6703,69,12.2952,9.9064,15.0626,82,14.6117,12.0342,17.5117,250,44.5478,41.5544,47.1392,4.164,41
8480990,Declan Chisholm,D,132.35,47,21.3071,16.7703,26.4455,18,8.1602,5.2817,12.316,25,11.3336,7.9022,15.8791,90,40.8009,35.8908,45.3103,4.1383,42
8474563,Drew Doughty,D,771.4,225,17.5006,15.6501,19.4932,163,12.6782,11.0435,14.4978,143,11.1226,9.5772,12.8667,531,41.3015,39.3099,43.2238,4.0793,43
8481542,Moritz Seider,D,1009.58,312,18.5423,16.871,20.2851,194,11.5295,10.1381,13.0514,202,12.005,10.5893,13.5471,708,42.0768,40.3222,43.7052,4.0507,44
8478397,Rasmus Andersson,D,982.98,302,18.4337,16.7507,20.206,186,11.3532,9.9575,12.8937,188,11.4753,10.0731,13.0212,676,41.2621,39.4822,42.9531,4.0323,45
8480434,Sean Durzi,D,624.73,183,17.5755,15.5086,19.7793,121,11.621,9.872,13.5847,121,11.621,9.872,13.5847,425,40.8174,38.5454,42.9226,4.006,46
8475227,Chris Wideman,D,143.5,38,15.8885,11.9228,20.4801,35,14.6341,10.8161,19.1518,21,8.7805,5.8442,12.7601,94,39.3031,34.3177,43.5393,3.9823,47
8470613,Brent Burns,D,926.98,269,17.4113,15.7128,19.2131,165,10.6798,9.2828,12.2359,231,14.9517,13.3452,16.682,665,43.0428,41.2518,44.7247,3.9716,48
8478460,Zach Werenski,D,667.65,173,15.5471,13.6323,17.6109,151,13.57,11.7568,15.5569,149,13.3902,11.5871,15.3694,473,42.5073,40.3497,44.4776,3.9415,49
8475171,Oliver Ekman-Larsson,D,700.1,212,18.1688,16.1982,20.2738,123,10.5414,8.9587,12.3394,128,10.9699,9.3587,12.7919,463,39.68,37.5345,41.7312,3.9383,50
8482511,Mason Lohrei,D,218.25,67,18.4192,14.9921,22.289,36,9.8969,7.3039,13.2084,35,9.622,7.0657,12.9057,138,37.9381,34.0354,41.6515,3.869,51
8480878,Nils Lundkvist,D,231.67,68,17.6115,14.2969,21.2799,41,10.6187,7.9815,13.8573,35,9.0647,6.631,12.1549,144,37.295,33.4059,40.8409,3.8323,52
8480839,Rasmus Dahlin,D,916.0,235,15.393,13.7595,17.1485,187,12.2489,10.7584,13.8877,243,15.917,14.263,17.6887,665,43.559,41.772,45.2327,3.8287,53
8481606,Jordan Spence,D,312.98,91,17.445,14.5923,20.6003,51,9.7769,7.5693,12.4738,60,11.5022,9.1156,14.3362,202,38.7241,35.4539,41.7787,3.8136,54
8479410,Mikhail Sergachev,D,838.37,232,16.6037,14.8575,18.4867,167,11.9518,10.4182,13.6605,127,9.0891,7.732,10.645,526,37.6446,35.6664,39.5858,3.7964,55
8482122,Brock Faber,D,583.15,173,17.7999,15.6652,20.1034,89,9.1572,7.5447,11.0472,85,8.7456,7.1682,10.6058,347,35.7026,33.2913,38.0576,3.7119,56
8474716,Jared Spurgeon,D,655.97,175,16.0069,14.0612,18.114,119,10.8847,9.2277,12.7631,102,9.3297,7.7863,11.1129,396,36.2214,33.9437,38.4229,3.6054,57
8474565,Alex Pietrangelo,D,698.6,188,16.1466,14.2447,18.1815,122,10.4781,8.8917,12.2659,119,10.2204,8.652,11.9934,429,36.8451,34.6266,38.9468,3.599,58
8477018,Ben Hutton,D,135.33,43,19.064,14.7528,24.072,19,8.4236,5.5193,12.5625,8,3.5468,1.8198,6.7547,70,31.0345,26.0935,36.0672,3.5964,59
8476891,Matt Grzelcyk,D,448.55,125,16.7205,14.3371,19.2961,80,10.7011,8.7332,12.9753,57,7.6246,5.9572,9.6564,262,35.0463,32.244,37.6933,3.58,60
8483466,Kevin Korchinski,D,142.63,42,17.6677,13.5142,22.3781,18,7.5719,4.8675,11.412,21,8.8338,5.886,12.845,81,34.0734,29.0713,38.6922,3.4468,61
8483495,Simon Nemec,D,177.47,41,13.8618,10.5352,17.9455,32,10.8189,7.8644,14.6443,32,10.8189,7.8644,14.6443,105,35.4996,31.1769,39.7719,3.4227,62
8478430,Oliver Kylington,D,152.6,38,14.941,11.1978,19.3458,28,11.0092,7.7855,15.107,15,5.8978,3.6189,9.3272,81,31.848,27.0343,36.4087,3.3649,63
8481708,Zac Jones,D,108.73,24,13.2434,9.1598,18.4054,20,11.0362,7.3221,15.9893,21,11.588,7.7764,16.5985,65,35.8676,30.1479,41.0182,3.2512,64
8478396,Noah Hanifin,D,823.0,192,13.9976,12.3407,15.8032,129,9.4046,8.0104,10.9902,137,9.9878,8.5546,11.6071,458,33.39,31.3425,35.4061,3.2414,65
8482803,Olen Zellweger,D,205.93,52,15.1505,11.8805,18.9546,23,6.7012,4.5335,9.7177,51,14.8592,11.6168,18.6464,126,36.7109,32.6179,40.5349,3.2296,66
8480873,Rasmus Sandin,D,496.23,123,14.872,12.7208,17.2697,76,9.1892,7.452,11.2549,59,7.1337,5.6009,9.0247,258,31.195,28.5725,33.8283,3.2108,67
8474031,Kevin Shattenkirk,D,459.43,118,15.4103,13.1539,17.9378,61,7.9663,6.2921,10.0213,70,9.1417,7.3506,11.2962,249,32.5183,29.8045,35.2512,3.1944,68
8475753,Justin Faulk,D,768.85,160,12.4862,10.8515,14.2902,153,11.9399,10.3362,13.7185,114,8.8964,7.4927,10.5064,427,33.3225,31.1973,35.4017,3.1676,69
8480145,Neal Pionk,D,803.22,190,14.1929,12.5108,16.0332,114,8.5158,7.1718,10.0689,121,9.0387,7.6564,10.6253,425,31.7473,29.681,33.8141,3.0912,70
8476422,Mike Reilly,D,241.87,53,13.1477,10.2908,16.5171,39,9.6748,7.2112,12.763,37,9.1786,6.7802,12.2178,129,32.0011,28.2104,35.6946,3.0272,71
8484304,Uvis Balinskis,D,157.43,43,16.3879,12.6093,20.905,12,4.5734,2.6556,7.7303,23,8.7656,5.9786,12.6142,78,29.7269,25.1772,34.4498,2.976,72
8477220,Nate Schmidt,D,625.27,142,13.6262,11.7644,15.6996,84,8.0606,6.5929,9.8032,99,9.4999,7.9124,11.346,325,31.1867,28.8497,33.5356,2.9703,73
8476854,Hampus Lindholm,D,700.85,165,14.1257,12.328,16.0904,83,7.1057,5.7924,8.6655,88,7.5337,6.1818,9.1273,336,28.7651,26.5528,30.9786,2.9454,74
8483485,Denton Mateychuk,D,129.1,36,16.7312,12.5349,21.7202,11,5.1123,2.8968,8.775,8,3.718,1.9053,7.0564,55,25.5616,20.6616,30.7568,2.937,75
8479425,Filip Hronek,D,819.65,179,13.1032,11.482,14.8707,106,7.7594,6.4813,9.2383,117,8.5646,7.2245,10.0974,402,29.4272,27.3692,31.4656,2.9194,76
8477346,MacKenzie Weegar,D,844.8,179,12.7131,11.1371,14.4395,114,8.0966,6.8113,9.5763,134,9.517,8.1302,11.0848,427,30.3267,28.3,32.3362,2.8786,77
8476923,Damon Severson,D,636.87,139,13.0954,11.2726,15.1154,88,8.2906,6.8108,10.0272,77,7.2543,5.8686,8.9096,304,28.6402,26.3221,30.9628,2.8764,78
8479439,Jacob MacDonald,D,102.5,17,9.9512,6.4045,15.0474,20,11.7073,7.8402,17.013,17,9.9512,6.4045,15.0474,54,31.6098,25.9948,37.4066,2.8731,79
8480222,Sebastian Aho,D,204.57,46,13.4919,10.3591,17.1761,27,7.9192,5.5271,11.0907,26,7.6259,5.2824,10.7608,99,29.037,24.928,33.0609,2.8443,80
8470600,Ryan Suter,D,581.72,124,12.7897,10.9037,14.8891,85,8.7672,7.1806,10.6236,35,3.61,2.6133,4.9493,244,25.1669,22.7888,27.5841,2.8053,81
8481178,Egor Zamula,D,173.33,41,14.1923,10.7863,18.3386,17,5.8846,3.7356,9.1036,18,6.2308,4.0099,9.5078,76,26.3077,22.0478,30.8272,2.7805,82
8475764,Cam Fowler,D,924.1,178,11.5572,10.1103,13.1593,129,8.3757,7.1251,9.8072,117,7.5966,6.4029,8.9774,424,27.5295,25.6188,29.4665,2.6846,83
8481605,Jackson LaCombe,D,477.6,101,12.6884,10.6245,15.0073,46,5.7789,4.3755,7.5589,64,8.0402,6.3758,10.0414,211,26.5075,23.853,29.1738,2.6457,84
8478013,Jake Walman,D,516.57,103,11.9636,10.0242,14.1492,59,6.8529,5.3707,8.6653,65,7.5498,5.9927,9.4256,227,26.3664,23.8138,28.9287,2.6037,85
8477498,Darnell Nurse,D,848.65,183,12.9382,11.3521,14.6674,92,6.5044,5.3514,7.8638,77,5.4439,4.3906,6.714,352,24.8866,22.9154,26.8834,2.6007,86
8481546,Cam York,D,515.33,106,12.3415,10.3888,14.5716,50,5.8215,4.4652,7.5433,79,9.1979,7.491,11.2248,235,27.3609,24.8264,29.9697,2.5975,87
8480073,Erik Brannstrom,D,390.87,79,12.1269,9.914,14.6794,51,7.8288,6.037,10.0466,25,3.8376,2.6208,5.561,155,23.7933,20.9501,26.7412,2.5686,88
8476875,Mike Matheson,D,834.2,157,11.2923,9.7902,12.9712,102,7.3364,6.1069,8.7772,122,8.7749,7.4352,10.3133,381,27.4035,25.3981,29.4458,2.5543,89
8478038,Devon Toews,D,985.27,182,11.0833,9.7065,12.6131,123,7.4904,6.3405,8.8192,123,7.4904,6.3405,8.8192,428,26.064,24.2325,27.9402,2.5387,90
8470966,Mark Giordano,D,389.28,65,10.0184,7.9989,12.4431,55,8.4771,6.6157,10.7717,43,6.6276,4.9865,8.7353,163,25.1231,22.261,28.1168,2.4789,91
8478452,Caleb Jones,D,187.23,38,12.1773,9.1068,15.9951,18,5.7682,3.7053,8.8207,18,5.7682,3.7053,8.8207,74,23.7137,19.7046,28.034,2.4601,92
8481524,Bowen Byram,D,610.48,116,11.4008,9.6599,13.3925,68,6.6832,5.3335,8.3354,68,6.6832,5.3335,8.3354,252,24.7673,22.4821,27.1569,2.435,93
8475200,Dmitry Orlov,D,603.48,112,11.1354,9.4033,13.124,67,6.6613,5.3068,8.3219,54,5.3688,4.157,6.901,233,23.1655,20.9023,25.5521,2.3687,94
8479398,Samuel Girard,D,626.13,103,9.8701,8.2533,11.7367,74,7.0911,5.7131,8.7517,64,6.1329,4.8527,7.7068,241,23.0941,20.8606,25.4216,2.3324,95
8482111,Justin Barron,D,246.33,44,10.7172,8.1613,13.8946,27,6.5765,4.592,9.2987,23,5.6022,3.7866,8.183,94,22.8958,19.4188,26.6524,2.3123,96
8470281,Duncan Keith,D,135.63,21,9.2898,6.196,13.4726,17,7.5203,4.7716,11.4646,13,5.7508,3.4029,9.4009,51,22.5608,17.8872,27.5249,2.2879,97
8473507,Jeff Petry,D,571.68,97,10.1805,8.4633,12.1509,67,7.0319,5.5978,8.7646,53,5.5625,4.2922,7.1528,217,22.7748,20.4321,25.189,2.2854,98
8483565,Nick Blankenburg,D,233.85,43,11.0327,8.363,14.3012,20,5.1315,3.3605,7.6994,25,6.4144,4.4051,9.1774,88,22.5786,18.9885,26.3799,2.2617,99
8471274,Alex Goligoski,D,236.4,38,9.6447,7.1769,12.7967,29,7.3604,5.2161,10.2545,25,6.3452,4.3672,9.1021,92,23.3503,19.7907,27.2007,2.238,100
8482671,Owen Power,D,716.55,116,9.7132,8.1986,11.4319,87,7.2849,5.9661,8.8367,72,6.0289,4.8302,7.4755,275,23.027,20.9196,25.18,2.2368,101
8480058,Pierre-Olivier Joseph,D,177.13,36,12.1942,9.0412,16.1217,13,4.4035,2.6053,7.2956,12,4.0647,2.3523,6.8851,61,20.6624,16.7152,25.0367,2.2325,102
8479976,Juuso Välimäki,D,324.5,52,9.6148,7.4724,12.2643,37,6.8413,5.0396,9.2066,30,5.547,3.9377,7.7463,119,22.0031,18.998,25.2627,2.2118,103
8480817,K'Andre Miller,D,664.55,119,10.7441,9.101,12.594,66,5.9589,4.7264,7.4596,38,3.4309,2.5147,4.6476,223,20.1339,18.0295,22.3246,2.1907,104
8476869,Brady Skjei,D,796.85,149,11.2192,9.6845,12.9298,68,5.1202,4.0715,6.4056,63,4.7437,3.7362,5.9917,280,21.083,19.1376,23.1061,2.1672,105
8480043,Timothy Liljegren,D,451.2,71,9.4415,7.6035,11.635,51,6.7819,5.2237,8.7383,35,4.6543,3.3796,6.3611,157,20.8777,18.336,23.5918,2.135,106
8478500,Ivan Provorov,D,934.05,163,10.4705,9.0914,12.0108,83,5.3316,4.3356,6.5303,80,5.1389,4.1616,6.3205,326,20.9411,19.1485,22.8101,2.1065,107
8477506,Ryan Pulock,D,613.02,103,10.0813,8.4309,11.9803,56,5.4811,4.2612,7.0067,48,4.6981,3.574,6.1376,207,20.2605,18.0816,22.5618,2.074,108
8482858,Ryker Evans,D,222.02,42,11.3505,8.5873,14.7498,16,4.324,2.6908,6.8314,18,4.8645,3.114,7.4708,76,20.539,16.9849,24.418,2.0563,109
8476525,Colin Miller,D,252.53,42,9.9789,7.5134,13.007,21,4.9894,3.2957,7.4132,25,5.9398,4.0698,8.508,88,20.9081,17.5085,24.5037,2.0541,110
8476885,Jacob Trouba,D,783.7,128,9.7997,8.3427,11.4461,61,4.6702,3.6628,5.921,69,5.2826,4.208,6.5942,258,19.7525,17.8256,21.7642,2.0183,111
8483490,Pavel Mintyukov,D,314.47,46,8.7768,6.6996,11.3927,32,6.1056,4.387,8.4197,26,4.9608,3.4279,7.1135,104,19.8431,16.8881,23.102,2.0005,112
8481598,Philip Broberg,D,310.18,50,9.6717,7.472,12.3803,25,4.8358,3.3131,6.9803,22,4.2555,2.8398,6.3065,97,18.7631,15.8306,21.9927,1.9418,113
8478055,Gustav Forsling,D,839.67,133,9.5038,8.1125,11.0741,66,4.7162,3.7341,5.9247,57,4.073,3.1645,5.2144,256,18.293,16.4748,20.2033,1.9327,114
8475218,Mattias Ekholm,D,813.05,112,8.2652,6.9461,9.7897,75,5.5347,4.4539,6.8464,78,5.7561,4.6533,7.0876,265,19.556,17.677,21.5356,1.8935,115
8479982,Conor Timmins,D,219.08,30,8.2161,5.8601,11.3292,20,5.4774,3.5938,8.2106,19,5.2035,3.3746,7.8912,69,18.8969,15.4308,22.76,1.868,116
8475181,Nick Leddy,D,491.73,66,8.0531,6.4109,10.0268,52,6.3449,4.8908,8.1587,28,3.4165,2.3799,4.8613,146,17.8145,15.4849,20.3138,1.8644,117
8481568,Alex Vlasic,D,414.27,64,9.2694,7.3774,11.5544,29,4.2002,2.9527,5.9275,32,4.6347,3.3169,6.4249,125,18.1043,15.5817,20.8687,1.8469,118
8477499,Rasmus Ristolainen,D,455.78,62,8.1618,6.4519,10.2289,41,5.3973,4.0181,7.1825,43,5.6606,4.2457,7.4768,146,19.2197,16.7405,21.8608,1.8353,119
8480336,Sean Walker,D,437.33,59,8.0945,6.368,10.2151,40,5.4878,4.0764,7.3348,31,4.253,3.0253,5.9359,130,17.8354,15.3922,20.5175,1.8208,120
8480891,Michael Kesselring,D,179.43,23,7.6909,5.2301,11.1256,14,4.6814,2.8295,7.6194,20,6.6877,4.4101,9.9766,57,19.06,15.2769,23.3932,1.7851,121
8476463,Jonas Brodin,D,622.0,71,6.8489,5.4894,8.4925,59,5.6913,4.4551,7.226,42,4.0514,3.0205,5.401,172,16.5916,14.5697,18.7781,1.6778,122
8477488,Brett Pesce,D,583.0,72,7.4099,5.9538,9.1618,44,4.5283,3.4019,5.9882,30,3.0875,2.1768,4.3505,146,15.0257,13.0182,17.2293,1.5916,123
8482762,Simon Edvinsson,D,221.55,29,7.8538,5.5509,10.8787,12,3.2498,1.8713,5.5255,13,3.5206,2.0722,5.8559,54,14.6242,11.489,18.2243,1.5859,124
8477851,Jordan Oesterle,D,142.25,22,9.2794,6.2756,13.4066,3,1.2654,0.4326,3.6163,6,2.5308,1.1704,5.3469,31,13.0756,9.4965,17.5911,1.5748,125
8482655,J.J. Moser,D,671.92,72,6.4294,5.157,7.9681,54,4.822,3.7265,6.2026,55,4.9113,3.8051,6.3016,181,16.1627,14.2311,18.2477,1.5491,126
8477948,Travis Sanheim,D,794.53,97,7.3251,6.0636,8.796,47,3.5493,2.6849,4.6639,60,4.531,3.5449,5.7567,204,15.4053,13.6478,17.2851,1.5255,127
8479402,Jake Bean,D,267.35,32,7.1816,5.1712,9.8578,19,4.2641,2.7616,6.5077,13,2.9175,1.7203,4.8906,64,14.3632,11.545,17.6621,1.5252,128
8478851,Alexandre Carrier,D,591.38,66,6.6962,5.3248,8.3771,41,4.1597,3.0928,5.5658,31,3.1452,2.2318,4.4095,138,14.0011,12.0709,16.1559,1.4476,129
8478451,Ethan Bear,D,179.25,15,5.0209,3.0863,8.0189,19,6.3598,4.1407,9.5897,13,4.3515,2.5758,7.2168,47,15.7322,12.2149,19.8921,1.4445,130
8476931,Jake McCabe,D,586.72,68,6.954,5.5449,8.6561,37,3.7838,2.7644,5.1405,23,2.3521,1.5749,3.4865,128,13.0898,11.1927,15.1943,1.4336,131
8477969,Marcus Pettersson,D,574.53,74,7.728,6.2261,9.5131,28,2.9241,2.0342,4.1687,14,1.4621,0.8735,2.4271,116,12.1142,10.258,14.1882,1.4202,132
8476892,Colton Parayko,D,679.97,72,6.3533,5.0957,7.8758,53,4.6767,3.6048,6.0327,29,2.5589,1.7913,3.6346,154,13.5889,11.7959,15.5649,1.4189,133
8474056,P.K. Subban,D,101.5,9,5.3202,2.8269,9.5548,8,4.7291,2.4166,8.8313,11,6.5025,3.6776,10.9717,28,16.5517,11.8368,22.0864,1.4188,134
8475690,Chris Tanev,D,534.37,62,6.9615,5.4981,8.7636,38,4.2667,3.1369,5.77,11,1.2351,0.6924,2.1904,111,12.4634,10.5357,14.6586,1.4162,135
8484258,Sam Malinski,D,134.55,16,7.1349,4.457,11.0319,8,3.5674,1.8198,6.7547,7,3.1215,1.5205,6.1897,31,13.8239,10.005,18.4483,1.4108,136
8481567,Henry Thrun,D,177.78,17,5.7373,3.6291,8.857,15,5.0623,3.1039,8.0624,5,1.6874,0.7234,3.8437,37,12.4871,9.2841,16.4003,1.3729,137
8476902,Esa Lindell,D,799.03,89,6.6831,5.4844,8.1055,52,3.9047,2.9984,5.0611,25,1.8773,1.2769,2.7469,166,12.4651,10.8636,14.2354,1.3676,138
8476856,Mathew Dumba,D,497.05,51,6.1563,4.7348,7.9449,32,3.8628,2.7584,5.3689,33,3.9835,2.86,5.5069,116,14.0026,11.9006,16.3529,1.3555,139
8478911,Matt Roy,D,663.95,81,7.3198,5.9547,8.9447,30,2.711,1.9097,3.8259,25,2.2592,1.5378,3.2994,136,12.2901,10.5517,14.2303,1.3329,140
8479372,Joshua Mahura,D,178.15,20,6.7359,4.4353,10.0305,10,3.3679,1.8479,6.0188,6,2.0208,0.9323,4.2948,36,12.1246,8.989,16.0355,1.3309,141
8482166,Shakir Mukhamadullin,D,106.37,11,6.205,3.5363,10.5794,5,2.8204,1.2188,6.342,7,3.9486,1.9412,7.8046,23,12.974,8.9497,18.2758,1.3283,142
8478507,John Marino,D,573.82,59,6.1692,4.8316,7.8198,37,3.8688,2.8275,5.2552,24,2.5095,1.6954,3.6876,120,12.5476,10.6669,14.6523,1.3178,143
8476958,Jaccob Slavin,D,696.33,66,5.6869,4.5139,7.1323,46,3.9636,2.9948,5.2221,44,3.7913,2.8456,5.0283,156,13.4418,11.6831,15.3951,1.3049,144
8478408,Travis Dermott,D,166.25,17,6.1353,3.8956,9.4727,10,3.609,1.9828,6.4397,1,0.3609,0.0638,1.9998,28,10.1053,7.1613,13.979,1.2484,145
8474151,Ryan McDonagh,D,698.95,74,6.3524,5.1103,7.8521,34,2.9187,2.1008,4.0321,31,2.6611,1.885,3.7357,139,11.9322,10.2568,13.8034,1.2454,146
8482964,Arber Xhekaj,D,211.02,16,4.5494,2.8327,7.177,13,3.6964,2.1813,6.1527,25,7.1084,4.8933,10.1434,54,15.3542,12.1064,19.1283,1.2328,147
8482073,Braden Schneider,D,416.78,48,6.9101,5.2756,8.9589,17,2.4473,1.5364,3.8588,7,1.0077,0.4893,2.0544,72,10.3651,8.3649,12.713,1.2319,148
8475825,Jani Hakanpää,D,391.78,41,6.279,4.6823,8.3292,22,3.3692,2.2411,5.0106,4,0.6126,0.2385,1.5564,67,10.2608,8.2134,12.68,1.2293,149
8474574,Tyler Myers,D,695.88,64,5.5182,4.3601,6.9432,39,3.3626,2.4755,4.5411,30,2.5866,1.8214,3.652,133,11.4674,9.8166,13.318,1.2101,150
8476879,Cody Ceci,D,663.7,68,6.1474,4.8953,7.6683,33,2.9833,2.1363,4.1384,18,1.6272,1.0329,2.5465,119,10.7579,9.1149,12.6126,1.2058,151
8474166,Alec Martinez,D,272.1,27,5.9537,4.1472,8.4343,14,3.0871,1.8542,5.0718,18,3.9691,2.536,6.1302,59,13.0099,10.3234,16.1791,1.204,152
8482095,Tyler Kleven,D,143.28,13,5.4438,3.2338,8.9595,7,2.9313,1.4347,5.8555,9,3.7688,2.0077,6.9169,29,12.1438,8.7045,16.5642,1.2004,153
8475279,Ben Chiarot,D,670.28,67,5.9975,4.7709,7.5028,37,3.312,2.4196,4.5115,13,1.1637,0.6824,1.9747,117,10.4732,8.8654,12.3124,1.1751,154
8476988,Matt Benning,D,311.78,31,5.9657,4.253,8.2549,13,2.5017,1.4705,4.1984,9,1.732,0.9149,3.2343,53,10.1994,7.9367,12.9298,1.1624,155
8478859,Niko Mikkola,D,517.23,54,6.2641,4.8563,8.0276,22,2.552,1.696,3.8153,13,1.508,0.8852,2.5525,89,10.3242,8.5232,12.4246,1.158,156
8478970,Jalen Chatfield,D,337.93,31,5.504,3.9219,7.6346,18,3.1959,2.0369,4.9561,8,1.4204,0.7225,2.7601,57,10.1203,7.9497,12.7338,1.1432,157
8476312,Josh Manson,D,380.73,38,5.9884,4.4118,8.0362,13,2.0487,1.2028,3.4497,14,2.2063,1.3207,3.6436,65,10.2434,8.1699,12.6971,1.1268,158
8481607,Albert Johansson,D,106.43,11,6.2011,3.5363,10.5794,4,2.2549,0.8862,5.5821,4,2.2549,0.8862,5.5821,19,10.7109,7.0717,15.7839,1.1265,159
8480035,Henri Jokiharju,D,438.87,39,5.3319,3.94,7.1486,21,2.871,1.8898,4.3212,28,3.828,2.6696,5.4383,88,12.031,9.9406,14.4259,1.1237,160
8480246,Nick Perbix,D,252.02,23,5.4758,3.6952,7.9936,11,2.6189,1.4727,4.5876,9,2.1427,1.1341,3.9882,43,10.2374,7.7531,13.3166,1.1077,161
8478882,Vladislav Gavrikov,D,740.8,68,5.5076,4.382,6.8828,38,3.0778,2.2552,4.1763,25,2.0248,1.3773,2.9599,131,10.6102,9.0604,12.3542,1.1035,162
8478416,Erik Cernak,D,556.73,52,5.6041,4.3142,7.2229,25,2.6943,1.835,3.9251,9,0.9699,0.5114,1.8252,86,9.2684,7.6061,11.2058,1.0614,163
8481056,Spencer Stastney,D,103.48,11,6.3778,3.6412,10.8709,3,1.7394,0.5973,4.9296,3,1.7394,0.5973,4.9296,17,9.8567,6.3406,14.9104,1.0522,164
8476473,Connor Murphy,D,493.67,46,5.5908,4.2323,7.3186,16,1.9446,1.202,3.1177,4,0.4862,0.1892,1.238,66,8.0216,6.3846,9.987,1.0178,165
8476967,Brett Kulak,D,496.57,45,5.4373,4.1014,7.1407,18,2.1749,1.3818,3.3912,14,1.6916,1.0111,2.8034,77,9.3039,7.5466,11.3626,1.0163,166
8479980,Nicolas Hague,D,387.83,33,5.1053,3.672,7.0223,13,2.0112,1.181,3.3884,17,2.63,1.652,4.1425,63,9.7465,7.7409,12.1408,1.0051,167
8480196,Jacob Bryson,D,272.82,13,2.8591,1.6822,4.7854,20,4.3986,2.8753,6.6265,18,3.9587,2.5266,6.1083,51,11.2163,8.7024,14.2367,1.0044,168
8477369,Carson Soucy,D,472.5,43,5.4603,4.1003,7.2281,16,2.0317,1.2583,3.2611,12,1.5238,0.8761,2.6345,71,9.0159,7.2601,11.1294,1.0031,169
8477335,Kyle Burroughs,D,217.4,17,4.6918,2.9691,7.312,10,2.7599,1.5132,4.9642,5,1.3799,0.5929,3.1677,32,8.8316,6.386,12.0458,0.9669,170
8474673,TJ Brodie,D,435.27,28,3.8597,2.6944,5.4874,27,3.7219,2.5803,5.328,13,1.792,1.0528,3.0273,68,9.3736,7.5132,11.6065,0.9654,171
8476917,Adam Pelech,D,498.4,36,4.3339,3.1602,5.9074,24,2.8892,1.9558,4.2424,18,2.1669,1.379,3.3845,78,9.39,7.6408,11.4698,0.9602,172
8478443,Brandon Carlo,D,593.97,51,5.1518,3.9543,6.6681,19,1.9193,1.2343,2.965,8,0.8081,0.4104,1.5809,78,7.8792,6.3903,9.6516,0.9564,173
8475455,Brenden Dillon,D,551.27,45,4.8978,3.6957,6.4522,21,2.2856,1.5036,3.4536,9,0.9796,0.517,1.8449,75,8.163,6.5995,10.0368,0.9551,174
8477507,Nikita Zadorov,D,527.92,39,4.4325,3.27,5.963,23,2.614,1.752,3.8709,14,1.5912,0.9515,2.6407,76,8.6377,6.994,10.5873,0.9446,175
8475177,Calvin de Haan,D,266.27,19,4.2814,2.7721,6.5315,14,3.1547,1.8964,5.1837,5,1.1267,0.4833,2.5944,38,8.5628,6.3529,11.4001,0.9436,176
8472382,Andy Greene,D,102.48,7,4.0982,2.0183,8.0959,5,2.9273,1.267,6.5796,5,2.9273,1.267,6.5796,17,9.9528,6.4045,15.0474,0.9429,177
8475324,Nick Jensen,D,534.62,42,4.7137,3.5161,6.2651,22,2.4691,1.6386,3.6885,12,1.3468,0.7726,2.3276,76,8.5295,6.9012,10.4517,0.9329,178
8475208,Brian Dumoulin,D,576.53,44,4.5791,3.4376,6.0495,26,2.7058,1.856,3.9123,9,0.9366,0.4936,1.7626,79,8.2216,6.6754,10.0425,0.9266,179
8477845,Trevor van Riemsdyk,D,529.18,46,5.2156,3.9495,6.8426,16,1.8141,1.1221,2.9138,7,0.7937,0.3855,1.6236,69,7.8234,6.2628,9.7091,0.9246,180
8480049,Dylan Samberg,D,369.2,27,4.3879,3.0463,6.262,17,2.7627,1.7376,4.3521,6,0.9751,0.4484,2.101,50,8.1257,6.2588,10.4521,0.9147,181
8475188,Brayden McNabb,D,491.12,39,4.7647,3.5188,6.4046,15,1.8326,1.116,2.9874,15,1.8326,1.116,2.9874,69,8.4298,6.7543,10.4441,0.9123,182
8475797,Jarred Tinordi,D,123.68,10,4.8511,2.6636,8.526,3,1.4553,0.4957,4.1233,3,1.4553,0.4957,4.1233,16,7.7618,4.8605,11.9611,0.8939,183
8479458,Nikita Zaitsev,D,236.67,18,4.5634,2.9147,7.0109,8,2.0282,1.0321,3.911,5,1.2676,0.5426,2.9057,31,7.8592,5.622,10.7809,0.8897,184
8475718,Justin Holl,D,394.52,28,4.2584,2.9697,6.0326,18,2.7375,1.741,4.2526,7,1.0646,0.5166,2.1674,53,8.0605,6.2439,10.2802,0.8878,185
8478468,Jeremy Lauzon,D,440.8,32,4.3557,3.1119,6.0385,18,2.4501,1.5583,3.8155,7,0.9528,0.4626,1.9439,57,7.7586,6.0668,9.8276,0.8843,186
8474013,Ian Cole,D,628.57,44,4.2,3.1512,5.5564,25,2.3864,1.6238,3.4809,10,0.9546,0.5195,1.741,79,7.541,6.117,9.2273,0.8828,187
8479442,Troy Stecher,D,387.53,26,4.0255,2.7682,5.7825,18,2.7869,1.7726,4.3281,4,0.6193,0.241,1.5723,48,7.4316,5.6755,9.6126,0.8636,188
8482087,Kaiden Guhle,D,379.93,32,5.0535,3.6168,6.9878,9,1.4213,0.7506,2.6636,11,1.7371,0.9743,3.0651,52,8.212,6.3542,10.503,0.8579,189
8475762,Derek Forbort,D,362.25,28,4.6377,3.2432,6.5711,12,1.9876,1.1437,3.4224,2,0.3313,0.091,1.1951,42,6.9565,5.2194,9.1871,0.8569,190
8477938,Haydn Fleury,D,183.67,15,4.9002,3.0014,7.8082,4,1.3067,0.5091,3.2733,7,2.2868,1.1129,4.586,26,8.4936,5.8973,11.9395,0.8509,191
8474612,Travis Hamonic,D,367.78,28,4.5679,3.1898,6.4662,9,1.4683,0.7751,2.7492,8,1.3051,0.6633,2.5383,45,7.3413,5.5595,9.5827,0.8423,192
8475179,Dmitry Kulikov,D,541.6,38,4.2097,3.0902,5.6862,20,2.2157,1.4407,3.3784,11,1.2186,0.6822,2.1584,69,7.644,6.1106,9.4809,0.8379,193
8476874,Olli Määttä,D,460.35,37,4.8224,3.535,6.5342,10,1.3034,0.711,2.373,7,0.9123,0.4434,1.8645,54,7.0381,5.4657,9.0015,0.8377,194
8482245,Artem Zub,D,554.75,38,4.11,3.0172,5.555,20,2.1631,1.4068,3.3002,19,2.055,1.3214,3.1709,77,8.3281,6.7473,10.1994,0.834,195
8480727,Zach Whitecloud,D,378.1,25,3.9672,2.7117,5.7486,12,1.9043,1.0951,3.2798,9,1.4282,0.7545,2.6775,46,7.2997,5.5492,9.5107,0.8253,196
8478136,Jake Middleton,D,522.22,37,4.2511,3.1115,5.7704,17,1.9532,1.2259,3.092,10,1.1489,0.6263,2.0941,64,7.3533,5.8316,9.2119,0.821,197
8474567,Zach Bogosian,D,319.58,25,4.6936,3.2085,6.7671,6,1.1265,0.5172,2.4178,2,0.3755,0.1029,1.3499,33,6.1956,4.4626,8.4774,0.8204,198
8474027,Justin Braun,D,159.08,10,3.7716,2.071,6.7135,6,2.263,1.0444,4.7925,2,0.7543,0.2074,2.6819,18,6.7889,4.3691,10.3108,0.8041,199
8476467,Jamie Oleksiak,D,577.87,39,4.0494,2.9849,5.4547,20,2.0766,1.3506,3.1704,11,1.1421,0.6396,2.0253,70,7.2681,5.8189,9.0142,0.7934,200
8478399,Jonas Siegenthaler,D,452.43,24,3.1828,2.1562,4.6674,21,2.7849,1.8351,4.1987,9,1.1935,0.6306,2.2443,54,7.1613,5.5637,9.1574,0.7833,201
8477435,Ryan Graves,D,432.38,29,4.0242,2.8286,5.6848,13,1.804,1.0601,3.048,10,1.3877,0.7573,2.5249,52,7.2158,5.5791,9.2669,0.7796,202
8480860,Kevin Bahl,D,361.88,21,3.4818,2.2951,5.2231,15,2.487,1.5161,4.0341,6,0.9948,0.4571,2.141,42,6.9636,5.2194,9.1871,0.7673,203
8471303,Alexander Edler,D,130.97,11,5.0395,2.852,8.6467,1,0.4581,0.0809,2.5184,3,1.3744,0.4691,3.9101,15,6.872,4.2378,10.8206,0.757,204
8478840,Will Borgen,D,458.3,29,3.7966,2.6667,5.3674,14,1.8329,1.0976,3.039,11,1.4401,0.8078,2.5494,54,7.0696,5.4899,9.04,0.7534,205
8480834,Ty Emberson,D,166.02,11,3.9755,2.244,6.885,6,2.1685,1.0001,4.5963,2,0.7228,0.1986,2.5716,19,6.8668,4.4706,10.3108,0.751,206
8479998,Mikey Anderson,D,549.17,39,4.261,3.1439,5.7384,13,1.4203,0.8334,2.4053,11,1.2018,0.6734,2.1312,63,6.8832,5.4437,8.6481,0.7446,207
8479983,Mario Ferraro,D,697.67,43,3.698,2.7633,4.9172,17,1.462,0.9156,2.3194,17,1.462,0.9156,2.3194,77,6.6221,5.3503,8.1434,0.7436,208
8480796,Martin Fehérváry,D,551.83,35,3.8055,2.7564,5.2144,16,1.7397,1.0751,2.7938,12,1.3047,0.7487,2.2566,63,6.8499,5.4137,8.6019,0.7425,209
8480001,Urho Vaakanainen,D,253.23,16,3.791,2.3579,6.015,7,1.6585,0.8079,3.36,4,0.9477,0.3699,2.3964,27,6.3973,4.4631,9.0491,0.7411,210
8482929,Emil Lilleberg,D,157.6,12,4.5685,2.6386,7.6832,2,0.7614,0.2087,2.6984,4,1.5228,0.5933,3.7968,18,6.8528,4.3973,10.3733,0.7352,211
8478854,Ryan Shea,D,173.47,12,4.1507,2.4073,7.039,5,1.7294,0.7444,3.9519,1,0.3459,0.0613,1.9207,18,6.226,4.0099,9.5078,0.7219,212
8475462,Radko Gudas,D,582.8,39,4.0151,2.9591,5.4086,15,1.5443,0.9392,2.5209,6,0.6177,0.2835,1.3362,60,6.1771,4.8477,7.8142,0.7192,213
8479576,Vincent Desharnais,D,267.55,16,3.5881,2.2247,5.6861,9,2.0183,1.066,3.7548,2,0.4485,0.1229,1.6078,27,6.0549,4.2099,8.5567,0.7189,214
8475750,Jon Merrill,D,280.93,18,3.8443,2.454,5.9384,5,1.0679,0.4574,2.4582,3,0.6407,0.2182,1.8548,26,5.5529,3.8355,7.9272,0.6732,215
8473446,Erik Johnson,D,367.23,17,2.7775,1.7471,4.3754,13,2.124,1.2489,3.5793,12,1.9606,1.1281,3.3765,42,6.8621,5.1473,9.0649,0.673,216
8474618,Marco Scandella,D,188.68,6,1.908,0.8777,4.0512,12,3.8159,2.2014,6.4612,3,0.954,0.3248,2.7373,21,6.6779,4.4298,9.8332,0.6666,217
8476331,Dylan DeMelo,D,615.37,31,3.0226,2.1441,4.2396,20,1.9501,1.2689,2.9818,7,0.6825,0.3314,1.3984,58,5.6552,4.4198,7.1995,0.6661,218
8479371,Dante Fabbro,D,444.08,28,3.7831,2.6393,5.378,9,1.216,0.642,2.2842,14,1.8915,1.1324,3.1336,51,6.8906,5.3071,8.8731,0.6625,219
8477034,Jaycob Megna,D,205.42,11,3.213,1.8134,5.6109,5,1.4604,0.6277,3.349,3,0.8763,0.2993,2.5281,19,5.5497,3.6083,8.4128,0.6604,220
8481600,Tobias Bjornfot,D,112.77,7,3.7245,1.8197,7.3423,2,1.0641,0.292,3.7348,2,1.0641,0.292,3.7348,11,5.8528,3.3137,9.9564,0.6394,221
8479378,Logan Stanley,D,244.28,13,3.193,1.8838,5.3405,7,1.7193,0.8379,3.4814,3,0.7368,0.2514,2.1312,23,5.6492,3.818,8.2481,0.6344,222
8471677,Jack Johnson,D,366.02,21,3.4425,2.2698,5.1671,6,0.9836,0.4521,2.118,6,0.9836,0.4521,2.118,33,5.4096,3.8953,7.4352,0.6341,223
8478062,Dysin Mayo,D,155.82,6,2.3104,1.0647,4.8818,7,2.6955,1.3142,5.383,4,1.5403,0.6009,3.8441,17,6.5462,4.1495,10.0551,0.6252,224
8476457,Adam Larsson,D,723.23,42,3.4844,2.5957,4.6555,17,1.4103,0.8839,2.2399,7,0.5807,0.2819,1.1909,66,5.4754,4.3438,6.8698,0.6248,225
8474090,Brendan Smith,D,252.48,12,2.8517,1.6468,4.8826,8,1.9011,0.9703,3.6829,3,0.7129,0.2434,2.0646,23,5.4657,3.6952,7.9936,0.6213,226
8481593,Jayden Struble,D,111.03,7,3.7826,1.8528,7.4687,1,0.5404,0.0955,2.9565,3,1.6211,0.554,4.5878,11,5.9442,3.3744,10.1268,0.6206,227
8479388,Riley Stillman,D,109.63,5,2.7364,1.1742,6.121,3,1.6418,0.5591,4.6279,1,0.5473,0.0964,2.9824,9,4.9255,2.6184,8.8932,0.6178,228
8474568,Luke Schenn,D,369.75,15,2.4341,1.4832,3.9483,14,2.2718,1.3602,3.7502,9,1.4604,0.7709,2.7346,38,6.1663,4.5446,8.2697,0.6097,229
8480807,Mattias Samuelsson,D,440.42,21,2.8609,1.8855,4.3115,12,1.6348,0.9401,2.8236,8,1.0899,0.5545,2.1278,41,5.5856,4.1659,7.4385,0.5987,230
8481122,Simon Benoit,D,446.88,23,3.0881,2.0717,4.5615,8,1.0741,0.5458,2.0949,8,1.0741,0.5458,2.0949,39,5.2363,3.8688,7.0231,0.5924,231
8479369,Andrew Peeke,D,507.48,27,3.1922,2.2113,4.5824,10,1.1823,0.6449,2.1554,8,0.9458,0.481,1.8495,45,5.3204,4.0197,7.0023,0.5844,232
8481806,Louis Crevier,D,136.43,6,2.6387,1.2224,5.5745,4,1.7591,0.6897,4.391,3,1.3193,0.4518,3.7708,13,5.7171,3.4029,9.4009,0.584,233
8471709,Marc-Edouard Vlasic,D,298.48,14,2.8142,1.6913,4.6382,7,1.4071,0.6854,2.8611,5,1.0051,0.4312,2.3202,26,5.2264,3.6141,7.4861,0.5813,234
8476429,Scott Mayfield,D,403.57,25,3.7169,2.5358,5.3852,3,0.446,0.1517,1.2961,8,1.1894,0.604,2.315,36,5.3523,3.9035,7.254,0.5805,235
8480172,Jan Rutta,D,379.4,20,3.1629,2.065,4.806,9,1.4233,0.7525,2.6705,4,0.6326,0.2467,1.6091,33,5.2188,3.7602,7.1856,0.5729,236
8474207,Nick Holden,D,292.18,18,3.6963,2.3607,5.7197,4,0.8214,0.3204,2.0812,0,0.0,0.0,0.7791,22,4.5177,3.0167,6.6861,0.5654,237
8475747,Patrik Nemeth,D,270.93,12,2.6575,1.5305,4.5475,8,1.7717,0.902,3.4296,3,0.6644,0.2263,1.9222,23,5.0935,3.4331,7.4477,0.558,238
8480184,Gustav Lindstrom,D,133.33,6,2.7,1.2502,5.6957,3,1.35,0.462,3.8532,3,1.35,0.462,3.8532,12,5.4,3.142,9.0656,0.5364,239
8477365,Connor Clifton,D,482.57,23,2.8597,1.9163,4.2264,11,1.3677,0.7658,2.419,3,0.373,0.1269,1.086,37,4.6004,3.3651,6.2284,0.5309,240
8477810,Joel Hanley,D,174.8,6,2.0595,0.9484,4.3664,4,1.373,0.5354,3.4373,5,1.7162,0.7359,3.9079,15,5.1487,3.1578,8.1958,0.5172,241
8480192,Johnathan Kovacevic,D,379.0,12,1.8997,1.0922,3.2712,13,2.058,1.2092,3.4677,7,1.1082,0.5385,2.2577,32,5.066,3.6265,7.0059,0.5151,242
8480887,Jordan Harris,D,212.65,9,2.5394,1.3432,4.7004,5,1.4108,0.604,3.2259,1,0.2822,0.0498,1.5666,15,4.2323,2.5883,6.7757,0.5132,243
8479324,Ryan Lindgren,D,491.88,25,3.0495,2.0791,4.4361,7,0.8539,0.4145,1.7444,5,0.6099,0.2609,1.414,37,4.5133,3.303,6.1164,0.5119,244
8471873,Anton Stralman,D,162.4,5,1.8473,0.7952,4.2125,5,1.8473,0.7952,4.2125,5,1.8473,0.7952,4.2125,15,5.5419,3.4149,8.8287,0.5092,245
8477384,Joshua Brown,D,281.38,12,2.5588,1.4757,4.389,6,1.2794,0.5893,2.7476,4,0.8529,0.3329,2.1614,22,4.6911,3.1361,6.9414,0.5033,246
8478454,Noah Juulsen,D,182.17,8,2.6349,1.3463,5.0597,3,0.9881,0.3373,2.8401,1,0.3294,0.0582,1.8278,12,3.9524,2.2869,6.7019,0.4966,247
8480879,Jacob Bernard-Docker,D,172.75,7,2.4313,1.1841,4.8693,5,1.7366,0.7444,3.9519,1,0.3473,0.0613,1.9207,13,4.5152,2.6663,7.4586,0.4843,248
8480950,Ilya Lyubushkin,D,506.13,14,1.6596,0.9931,2.7542,18,2.1338,1.3571,3.3316,7,0.8298,0.403,1.6966,39,4.6233,3.4135,6.2179,0.4703,249
8475790,Erik Gudbranson,D,458.45,16,2.094,1.2969,3.3594,10,1.3088,0.7141,2.3832,4,0.5235,0.2041,1.3343,30,3.9263,2.7759,5.5181,0.4587,250
8475233,David Savard,D,506.7,21,2.4867,1.6349,3.7493,8,0.9473,0.481,1.8495,5,0.5921,0.2532,1.3726,34,4.0261,2.903,5.535,0.4545,251
8477462,Robert Hagg,D,133.52,5,2.2469,0.9625,5.0625,3,1.3481,0.4586,3.8253,0,0.0,0.0,1.6722,8,3.5951,1.8335,6.8032,0.4435,252
8471686,Marc Staal,D,308.0,10,1.9481,1.0638,3.5235,6,1.1688,0.5375,2.5105,4,0.7792,0.3037,1.9747,20,3.8961,2.5455,5.8899,0.4238,253
8481014,Alexander Romanov,D,480.65,16,1.9973,1.2346,3.2008,10,1.2483,0.6799,2.2706,5,0.6242,0.2669,1.446,31,3.8698,2.7463,5.4017,0.4204,254
8476441,Joel Edmundson,D,438.83,16,2.1876,1.3534,3.5027,7,0.9571,0.4647,1.9526,8,1.0938,0.5557,2.1326,31,4.2385,3.0114,5.9094,0.4153,255
8478450,Parker Wotherspoon,D,206.65,9,2.6131,1.3824,4.8332,1,0.2903,0.0512,1.6112,5,1.4517,0.6216,3.3173,15,4.3552,2.6641,6.9663,0.4094,256
8477971,Andreas Englund,D,134.25,4,1.7877,0.7001,4.4543,3,1.3408,0.4586,3.8253,2,0.8939,0.2462,3.1672,9,4.0223,2.1441,7.3632,0.3954,257
8476372,Nick Seeler,D,378.27,15,2.3793,1.4516,3.8661,1,0.1586,0.028,0.8899,3,0.4759,0.1622,1.3843,19,3.0137,1.9447,4.63,0.3591,258
8476470,Nathan Beaulieu,D,115.17,4,2.0839,0.8165,5.1621,0,0.0,0.0,1.9395,1,0.521,0.0922,2.8571,5,2.6049,1.1227,5.8656,0.3482,259
8481167,Brayden Pachal,D,160.03,4,1.4997,0.5858,3.7507,2,0.7498,0.2061,2.6656,2,0.7498,0.2061,2.6656,8,2.9994,1.533,5.7331,0.2832,260
8474145,Robert Bortuzzo,D,183.22,3,0.9824,0.3354,2.825,4,1.3099,0.5119,3.2907,2,0.655,0.1801,2.338,9,2.9473,1.5652,5.4488,0.251,261
8477244,Chad Ruhwedel,D,217.27,3,0.8285,0.2828,2.3911,5,1.3808,0.5929,3.1677,0,0.0,0.0,1.0437,8,2.2093,1.1278,4.2629,0.2404,262
8482176,Wyatt Kaiser,D,198.85,3,0.9052,0.3084,2.6027,1,0.3017,0.0533,1.6747,2,0.6035,0.1656,2.1539,6,1.8104,0.8334,3.8525,0.1766,263
