player_id,player_name,position,PP_TOI_min,CNFI_n,CNFI_per60,CNFI_lo95,CNFI_hi95,MNFI_n,MNFI_per60,MNFI_lo95,MNFI_hi95,FNFI_n,FNFI_per60,FNFI_lo95,FNFI_hi95,total_n,total_per60,total_lo95,total_hi95,P5_weighted,rank
8484783,Artyom Levshunov,D,107.18,62,34.7069,26.6096,44.4927,30,16.7937,11.3306,23.974,27,15.1143,9.9604,21.9905,119,66.6148,55.1849,79.7146,6.9695,1
8485366,Matthew Schaefer,D,175.95,85,28.9855,23.1526,35.841,45,15.3453,11.1929,20.5332,50,17.0503,12.6551,22.4787,180,61.3811,52.7413,71.0324,6.0619,2
8480803,Evan Bouchard,D,1084.87,500,27.6532,25.2821,30.1867,259,14.3243,12.6328,16.1793,238,13.1629,11.5436,14.9458,997,55.1404,51.7704,58.6722,5.662,3
8480036,Miro Heiskanen,D,1086.65,455,25.1231,22.8674,27.5411,317,17.5033,15.6293,19.5402,208,11.4848,9.977,13.1562,980,54.1113,50.776,57.608,5.5566,4
8480800,Quinn Hughes,D,1235.97,495,24.0298,21.9592,26.2429,329,15.9713,14.2919,17.7938,294,14.2722,12.6873,16.0005,1118,54.2733,51.1382,57.5504,5.4634,5
8476462,Dougie Hamilton,D,684.67,278,24.3622,21.5823,27.4009,178,15.5988,13.3914,18.0663,168,14.7225,12.5804,17.1248,624,54.6835,50.4766,59.1476,5.4325,6
8476853,Morgan Rielly,D,931.87,381,24.5314,22.1297,27.1227,259,16.6762,14.7069,18.8357,169,10.8814,9.3026,12.6513,809,52.089,48.561,55.8056,5.4168,7
8480884,Calen Addison,D,312.17,125,24.0256,19.9987,28.6255,79,15.1842,12.0215,18.924,76,14.6076,11.5091,18.2836,280,53.8174,47.6977,60.5045,5.3604,8
8475197,Tyson Barrie,D,548.32,229,25.0585,21.9178,28.5229,130,14.2254,11.8852,16.8915,121,13.2405,10.9866,15.8207,480,52.5244,47.9301,57.4403,5.3379,9
8477986,Brandon Montour,D,1003.27,429,25.6562,23.2855,28.2028,215,12.858,11.1966,14.6964,233,13.9345,12.2026,15.8433,877,52.4487,49.0344,56.038,5.2419,10
8482730,Brandt Clarke,D,263.35,112,25.5174,21.0109,30.704,58,13.2144,10.0342,17.0826,46,10.4803,7.6729,13.9793,216,49.2121,42.8676,56.231,5.1921,11
8477447,Shea Theodore,D,655.08,264,24.1801,21.351,27.2798,155,14.1967,12.0497,16.6159,127,11.6321,9.6972,13.84,546,50.0089,45.9016,54.3851,5.1558,12
8475906,John Klingberg,D,500.85,196,23.4801,20.3078,27.0074,116,13.8964,11.4828,16.6674,119,14.2558,11.8097,17.0591,431,51.6322,46.8722,56.7446,5.1106,13
8479323,Adam Fox,D,1172.23,437,22.3676,20.3193,24.5663,296,15.1506,13.4736,16.9786,269,13.7686,12.1722,15.5161,1002,51.2867,48.1599,54.5632,5.0839,14
8474578,Erik Karlsson,D,1018.43,394,23.2121,20.9764,25.6212,216,12.7254,11.0849,14.5404,237,13.9626,12.2414,15.858,847,49.9002,46.5958,53.3771,4.9566,15
8482684,Luke Hughes,D,505.52,178,21.1269,18.1371,24.4688,137,16.2606,13.6518,19.2227,87,10.3261,8.2708,12.7372,402,47.7136,43.1628,52.6136,4.8965,16
8477504,Josh Morrissey,D,1073.12,395,22.0852,19.9607,24.3743,250,13.978,12.2988,15.8224,188,10.5114,9.0625,12.1261,833,46.5746,43.4651,49.8479,4.6802,17
8482100,Alexander Nikishin,D,122.42,50,24.5065,18.1892,32.3087,18,8.8223,5.2287,13.9431,25,12.2532,7.9296,18.0882,93,45.582,36.7906,55.8411,4.6264,18
8477950,Tony DeAngelo,D,577.62,196,20.3595,17.6089,23.418,130,13.5038,11.2824,16.0346,134,13.9193,11.6624,16.4855,460,47.7826,43.5152,52.3553,4.6156,19
8480069,Cale Makar,D,1329.83,435,19.6265,17.8253,21.5605,303,13.6709,12.1748,15.3001,394,17.7767,16.0645,19.6216,1132,51.0741,48.1418,54.1383,4.6044,20
8476906,Shayne Gostisbehere,D,895.58,303,20.2996,18.078,22.7188,198,13.2651,11.4817,15.247,245,16.4139,14.4227,18.6031,746,49.9786,46.456,53.6975,4.5964,21
8478407,Vince Dunn,D,764.72,264,20.7136,18.2901,23.3688,144,11.2983,9.5283,13.3017,176,13.809,11.8442,16.0067,584,45.8209,42.1795,49.6925,4.4244,22
8482142,Jamie Drysdale,D,487.87,153,18.8166,15.9532,22.0456,97,11.9295,9.674,14.553,117,14.3892,11.9002,17.2451,367,45.1353,40.6351,49.9977,4.3902,23
8483457,Lane Hutson,D,352.43,130,22.1318,18.4911,26.2798,63,10.7254,8.2417,13.7225,37,6.2991,4.4351,8.6824,230,39.1563,34.2591,44.5573,4.3011,24
8478178,Darren Raddysh,D,427.8,125,17.5316,14.5931,20.8881,99,13.885,11.285,16.9045,102,14.3058,11.6646,17.3662,326,45.7223,40.8932,50.9649,4.2804,25
8479345,Jakob Chychrun,D,823.7,261,19.0118,16.775,21.4637,164,11.9461,10.1877,13.9208,190,13.84,11.9419,15.954,615,44.7979,41.3268,48.4826,4.2514,26
8480871,Adam Boqvist,D,315.88,91,17.2849,13.9167,21.222,69,13.1061,10.1973,16.5866,78,14.8156,11.7111,18.4905,238,45.2066,39.6452,51.3296,4.1784,27
8477932,Aaron Ekblad,D,1030.62,344,20.0268,17.9662,22.259,172,10.0134,8.5728,11.6268,211,12.2839,10.6823,14.0579,727,42.3242,39.3031,45.5159,4.1543,28
8481581,Thomas Harley,D,607.03,205,20.2625,17.5835,23.2342,110,10.8725,8.9359,13.1044,81,8.0062,6.358,9.9509,396,39.1412,35.3805,43.1927,4.1242,29
8481059,Scott Perunovich,D,196.03,54,16.5278,12.4162,21.5652,51,15.6096,11.6224,20.5237,28,8.57,5.6947,12.386,133,40.7074,34.0834,48.2428,4.1181,30
8479325,Charlie McAvoy,D,1158.63,356,18.4355,16.57,20.4536,232,12.0142,10.5178,13.6637,195,10.0981,8.7304,11.6192,783,40.5478,37.757,43.4902,4.1029,31
8474600,Roman Josi,D,1149.57,327,17.0673,15.2674,19.0211,263,13.7269,12.1179,15.4901,269,14.0401,12.4122,15.8221,859,44.8343,41.8858,47.9356,4.075,32
8476792,Torey Krug,D,532.83,130,14.6387,12.2306,17.3823,146,16.4404,13.8819,19.3339,97,10.9227,8.8576,13.3248,373,42.0019,37.847,46.4883,4.0667,33
8480865,Noah Dobson,D,1020.03,282,16.5877,14.708,18.6411,211,12.4114,10.7931,14.2038,198,11.6467,10.0808,13.3868,691,40.6457,37.6713,43.7926,3.9218,34
8478469,Thomas Chabot,D,961.05,293,18.2925,16.2577,20.5115,185,11.5499,9.9454,13.3394,133,8.3034,6.9523,9.8405,611,38.1458,35.1807,41.294,3.8878,35
8471735,Keith Yandle,D,127.27,38,17.9151,12.6778,24.5899,19,8.9576,5.393,13.9884,36,16.9722,11.8871,23.4967,93,43.8449,35.3885,53.713,3.8485,36
8476979,Erik Gustafsson,D,488.02,139,17.0896,14.3668,20.1783,89,10.9422,8.7875,13.4654,92,11.3111,9.1183,13.872,320,39.3429,35.1499,43.8985,3.8134,37
8475167,Victor Hedman,D,1213.55,313,15.4753,13.8082,17.2882,227,11.2233,9.8106,12.7822,280,13.8437,12.2695,15.5638,820,40.5422,37.8144,43.4148,3.7723,38
8482105,Jake Sanderson,D,1091.63,313,17.2036,15.3503,19.219,191,10.498,9.0619,12.0971,197,10.8278,9.3685,12.45,701,38.5294,35.7296,41.4903,3.728,39
8474590,John Carlson,D,1204.45,344,17.1365,15.3732,19.0465,196,9.7638,8.4447,11.2306,202,10.0627,8.7228,11.5502,742,36.9629,34.3508,39.721,3.711,40
8471724,Kris Letang,D,1127.43,330,17.562,15.7181,19.5628,193,10.2711,8.8731,11.8269,159,8.4617,7.1976,9.884,682,36.2948,33.6216,39.1241,3.6878,41
8480883,Ty Smith,D,147.68,41,16.6573,11.9535,22.5975,25,10.1569,6.573,14.9935,34,13.8133,9.5661,19.3028,100,40.6275,33.0561,49.4139,3.6582,42
8477495,Seth Jones,D,1123.0,305,16.2956,14.5179,18.2309,184,9.8308,8.4616,11.3585,213,11.3802,9.9031,13.0155,702,37.5067,34.7831,40.3869,3.5863,43
8482511,Mason Lohrei,D,284.98,80,16.8431,13.3555,20.9627,41,8.6321,6.1945,11.7104,45,9.4742,6.9106,12.6773,166,34.9494,29.8349,40.6891,3.504,44
8474602,Justin Schultz,D,435.62,116,15.9774,13.2024,19.1633,68,9.366,7.2731,11.8737,75,10.3302,8.1253,12.949,259,35.6736,31.4609,40.2932,3.4368,45
8478460,Zach Werenski,D,864.72,201,13.9468,12.0852,16.0139,164,11.3794,9.7045,13.2605,158,10.9631,9.3203,12.8121,523,36.2893,33.2455,39.537,3.4238,46
8481542,Moritz Seider,D,1311.13,335,15.3302,13.7324,17.063,224,10.2507,8.9521,11.6846,221,10.1134,8.8239,11.5383,780,35.6943,33.233,38.2897,3.4232,47
8480839,Rasmus Dahlin,D,1141.28,268,14.0894,12.4529,15.8812,194,10.199,8.8143,11.7396,262,13.774,12.1565,15.5468,724,38.0624,35.34,40.9389,3.397,48
8480990,Declan Chisholm,D,168.9,47,16.6963,12.2678,22.2025,20,7.1048,4.3398,10.9728,27,9.5915,6.3208,13.9551,94,33.3925,26.9846,40.864,3.3449,49
8484304,Uvis Balinskis,D,199.65,58,17.4305,13.2357,22.533,20,6.0105,3.6714,9.2828,29,8.7153,5.8367,12.5166,107,32.1563,26.3528,38.8576,3.2919,50
8475171,Oliver Ekman-Larsson,D,910.72,229,15.087,13.1961,17.1728,132,8.6964,7.2762,10.3129,140,9.2235,7.759,10.8841,501,33.007,30.1796,36.0279,3.2747,51
8478397,Rasmus Andersson,D,1266.65,316,14.9686,13.3635,16.7134,192,9.0949,7.8538,10.4763,201,9.5212,8.2503,10.9324,709,33.5847,31.1577,36.1504,3.2737,52
8481606,Jordan Spence,D,399.72,97,14.5603,11.8074,17.7623,59,8.8563,6.7418,11.4239,64,9.6068,7.3984,12.2677,220,33.0234,28.8035,37.6875,3.2566,53
8479410,Mikhail Sergachev,D,1087.6,258,14.2332,12.5492,16.0801,181,9.9853,8.5835,11.5507,143,7.8889,6.6489,9.293,582,32.1074,29.5515,34.8252,3.234,54
8474563,Drew Doughty,D,1016.13,237,13.9942,12.2691,15.8939,167,9.8609,8.422,11.4751,150,8.8571,7.4964,10.3934,554,32.7122,30.0446,35.5532,3.2252,55
8480434,Sean Durzi,D,812.83,189,13.9512,12.033,16.0882,123,9.0794,7.5458,10.833,123,9.0794,7.5458,10.833,435,32.1099,29.1629,35.2739,3.1532,56
8482122,Brock Faber,D,737.92,185,15.0423,12.9528,17.3731,95,7.7244,6.2495,9.4427,88,7.1553,5.7387,8.8155,368,29.9221,26.9427,33.141,3.1365,57
8470613,Brent Burns,D,1196.15,271,13.5936,12.0232,15.3122,170,8.5274,7.2937,9.91,238,11.9383,10.4696,13.5553,679,34.0593,31.5453,36.7203,3.1289,58
8480878,Nils Lundkvist,D,288.7,70,14.548,11.3409,18.3805,41,8.521,6.1148,11.5596,36,7.4818,5.2402,10.358,147,30.5507,25.8118,35.9078,3.1268,59
8474716,Jared Spurgeon,D,839.33,197,14.0826,12.1846,16.1924,123,8.7927,7.3076,10.4909,111,7.9349,6.5276,9.5556,431,30.8102,27.9697,33.8609,3.0868,60
8483495,Simon Nemec,D,238.12,51,12.8508,9.5683,16.8965,37,9.3232,6.5644,12.8507,39,9.8271,6.988,13.434,127,32.0011,26.6779,38.0753,3.0688,61
8479639,Dylan Coghlan,D,111.83,23,12.3398,7.8224,18.5157,18,9.6572,5.7235,15.2626,20,10.7303,6.5543,16.572,61,32.7273,25.0338,42.0396,3.0374,62
8475227,Chris Wideman,D,189.13,38,12.055,8.5308,16.5464,35,11.1033,7.7338,15.442,21,6.662,4.1239,10.1835,94,29.8202,24.0978,36.4924,3.0215,63
8482803,Olen Zellweger,D,260.97,59,13.565,10.3263,17.4978,29,6.6675,4.4653,9.5757,55,12.6453,9.5262,16.4596,143,32.8778,27.71,38.7295,2.9541,64
8478430,Oliver Kylington,D,174.97,38,13.0311,9.2215,17.8861,28,9.6018,6.3803,13.8773,15,5.1438,2.879,8.484,81,27.7767,22.0587,34.5239,2.9348,65
8476891,Matt Grzelcyk,D,568.35,129,13.6184,11.3698,16.1814,82,8.6566,6.8849,10.7452,60,6.3341,4.8336,8.1533,271,28.6091,25.304,32.226,2.9095,66
8481605,Jackson LaCombe,D,611.55,142,13.9318,11.7346,16.4209,63,6.181,4.7497,7.9082,83,8.1432,6.486,10.0948,288,28.2561,25.0866,31.7151,2.8541,67
8477018,Ben Hutton,D,176.43,45,15.3032,11.1623,20.4769,19,6.4614,3.8902,10.0902,8,2.7206,1.1746,5.3606,72,24.4852,19.1581,30.835,2.8488,68
8474565,Alex Pietrangelo,D,904.55,188,12.4703,10.7514,14.3859,122,8.0924,6.7203,9.6624,119,7.8934,6.5391,9.4457,429,28.4561,25.8268,31.2806,2.7796,69
8475753,Justin Faulk,D,967.92,176,10.91,9.3577,12.6463,164,10.1662,8.6698,11.8467,124,7.6866,6.3933,9.1647,464,28.7628,26.2049,31.5029,2.7335,70
8480873,Rasmus Sandin,D,625.17,133,12.7646,10.6875,15.1275,79,7.582,6.0027,9.4494,63,6.0464,4.6462,7.736,275,26.393,23.3654,29.7039,2.7158,71
8481708,Zac Jones,D,130.62,24,11.0246,7.0637,16.4038,20,9.1872,5.6118,14.1889,21,9.6465,5.9714,14.7458,65,29.8584,23.0441,38.0569,2.7065,72
8483466,Kevin Korchinski,D,183.35,42,13.7442,9.9056,18.5782,18,5.8904,3.491,9.3093,21,6.8721,4.2539,10.5047,81,26.5067,21.0501,32.9454,2.6814,73
8479425,Filip Hronek,D,1033.83,205,11.8975,10.3245,13.6424,115,6.6742,5.5102,8.0114,131,7.6028,6.3567,9.0218,451,26.1744,23.8142,28.7053,2.6111,74
8477346,MacKenzie Weegar,D,1071.78,210,11.7561,10.2198,13.4582,122,6.8297,5.6717,8.1547,146,8.1733,6.9013,9.6118,478,26.7591,24.4137,29.2691,2.5853,75
8478396,Noah Hanifin,D,1059.18,195,11.0462,9.5502,12.7102,133,7.5341,6.3081,8.9288,140,7.9306,6.6714,9.3585,468,26.511,24.1632,29.0253,2.5754,76
8481546,Cam York,D,676.27,140,12.4211,10.4489,14.6574,62,5.5008,4.2174,7.0518,93,8.2512,6.6598,10.1083,295,26.1731,23.2713,29.3367,2.557,77
8482624,Daniil Miromanov,D,120.88,24,11.9123,7.6324,17.7246,12,5.9562,3.0776,10.4042,14,6.9488,3.799,11.659,50,24.8173,18.4199,32.7185,2.5546,78
8480145,Neal Pionk,D,1032.57,202,11.7377,10.1748,13.4728,116,6.7405,5.5698,8.0846,129,7.4959,6.2582,8.9067,447,25.9741,23.6217,28.4973,2.5333,79
8482126,Emil Andrae,D,103.6,20,11.583,7.0752,17.889,12,6.9498,3.5911,12.1399,14,8.1081,4.4328,13.604,46,26.6409,19.5045,35.5353,2.5241,80
8474031,Kevin Shattenkirk,D,582.03,118,12.1643,10.0687,14.5674,61,6.2883,4.8101,8.0776,70,7.2161,5.6253,9.1171,249,25.6686,22.5791,29.0628,2.5215,81
8477220,Nate Schmidt,D,788.62,149,11.3363,9.5892,13.3097,90,6.8474,5.5061,8.4167,102,7.7604,6.3277,9.4206,341,25.9442,23.2633,28.8493,2.4712,82
8476854,Hampus Lindholm,D,901.15,175,11.6518,9.9894,13.5118,90,5.9923,4.8186,7.3656,95,6.3253,5.1175,7.7323,360,23.9694,21.557,26.5779,2.4413,83
8483485,Denton Mateychuk,D,162.25,37,13.6826,9.6338,18.8596,12,4.4376,2.293,7.7516,8,2.9584,1.2772,5.8292,57,21.0786,15.9647,27.3097,2.4364,84
8475200,Dmitry Orlov,D,780.88,152,11.6791,9.8962,13.6904,82,6.3006,5.011,7.8207,71,5.4554,4.2607,6.8812,305,23.435,20.8785,26.2182,2.4359,85
8479439,Jacob MacDonald,D,121.38,17,8.4031,4.8951,13.4542,20,9.886,6.0386,15.2682,17,8.4031,4.8951,13.4542,54,26.6923,20.0521,34.8277,2.4261,86
8476923,Damon Severson,D,802.45,147,10.9913,9.2864,12.9187,90,6.7294,5.4112,8.2716,84,6.2808,5.0098,7.776,321,24.0015,21.4474,26.7761,2.4038,87
8476422,Mike Reilly,D,314.48,54,10.3026,7.7396,13.4427,39,7.4408,5.2911,10.1718,37,7.0592,4.9703,9.7302,130,24.8026,20.7225,29.4511,2.3487,88
8475764,Cam Fowler,D,1169.93,190,9.7441,8.4078,11.2325,144,7.385,6.2281,8.6945,123,6.3081,5.2426,7.5264,457,23.4372,21.3374,25.6878,2.2833,89
8470600,Ryan Suter,D,733.72,124,10.1402,8.4341,12.09,85,6.9509,5.5521,8.5949,35,2.8621,1.9936,3.9805,244,19.9532,17.5279,22.6202,2.2242,90
8483565,Nick Blankenburg,D,295.22,51,10.3653,7.7176,13.6284,28,5.6907,3.7815,8.2247,32,6.5037,4.4485,9.1813,111,22.5597,18.5586,27.1677,2.2183,91
8481524,Bowen Byram,D,745.0,128,10.3087,8.6003,12.2571,78,6.2819,4.9656,7.8401,74,5.9597,4.6797,7.4819,280,22.5503,19.9861,25.3523,2.2166,92
8481178,Egor Zamula,D,223.58,42,11.271,8.1231,15.2351,17,4.5621,2.6576,7.3043,18,4.8304,2.8628,7.6341,77,20.6634,16.3073,25.8258,2.198,93
8477498,Darnell Nurse,D,1040.42,188,10.8418,9.3474,12.5073,95,5.4786,4.4325,6.6973,78,4.4982,3.5556,5.614,361,20.8186,18.7262,23.0809,2.1835,94
8480222,Sebastian Aho,D,267.12,46,10.3326,7.5647,13.7822,27,6.0648,3.9967,8.8239,26,5.8401,3.815,8.5572,99,22.2375,18.0735,27.0733,2.1783,95
8478013,Jake Walman,D,662.42,109,9.8729,8.1067,11.9097,62,5.6158,4.3056,7.1992,69,6.2498,4.8628,7.9096,240,21.7386,19.0751,24.6699,2.1457,96
8478038,Devon Toews,D,1225.57,189,9.2529,7.9807,10.6702,125,6.1196,5.0939,7.2912,124,6.0707,5.0493,7.238,438,21.4431,19.4817,23.5485,2.1046,97
8480073,Erik Brannstrom,D,498.47,79,9.5092,7.5285,11.8513,51,6.1388,4.5708,8.0714,25,3.0092,1.9474,4.4422,155,18.6572,15.8357,21.8365,2.0141,98
8470281,Duncan Keith,D,155.03,21,8.1273,5.0309,12.4234,17,6.5792,3.8326,10.534,13,5.0312,2.6789,8.6035,51,19.7377,14.696,25.9514,2.0016,99
8476875,Mike Matheson,D,1098.8,162,8.846,7.5363,10.318,103,5.6243,4.5908,6.8211,124,6.771,5.6318,8.073,389,21.2414,19.1827,23.4607,1.9829,100
8483490,Pavel Mintyukov,D,381.03,56,8.8181,6.6611,11.4511,37,5.8263,4.1022,8.0307,29,4.5665,3.0583,6.5583,122,19.2109,15.9535,22.9379,1.9515,101
8480817,K'Andre Miller,D,836.23,131,9.3993,7.8587,11.1536,78,5.5965,4.4238,6.9847,41,2.9418,2.1111,3.9908,250,17.9376,15.7828,20.3045,1.9495,102
8470966,Mark Giordano,D,496.22,65,7.8595,6.0658,10.0175,55,6.6503,5.0099,8.6563,43,5.1993,3.7628,7.0035,163,19.7091,16.7996,22.9778,1.9447,103
8482671,Owen Power,D,889.58,124,8.3635,6.9563,9.9717,95,6.4075,5.184,7.8328,77,5.1934,4.0986,6.4909,296,19.9644,17.7546,22.3732,1.9437,104
8482111,Justin Barron,D,311.6,47,9.0501,6.6496,12.0347,27,5.199,3.4262,7.5642,26,5.0064,3.2704,7.3356,100,19.2555,15.667,23.4198,1.927,105
8478452,Caleb Jones,D,246.05,38,9.2664,6.5575,12.7189,19,4.6332,2.7895,7.2353,18,4.3894,2.6014,6.9371,75,18.289,14.3854,22.9254,1.8961,106
8481527,Kaedan Korczak,D,102.88,20,11.6637,7.1245,18.0136,4,2.3327,0.6356,5.9727,3,1.7496,0.3608,5.1129,27,15.746,10.3767,22.9096,1.8883,107
8479398,Samuel Girard,D,779.35,103,7.9297,6.4725,9.617,76,5.851,4.6099,7.3234,64,4.9272,3.7945,6.2919,243,18.7079,16.4295,21.2139,1.8882,108
8476869,Brady Skjei,D,1007.45,163,9.7077,8.2746,11.3177,73,4.3476,3.4078,5.4665,71,4.2285,3.3025,5.3337,307,18.2838,16.2955,20.4477,1.8722,109
8473507,Jeff Petry,D,735.2,100,8.161,6.6402,9.926,72,5.876,4.5976,7.3998,60,4.8966,3.7366,6.3029,232,18.9336,16.5755,21.5332,1.8709,110
8480043,Timothy Liljegren,D,572.7,78,8.1718,6.4595,10.1988,56,5.8669,4.4318,7.6187,37,3.8764,2.7293,5.3431,171,17.9151,15.3305,20.8107,1.8468,111
8481598,Philip Broberg,D,373.12,55,8.8444,6.6628,11.5122,30,4.8242,3.2549,6.8869,29,4.6634,3.1232,6.6975,114,18.3321,15.1217,22.0224,1.8328,112
8471274,Alex Goligoski,D,288.75,38,7.8961,5.5878,10.838,29,6.026,4.0357,8.6543,25,5.1948,3.3618,7.6686,92,19.1169,15.4109,23.4452,1.8323,113
8476525,Colin Miller,D,313.05,46,8.8165,6.4548,11.76,21,4.0249,2.4915,6.1525,28,5.3666,3.566,7.7562,95,18.208,14.7313,22.2583,1.7985,114
8480058,Pierre-Olivier Joseph,D,224.38,37,9.8938,6.9661,13.6373,13,3.4762,1.8509,5.9444,12,3.2088,1.658,5.6051,62,16.5788,12.7108,21.2532,1.7911,115
8479976,Juuso Välimäki,D,405.1,52,7.7018,5.7521,10.0999,37,5.4801,3.8585,7.5536,30,4.4433,2.9979,6.3432,119,17.6253,14.6011,21.0913,1.7717,116
8480336,Sean Walker,D,560.08,77,8.2488,6.5098,10.3096,48,5.1421,3.7914,6.8177,33,3.5352,2.4335,4.9647,158,16.9261,14.3897,19.7807,1.7709,117
8479982,Conor Timmins,D,276.47,37,8.0299,5.6538,11.0682,22,4.7745,2.9922,7.2287,19,4.1235,2.4826,6.4393,78,16.9279,13.3808,21.1268,1.7437,118
8476885,Jacob Trouba,D,988.05,138,8.3801,7.0403,9.9007,65,3.9472,3.0463,5.031,72,4.3722,3.421,5.5061,275,16.6996,14.784,18.7945,1.7163,119
8482858,Ryker Evans,D,279.22,42,9.0252,6.5046,12.1995,19,4.0829,2.4581,6.3759,20,4.2977,2.6252,6.6375,81,17.4058,13.8227,21.6339,1.7142,120
8478500,Ivan Provorov,D,1218.13,172,8.472,7.2532,9.837,85,4.1867,3.3442,5.177,87,4.2852,3.4323,5.2858,344,16.944,15.2005,18.8325,1.6971,121
8474162,Jake Muzzin,D,112.37,14,7.4755,4.0869,12.5427,11,5.8736,2.9321,10.5095,6,3.2038,1.1757,6.9733,31,16.553,11.2469,23.4956,1.6784,122
8477506,Ryan Pulock,D,810.3,108,7.997,6.5601,9.6551,58,4.2947,3.2612,5.5519,48,3.5542,2.6206,4.7124,214,15.846,13.7939,18.1173,1.6421,123
8478055,Gustav Forsling,D,1052.77,138,7.865,6.6076,9.2921,72,4.1035,3.2107,5.1676,62,3.5335,2.7091,4.5298,272,15.502,13.7143,17.458,1.6242,124
8480070,Ian Mitchell,D,101.45,13,7.6885,4.0938,13.1476,7,4.14,1.6645,8.5299,5,2.9571,0.9602,6.9009,25,14.7856,9.5685,21.8265,1.6182,125
8481568,Alex Vlasic,D,521.98,71,8.1612,6.3739,10.2942,30,3.4484,2.3266,4.9228,32,3.6783,2.5159,5.1926,133,15.2878,12.8002,18.1178,1.5868,126
8477499,Rasmus Ristolainen,D,593.62,69,6.9742,5.4263,8.8263,45,4.5484,3.3176,6.0861,50,5.0538,3.751,6.6628,164,16.5764,14.1364,19.3165,1.568,127
8475181,Nick Leddy,D,593.67,67,6.7715,5.2478,8.5995,53,5.3565,4.0124,7.0065,28,2.8299,1.8804,4.09,148,14.9579,12.6452,17.5712,1.5664,128
8475218,Mattias Ekholm,D,1023.08,116,6.803,5.6214,8.1595,77,4.5158,3.5638,5.6439,81,4.7503,3.7725,5.9042,274,16.0691,14.2225,18.0888,1.5569,129
8480891,Michael Kesselring,D,223.97,23,6.1616,3.9059,9.2455,15,4.0185,2.2491,6.6278,20,5.3579,3.2728,8.2749,58,15.538,11.7987,20.0865,1.4599,130
8482095,Tyler Kleven,D,178.73,18,6.0425,3.5812,9.5498,13,4.364,2.3237,7.4626,11,3.6927,1.8434,6.6072,42,14.0992,10.1615,19.058,1.4121,131
8484258,Sam Malinski,D,161.78,18,6.6756,3.9564,10.5503,11,4.0795,2.0365,7.2994,8,2.9669,1.2809,5.846,37,13.7221,9.6616,18.914,1.3913,132
8477948,Travis Sanheim,D,1038.4,116,6.7026,5.5385,8.0392,52,3.0046,2.244,3.9402,71,4.1025,3.2041,5.1747,239,13.8097,12.1143,15.676,1.3796,133
8476463,Jonas Brodin,D,786.52,75,5.7214,4.5003,7.1719,60,4.5771,3.4928,5.8917,42,3.204,2.3092,4.3309,177,13.5026,11.5866,15.6449,1.3758,134
8477851,Jordan Oesterle,D,168.65,22,7.8269,4.9051,11.85,3,1.0673,0.2201,3.1191,6,2.1346,0.7834,4.6461,31,11.0288,7.4935,15.6544,1.3283,135
8482762,Simon Edvinsson,D,284.37,29,6.1189,4.0979,8.7877,15,3.1649,1.7714,5.2201,13,2.7429,1.4605,4.6905,57,12.0267,9.1089,15.582,1.2958,136
8477488,Brett Pesce,D,750.83,75,5.9933,4.7141,7.5127,46,3.6759,2.6912,4.9032,31,2.4772,1.6832,3.5163,152,12.1465,10.2923,14.2383,1.2923,137
8476902,Esa Lindell,D,1007.52,104,6.1934,5.0605,7.5044,61,3.6327,2.7787,4.6663,28,1.6675,1.108,2.41,193,11.4936,9.9292,13.2345,1.2626,138
8482655,J.J. Moser,D,851.6,75,5.2842,4.1563,6.6238,54,3.8046,2.8581,4.9642,57,4.016,3.0417,5.2032,186,13.1047,11.289,15.1294,1.2605,139
8477969,Marcus Pettersson,D,723.58,84,6.9653,5.5558,8.6236,28,2.3218,1.5428,3.3556,18,1.4926,0.8846,2.3589,130,10.7797,9.0064,12.8,1.2529,140
8479402,Jake Bean,D,328.12,32,5.8516,4.0025,8.2607,19,3.4744,2.0918,5.4257,13,2.3772,1.2658,4.0651,64,11.7032,9.0129,14.9447,1.2427,141
8476892,Colton Parayko,D,851.97,76,5.3523,4.217,6.6992,57,4.0142,3.0403,5.2009,30,2.1128,1.4255,3.0161,163,11.4793,9.7847,13.3831,1.2026,142
8476931,Jake McCabe,D,775.0,76,5.8839,4.6358,7.3645,40,3.0968,2.2124,4.2169,23,1.7806,1.1288,2.6718,139,10.7613,9.0467,12.7063,1.1935,143
8474056,P.K. Subban,D,122.17,9,4.4202,2.0212,8.3909,8,3.9291,1.6963,7.7418,11,5.4025,2.6969,9.6665,28,13.7517,9.1379,19.875,1.1788,144
8478451,Ethan Bear,D,225.02,15,3.9997,2.2386,6.5969,19,5.0663,3.0502,7.9116,13,3.4664,1.8457,5.9277,47,12.5324,9.2083,16.6654,1.1507,145
8481607,Albert Johansson,D,137.22,14,6.1217,3.3468,10.2712,6,2.6236,0.9628,5.7104,4,1.7491,0.4766,4.4783,24,10.4944,6.7239,15.6148,1.1462,146
8475690,Chris Tanev,D,675.7,63,5.5942,4.2987,7.1574,38,3.3743,2.3878,4.6315,11,0.9768,0.4876,1.7477,112,9.9452,8.1889,11.9667,1.134,147
8478851,Alexandre Carrier,D,783.57,68,5.207,4.0434,6.6011,41,3.1395,2.253,4.2591,32,2.4503,1.676,3.4591,141,10.7968,9.0883,12.7332,1.1195,148
8481056,Spencer Stastney,D,131.8,15,6.8285,3.8219,11.2626,4,1.8209,0.4961,4.6623,3,1.3657,0.2816,3.9912,22,10.0152,6.2765,15.1631,1.1182,149
8482073,Braden Schneider,D,506.77,53,6.2751,4.7005,8.208,17,2.0128,1.1725,3.2226,8,0.9472,0.4089,1.8663,78,9.235,7.2999,11.5257,1.111,150
8478507,John Marino,D,734.02,62,5.068,3.8856,6.497,41,3.3514,2.405,4.5466,24,1.9618,1.257,2.919,127,10.3812,8.6544,12.3517,1.0923,151
8479372,Joshua Mahura,D,227.28,21,5.5437,3.4317,8.4742,10,2.6399,1.2659,4.8548,6,1.5839,0.5813,3.4475,37,9.7675,6.8773,13.4633,1.0849,152
8482166,Shakir Mukhamadullin,D,131.07,11,5.0356,2.5138,9.0101,5,2.2889,0.7432,5.3416,7,3.2045,1.2884,6.6024,23,10.529,6.6745,15.7987,1.0779,153
8480035,Henri Jokiharju,D,533.75,46,5.171,3.7858,6.8973,24,2.6979,1.7286,4.0142,33,3.7096,2.5535,5.2097,103,11.5785,9.4507,14.0422,1.0736,154
8478911,Matt Roy,D,863.03,83,5.7703,4.596,7.1532,33,2.2942,1.5792,3.222,26,1.8076,1.1808,2.6485,142,9.8722,8.3152,11.6359,1.0694,155
8476856,Mathew Dumba,D,639.43,52,4.8793,3.6441,6.3986,32,3.0027,2.0538,4.2389,33,3.0965,2.1315,4.3486,117,10.9785,9.0795,13.1574,1.0638,156
8481567,Henry Thrun,D,231.4,17,4.408,2.5678,7.0576,15,3.8894,2.1769,6.4149,5,1.2965,0.421,3.0255,37,9.5938,6.7549,13.2238,1.0548,157
8478408,Travis Dermott,D,199.28,17,5.1183,2.9816,8.195,10,3.0108,1.4438,5.5369,1,0.3011,0.0076,1.6775,28,8.4302,5.6018,12.184,1.0415,158
8476958,Jaccob Slavin,D,879.52,66,4.5025,3.4822,5.7282,47,3.2063,2.3559,4.2637,44,3.0016,2.181,4.0296,157,10.7104,9.1006,12.523,1.0392,159
8479378,Logan Stanley,D,284.63,23,4.8483,3.0734,7.2749,13,2.7404,1.4591,4.6861,10,2.108,1.0109,3.8766,46,9.6967,7.0992,12.934,1.0369,160
8474574,Tyler Myers,D,884.43,73,4.9523,3.8818,6.2268,39,2.6458,1.8814,3.6168,30,2.0352,1.3731,2.9054,142,9.6333,8.114,11.3544,1.028,161
8480246,Nick Perbix,D,294.35,25,5.096,3.2978,7.5227,11,2.2422,1.1193,4.012,10,2.0384,0.9775,3.7487,46,9.3766,6.8648,12.5071,1.0196,162
8476879,Cody Ceci,D,809.23,70,5.1901,4.0459,6.5574,33,2.4468,1.6842,3.4362,19,1.4087,0.8482,2.1999,122,9.0456,7.5118,10.8005,1.0151,163
8478882,Vladislav Gavrikov,D,935.68,76,4.8734,3.8397,6.0998,45,2.8856,2.1048,3.8611,31,1.9879,1.3506,2.8216,152,9.7469,8.259,11.4254,1.0096,164
8474151,Ryan McDonagh,D,907.33,75,4.9596,3.901,6.2169,36,2.3806,1.6673,3.2958,31,2.05,1.3929,2.9098,142,9.3902,7.9092,11.0678,0.9829,165
8478859,Niko Mikkola,D,654.7,58,5.3154,4.0362,6.8714,23,2.1078,1.3362,3.1628,14,1.283,0.7014,2.1527,95,8.7063,7.0439,10.643,0.9756,166
8475279,Ben Chiarot,D,876.42,74,5.0661,3.978,6.36,38,2.6015,1.841,3.5708,13,0.89,0.4739,1.5219,125,8.5576,7.1232,10.196,0.9736,167
8475825,Jani Hakanpää,D,495.83,41,4.9613,3.5603,6.7306,22,2.6622,1.6684,4.0306,4,0.484,0.1319,1.2393,67,8.1076,6.2832,10.2963,0.9713,168
8476312,Josh Manson,D,480.2,39,4.873,3.4652,6.6615,16,1.9992,1.1427,3.2465,16,1.9992,1.1427,3.2465,71,8.8713,6.9286,11.1899,0.9619,169
8478970,Jalen Chatfield,D,417.78,31,4.4521,3.025,6.3194,20,2.8723,1.7545,4.436,9,1.2925,0.591,2.4536,60,8.6169,6.5756,11.0917,0.9582,170
8482964,Arber Xhekaj,D,276.95,16,3.4663,1.9813,5.6291,13,2.8164,1.4996,4.8161,25,5.4161,3.505,7.9953,54,11.6989,8.7885,15.2645,0.9393,171
8474166,Alec Martinez,D,357.18,27,4.5355,2.9889,6.5989,14,2.3517,1.2857,3.9458,18,3.0237,1.792,4.7787,59,9.9109,7.5446,12.7843,0.9172,172
8476988,Matt Benning,D,401.98,31,4.6271,3.1439,6.5677,13,1.9404,1.0332,3.3181,9,1.3433,0.6143,2.5501,53,7.9108,5.9257,10.3475,0.9015,173
8478416,Erik Cernak,D,696.63,53,4.5648,3.4194,5.9709,28,2.4116,1.6025,3.4854,11,0.9474,0.4729,1.6952,92,7.9238,6.3877,9.7179,0.8928,174
8477507,Nikita Zadorov,D,671.85,46,4.1081,3.0076,5.4796,28,2.5006,1.6616,3.614,14,1.2503,0.6835,2.0978,88,7.8589,6.3031,9.6824,0.8665,175
8478854,Ryan Shea,D,224.72,15,4.005,2.2416,6.6057,11,2.937,1.4662,5.2552,3,0.801,0.1652,2.3409,29,7.7431,5.1857,11.1204,0.8663,176
8477369,Carson Soucy,D,601.83,46,4.586,3.3575,6.1171,17,1.6948,0.9873,2.7136,13,1.296,0.6901,2.2163,76,7.5768,5.9697,9.4836,0.8494,177
8476967,Brett Kulak,D,616.87,47,4.5715,3.359,6.0791,18,1.7508,1.0376,2.767,14,1.3617,0.7445,2.2847,79,7.684,6.0835,9.5765,0.8488,178
8476473,Connor Murphy,D,638.85,50,4.6959,3.4854,6.191,16,1.5027,0.8589,2.4403,4,0.3757,0.1024,0.9619,70,6.5743,5.125,8.3062,0.8363,179
8479945,Gavin Bayreuther,D,101.82,5,2.9465,0.9567,6.8761,5,2.9465,0.9567,6.8761,4,2.3572,0.6423,6.0353,14,8.2501,4.5104,13.8423,0.8277,180
8478468,Jeremy Lauzon,D,556.48,40,4.3128,3.0811,5.8728,19,2.0486,1.2334,3.1991,7,0.7547,0.3034,1.5551,66,7.1161,5.5036,9.0534,0.8269,181
8480196,Jacob Bryson,D,331.52,13,2.3528,1.2528,4.0234,20,3.6197,2.211,5.5904,18,3.2578,1.9308,5.1487,51,9.2303,6.8726,12.1361,0.8266,182
8479980,Nicolas Hague,D,493.18,35,4.2581,2.9659,5.9219,13,1.5816,0.8421,2.7045,17,2.0682,1.2048,3.3114,65,7.9078,6.1031,10.0792,0.8227,183
8478443,Brandon Carlo,D,748.02,54,4.3315,3.2539,5.6516,20,1.6042,0.9799,2.4776,9,0.7219,0.3301,1.3704,83,6.6576,5.3027,8.2531,0.808,184
8476917,Adam Pelech,D,653.62,40,3.6719,2.6232,5.0001,25,2.2949,1.4852,3.3878,19,1.7441,1.0501,2.7237,84,7.7109,6.1505,9.5467,0.8018,185
8479984,Cal Foote,D,112.95,6,3.1873,1.1697,6.9373,5,2.656,0.8624,6.1983,2,1.0624,0.1287,3.8378,13,6.9057,3.677,11.809,0.7948,186
8475208,Brian Dumoulin,D,742.25,48,3.8801,2.8609,5.1444,27,2.1826,1.4383,3.1755,10,0.8084,0.3876,1.4866,85,6.871,5.4883,8.4961,0.7821,187
8480834,Ty Emberson,D,214.18,16,4.4821,2.5619,7.2787,6,1.6808,0.6168,3.6584,2,0.5603,0.0679,2.0239,24,6.7232,4.3077,10.0036,0.7751,188
8479442,Troy Stecher,D,475.35,29,3.6605,2.4515,5.257,19,2.3982,1.4439,3.7451,4,0.5049,0.1376,1.2927,52,6.5636,4.902,8.6073,0.7714,189
8481806,Louis Crevier,D,169.5,12,4.2478,2.1949,7.42,4,1.4159,0.3858,3.6253,3,1.0619,0.219,3.1035,19,6.7257,4.0493,10.503,0.7697,190
8480049,Dylan Samberg,D,471.52,29,3.6902,2.4714,5.2998,18,2.2905,1.3575,3.6199,6,0.7635,0.2802,1.6618,53,6.7442,5.0519,8.8216,0.7641,191
8474673,TJ Brodie,D,550.23,28,3.0533,2.0289,4.4128,27,2.9442,1.9402,4.2837,13,1.4176,0.7548,2.4241,68,7.415,5.7581,9.4003,0.7637,192
8475455,Brenden Dillon,D,711.27,47,3.9648,2.9132,5.2723,21,1.7715,1.0966,2.7079,9,0.7592,0.3472,1.4412,77,6.4955,5.1261,8.1182,0.7627,193
8472382,Andy Greene,D,127.8,7,3.2864,1.3213,6.7712,5,2.3474,0.7622,5.4781,5,2.3474,0.7622,5.4781,17,7.9812,4.6494,12.7787,0.7561,194
8482245,Artem Zub,D,698.73,44,3.7783,2.7453,5.0721,22,1.8891,1.1839,2.8602,20,1.7174,1.049,2.6524,86,7.3848,5.9069,9.1202,0.753,195
8477335,Kyle Burroughs,D,279.85,17,3.6448,2.1232,5.8357,10,2.144,1.0281,3.9429,5,1.072,0.3481,2.5017,32,6.8608,4.6928,9.6854,0.7511,196
8475324,Nick Jensen,D,691.08,44,3.8201,2.7757,5.1283,22,1.91,1.197,2.8918,12,1.0418,0.5383,1.8199,78,6.772,5.353,8.4517,0.7491,197
8477845,Trevor van Riemsdyk,D,675.18,47,4.1766,3.0688,5.5541,17,1.5107,0.88,2.4188,7,0.6221,0.2501,1.2817,71,6.3094,4.9277,7.9584,0.7486,198
8475188,Brayden McNabb,D,673.45,43,3.831,2.7725,5.1604,16,1.4255,0.8148,2.3149,15,1.3364,0.748,2.2042,74,6.5929,5.1769,8.2768,0.7269,199
8481006,Tyler Tucker,D,108.8,5,2.7574,0.8953,6.4347,5,2.7574,0.8953,6.4347,2,1.1029,0.1336,3.9842,12,6.6176,3.4194,11.5597,0.7182,200
8479458,Nikita Zaitsev,D,293.25,18,3.6829,2.1827,5.8205,8,1.6368,0.7067,3.2252,5,1.023,0.3322,2.3874,31,6.3427,4.3096,9.003,0.7181,201
8475177,Calvin de Haan,D,350.2,19,3.2553,1.9599,5.0835,14,2.3986,1.3114,4.0245,5,0.8567,0.2782,1.9991,38,6.5106,4.6073,8.9363,0.7175,202
8475718,Justin Holl,D,492.23,28,3.413,2.2679,4.9328,18,2.1941,1.3004,3.4676,7,0.8533,0.3431,1.758,53,6.4604,4.8392,8.4503,0.7116,203
8478399,Jonas Siegenthaler,D,579.13,28,2.9009,1.9276,4.1926,24,2.4865,1.5931,3.6997,9,0.9324,0.4264,1.77,61,6.3198,4.8341,8.118,0.7093,204
8478136,Jake Middleton,D,680.7,43,3.7902,2.743,5.1054,17,1.4985,0.8729,2.3992,10,0.8814,0.4227,1.621,70,6.1701,4.8099,7.7956,0.7045,205
8477938,Haydn Fleury,D,221.93,15,4.0553,2.2697,6.6886,4,1.0814,0.2946,2.7688,7,1.8925,0.7609,3.8992,26,7.0291,4.5917,10.2993,0.7042,206
8475797,Jarred Tinordi,D,157.02,10,3.8213,1.8324,7.0274,3,1.1464,0.2364,3.3502,3,1.1464,0.2364,3.3502,16,6.114,3.4947,9.9288,0.7041,207
8480860,Kevin Bahl,D,457.08,25,3.2817,2.1237,4.8444,16,2.1003,1.2005,3.4107,8,1.0501,0.4534,2.0692,49,6.4321,4.7585,8.5036,0.6982,208
8474612,Travis Hamonic,D,460.37,29,3.7796,2.5313,5.4281,9,1.173,0.5364,2.2267,8,1.0426,0.4501,2.0544,46,5.9952,4.3893,7.9968,0.6869,209
8475762,Derek Forbort,D,452.5,28,3.7127,2.4671,5.3659,12,1.5912,0.8222,2.7794,2,0.2652,0.0321,0.958,42,5.5691,4.0137,7.5278,0.686,210
8480727,Zach Whitecloud,D,495.13,26,3.1507,2.0581,4.6165,15,1.8177,1.0173,2.998,9,1.0906,0.4987,2.0703,50,6.059,4.4971,7.988,0.6794,211
8474567,Zach Bogosian,D,386.43,25,3.8817,2.512,5.7301,6,0.9316,0.3419,2.0277,2,0.3105,0.0376,1.1217,33,5.1238,3.527,7.1957,0.6785,212
8474697,Mark Borowiecki,D,102.95,7,4.0797,1.6402,8.4056,2,1.1656,0.1412,4.2106,0,0.0,0.0,2.1499,9,5.2453,2.3985,9.9571,0.6781,213
8475179,Dmitry Kulikov,D,669.7,38,3.4045,2.4092,4.673,20,1.7918,1.0945,2.7674,11,0.9855,0.492,1.7634,69,6.1819,4.8099,7.8236,0.6776,214
8478840,Will Borgen,D,575.28,33,3.4418,2.3692,4.8335,15,1.5644,0.8756,2.5803,11,1.1473,0.5727,2.0528,59,6.1535,4.6843,7.9376,0.6763,215
8474013,Ian Cole,D,822.77,44,3.2087,2.3314,4.3075,25,1.8231,1.1798,2.6913,10,0.7292,0.3497,1.3411,79,5.7611,4.5611,7.18,0.6744,216
8465009,Zdeno Chara,D,124.55,7,3.3721,1.3558,6.9479,3,1.4452,0.298,4.2235,2,0.9635,0.1167,3.4804,12,5.7808,2.987,10.0979,0.6629,217
8482087,Kaiden Guhle,D,504.83,33,3.9221,2.6998,5.5081,9,1.0697,0.4891,2.0305,12,1.4262,0.7369,2.4913,54,6.418,4.8214,8.374,0.6628,218
8477435,Ryan Graves,D,546.58,31,3.403,2.3121,4.8302,15,1.6466,0.9216,2.7158,10,1.0977,0.5264,2.0188,56,6.1473,4.6436,7.9828,0.6609,219
8476874,Olli Määttä,D,586.5,37,3.7852,2.6651,5.2174,10,1.023,0.4906,1.8814,7,0.7161,0.2879,1.4755,54,5.5243,4.15,7.208,0.6575,220
8482929,Emil Lilleberg,D,192.05,13,4.0614,2.1625,6.9452,2,0.6248,0.0757,2.2571,5,1.5621,0.5072,3.6454,20,6.2484,3.8167,9.6501,0.6483,221
8479983,Mario Ferraro,D,901.48,48,3.1947,2.3555,4.2358,19,1.2646,0.7614,1.9748,18,1.198,0.71,1.8934,85,5.6573,4.5189,6.9954,0.6452,222
8479998,Mikey Anderson,D,700.6,42,3.5969,2.5923,4.862,15,1.2846,0.719,2.1188,12,1.0277,0.531,1.7952,69,5.9092,4.5977,7.4785,0.6358,223
8480796,Martin Fehérváry,D,700.12,37,3.1709,2.2326,4.3707,18,1.5426,0.9142,2.438,14,1.1998,0.6559,2.0131,69,5.9133,4.6009,7.4837,0.6328,224
8479576,Vincent Desharnais,D,348.3,18,3.1008,1.8377,4.9006,10,1.7227,0.8261,3.168,2,0.3445,0.0417,1.2446,30,5.168,3.4868,7.3776,0.617,225
8476467,Jamie Oleksiak,D,764.17,40,3.1407,2.2437,4.2767,20,1.5703,0.9592,2.4253,12,0.9422,0.4868,1.6458,72,5.6532,4.4233,7.1193,0.6147,226
8474027,Justin Braun,D,208.98,10,2.871,1.3768,5.2799,6,1.7226,0.6322,3.7494,2,0.5742,0.0695,2.0742,18,5.1679,3.0628,8.1675,0.6121,227
8480001,Urho Vaakanainen,D,313.07,16,3.0664,1.7527,4.9797,7,1.3416,0.5394,2.7641,4,0.7666,0.2089,1.9628,27,5.1746,3.4101,7.5288,0.5995,228
8475462,Radko Gudas,D,741.08,41,3.3195,2.3821,4.5032,15,1.2144,0.6797,2.003,7,0.5667,0.2279,1.1677,63,5.1006,3.9195,6.5259,0.5898,229
8476331,Dylan DeMelo,D,760.55,33,2.6034,1.792,3.6561,21,1.6567,1.0255,2.5324,7,0.5522,0.222,1.1378,61,4.8123,3.681,6.1816,0.5686,230
8481600,Tobias Bjornfot,D,139.82,7,3.0039,1.2077,6.1893,3,1.2874,0.2655,3.7623,2,0.8583,0.1039,3.1004,12,5.1496,2.6609,8.9953,0.558,231
8477810,Joel Hanley,D,215.32,9,2.5079,1.1468,4.7608,4,1.1146,0.3037,2.8539,5,1.3933,0.4524,3.2515,18,5.0159,2.9727,7.9272,0.5519,232
8471303,Alexander Edler,D,181.05,11,3.6454,1.8198,6.5226,1,0.3314,0.0084,1.8464,3,0.9942,0.205,2.9055,15,4.971,2.7822,8.1989,0.5476,233
8475750,Jon Merrill,D,350.72,18,3.0794,1.8251,4.8668,5,0.8554,0.2777,1.9962,3,0.5132,0.1058,1.4999,26,4.448,2.9056,6.5174,0.5393,234
8479371,Dante Fabbro,D,563.4,29,3.0884,2.0683,4.4354,9,0.9585,0.4383,1.8195,14,1.4909,0.8151,2.5016,52,5.5378,4.1359,7.2621,0.5336,235
8481563,Drew Helleson,D,114.3,5,2.6247,0.8522,6.1251,3,1.5748,0.3248,4.6022,1,0.5249,0.0133,2.9247,9,4.7244,2.1603,8.9684,0.5332,236
8473446,Erik Johnson,D,468.42,17,2.1775,1.2685,3.4865,13,1.6652,0.8866,2.8475,12,1.5371,0.7942,2.685,42,5.3798,3.8773,7.272,0.5277,237
8474618,Marco Scandella,D,241.17,6,1.4927,0.5478,3.2491,12,2.9855,1.5426,5.215,3,0.7464,0.1539,2.1812,21,5.2246,3.2341,7.9864,0.5215,238
8480807,Mattias Samuelsson,D,556.85,23,2.4782,1.571,3.7186,13,1.4007,0.7458,2.3953,8,0.862,0.3721,1.6985,44,4.741,3.4448,6.3645,0.5195,239
8478062,Dysin Mayo,D,188.22,6,1.9127,0.7019,4.1631,7,2.2315,0.8972,4.5977,4,1.2751,0.3474,3.2648,17,5.4193,3.1569,8.6768,0.5175,240
8474568,Luke Schenn,D,466.72,17,2.1855,1.2731,3.4992,14,1.7998,0.984,3.0198,9,1.157,0.5291,2.1964,40,5.1423,3.6737,7.0024,0.5171,241
8477034,Jaycob Megna,D,264.53,11,2.495,1.2455,4.4642,5,1.1341,0.3682,2.6465,3,0.6804,0.1403,1.9885,19,4.3095,2.5946,6.7298,0.5129,242
8481122,Simon Benoit,D,573.7,26,2.7192,1.7763,3.9842,9,0.9413,0.4304,1.7868,8,0.8367,0.3612,1.6486,43,4.4971,3.2546,6.0576,0.5121,243
8471677,Jack Johnson,D,453.77,21,2.7768,1.7189,4.2446,6,0.7934,0.2911,1.7268,6,0.7934,0.2911,1.7268,33,4.3635,3.0036,6.1279,0.5115,244
8477365,Connor Clifton,D,590.03,25,2.5422,1.6452,3.7528,15,1.5253,0.8537,2.5158,3,0.3051,0.0629,0.8915,43,4.3726,3.1645,5.8899,0.5015,245
8474090,Brendan Smith,D,314.88,12,2.2866,1.1815,3.9942,8,1.5244,0.6581,3.0036,3,0.5716,0.1179,1.6706,23,4.3826,2.7782,6.576,0.4981,246
8476457,Adam Larsson,D,932.83,43,2.7658,2.0016,3.7255,17,1.0934,0.637,1.7507,8,0.5146,0.2222,1.0139,68,4.3738,3.3964,5.5448,0.4937,247
8479369,Andrew Peeke,D,656.05,30,2.7437,1.8512,3.9168,10,0.9146,0.4386,1.6819,9,0.8231,0.3764,1.5625,49,4.4814,3.3153,5.9246,0.4934,248
8479388,Riley Stillman,D,138.93,5,2.1593,0.7011,5.0391,3,1.2956,0.2672,3.7863,1,0.4319,0.0109,2.4062,9,3.8868,1.7773,7.3783,0.4875,249
8481593,Jayden Struble,D,142.25,7,2.9525,1.1871,6.0834,1,0.4218,0.0107,2.3501,3,1.2654,0.261,3.698,11,4.6397,2.3161,8.3017,0.4844,250
8474207,Nick Holden,D,352.82,18,3.0611,1.8142,4.8378,4,0.6802,0.1853,1.7417,0,0.0,0.0,0.6273,22,3.7413,2.3447,5.6644,0.4682,251
8478450,Parker Wotherspoon,D,259.77,12,2.7717,1.4322,4.8416,2,0.462,0.0559,1.6687,6,1.3859,0.5086,3.0164,20,4.6195,2.8217,7.1345,0.4641,252
8479324,Ryan Lindgren,D,619.53,29,2.8086,1.8809,4.0336,7,0.6779,0.2726,1.3968,5,0.4842,0.1572,1.13,41,3.9707,2.8495,5.3867,0.4579,253
8476429,Scott Mayfield,D,548.1,25,2.7367,1.7711,4.0399,5,0.5473,0.1777,1.2773,9,0.9852,0.4505,1.8703,39,4.2693,3.0359,5.8363,0.4524,254
8480172,Jan Rutta,D,483.33,20,2.4828,1.5165,3.8344,9,1.1172,0.5109,2.1209,4,0.4966,0.1353,1.2714,33,4.0966,2.8199,5.7531,0.4497,255
8480950,Ilya Lyubushkin,D,623.25,17,1.6366,0.9534,2.6203,20,1.9254,1.1761,2.9736,8,0.7702,0.3325,1.5175,45,4.3321,3.1599,5.7967,0.4473,256
8475747,Patrik Nemeth,D,340.47,12,2.1147,1.0927,3.694,8,1.4098,0.6087,2.7779,3,0.5287,0.109,1.545,23,4.0533,2.5694,6.0819,0.444,257
8471709,Marc-Edouard Vlasic,D,391.38,14,2.1462,1.1734,3.601,7,1.0731,0.4314,2.211,5,0.7665,0.2489,1.7888,26,3.9859,2.6037,5.8402,0.4434,258
8479026,Philippe Myers,D,118.5,4,2.0253,0.5518,5.1856,2,1.0127,0.1226,3.6581,1,0.5063,0.0128,2.8211,7,3.5443,1.425,7.3026,0.4394,259
8480184,Gustav Lindstrom,D,165.37,6,2.177,0.7989,4.7384,3,1.0885,0.2245,3.181,3,1.0885,0.2245,3.181,12,4.354,2.2498,7.6055,0.4325,260
8480192,Johnathan Kovacevic,D,504.33,13,1.5466,0.8235,2.6447,13,1.5466,0.8235,2.6447,7,0.8328,0.3348,1.7159,33,3.926,2.7025,5.5135,0.4059,261
8471873,Anton Stralman,D,204.9,5,1.4641,0.4754,3.4168,5,1.4641,0.4754,3.4168,5,1.4641,0.4754,3.4168,15,4.3924,2.4584,7.2446,0.4035,262
8480879,Jacob Bernard-Docker,D,225.32,8,2.1303,0.9197,4.1976,5,1.3315,0.4323,3.1072,1,0.2663,0.0067,1.4837,14,3.7281,2.0382,6.2551,0.3999,263
8480887,Jordan Harris,D,272.97,9,1.9783,0.9046,3.7554,5,1.099,0.3569,2.5648,1,0.2198,0.0056,1.2247,15,3.2971,1.8454,5.4381,0.3998,264
8477384,Joshua Brown,D,355.85,12,2.0233,1.0455,3.5343,6,1.0117,0.3713,2.202,4,0.6744,0.1838,1.7268,22,3.7094,2.3247,5.6161,0.398,265
8475790,Erik Gudbranson,D,576.55,17,1.7691,1.0306,2.8326,10,1.0407,0.499,1.9138,4,0.4163,0.1134,1.0658,31,3.2261,2.192,4.5792,0.3759,266
8478454,Noah Juulsen,D,251.52,8,1.9084,0.8239,3.7604,3,0.7157,0.1476,2.0915,1,0.2386,0.006,1.3291,12,2.8626,1.4792,5.0004,0.3597,267
8471686,Marc Staal,D,369.08,10,1.6256,0.7796,2.9896,6,0.9754,0.358,2.123,4,0.6503,0.1772,1.6649,20,3.2513,1.986,5.0214,0.3536,268
8477462,Robert Hagg,D,169.22,5,1.7729,0.5756,4.1373,3,1.0637,0.2194,3.1087,0,0.0,0.0,1.308,8,2.8366,1.2246,5.5892,0.3499,269
8475233,David Savard,D,670.57,21,1.879,1.1631,2.8723,8,0.7158,0.309,1.4104,5,0.4474,0.1453,1.044,34,3.0422,2.1068,4.2512,0.3435,270
8476441,Joel Edmundson,D,561.03,17,1.8181,1.0591,2.9109,7,0.7486,0.301,1.5424,8,0.8556,0.3694,1.6858,32,3.4223,2.3408,4.8312,0.3417,271
8481014,Alexander Romanov,D,626.02,16,1.5335,0.8765,2.4903,11,1.0543,0.5263,1.8864,5,0.4792,0.1556,1.1183,32,3.067,2.0978,4.3297,0.3313,272
8476372,Nick Seeler,D,492.02,16,1.9512,1.1153,3.1686,2,0.2439,0.0295,0.881,4,0.4878,0.1329,1.2489,22,2.6828,1.6813,4.0618,0.3045,273
8477971,Andreas Englund,D,175.52,4,1.3674,0.3726,3.5011,3,1.0255,0.2115,2.9971,2,0.6837,0.0828,2.4697,9,3.0766,1.4068,5.8404,0.3024,274
8476470,Nathan Beaulieu,D,139.05,4,1.726,0.4703,4.4192,0,0.0,0.0,1.5917,1,0.4315,0.0109,2.4042,5,2.1575,0.7005,5.0349,0.2884,275
8475796,Mark Pysyk,D,119.25,3,1.5094,0.3113,4.4112,1,0.5031,0.0127,2.8033,1,0.5031,0.0127,2.8033,5,2.5157,0.8168,5.8709,0.2722,276
8481167,Brayden Pachal,D,202.1,5,1.4844,0.482,3.4641,2,0.5938,0.0719,2.1449,2,0.5938,0.0719,2.1449,9,2.6719,1.2218,5.0722,0.2711,277
8482176,Wyatt Kaiser,D,263.13,6,1.3681,0.5021,2.9778,1,0.228,0.0058,1.2705,3,0.6841,0.1411,1.9991,10,2.2802,1.0935,4.1934,0.2366,278
8474145,Robert Bortuzzo,D,236.15,3,0.7622,0.1572,2.2276,4,1.0163,0.2769,2.6021,2,0.5082,0.0615,1.8356,9,2.2867,1.0456,4.3408,0.1947,279
8477244,Chad Ruhwedel,D,290.37,3,0.6199,0.1278,1.8116,5,1.0332,0.3355,2.4111,0,0.0,0.0,0.7623,8,1.6531,0.7137,3.2572,0.1799,280
8477215,Danny DeKeyser,D,105.85,0,0.0,0.0,2.091,1,0.5668,0.0144,3.1582,1,0.5668,0.0144,3.1582,2,1.1337,0.1373,4.0952,0.0711,281
