rank,player_name,es_toi_min,two_way_D_score,z_offensive,z_defensive,P5_weighted,P4_weighted,blocks_xG_prevented_per60,small_sample_flag
1,Evan Bouchard,6717.52,2.9014456349154445,2.496003487916283,-0.4054421469991616,4.4418,3.1717,0.3779,N
2,Devon Toews,6913.8,2.7613150419492687,1.8791128663497711,-0.8822021755994977,4.139,2.9636,0.2839,N
3,Cale Makar,6873.0,2.693597168316644,1.677828872258715,-1.0157682960579293,4.0402,2.9053,0.2681,N
4,Alexander Nikishin,770.43,2.658123742924252,5.266510609013712,2.6083868660894596,5.8017,4.4872,0.4355,Y
5,Jaccob Slavin,6326.58,2.6467005779636024,1.3479920438848103,-1.2987085340787918,3.8783,2.7818,0.2974,N
6,Sam Malinski,2140.27,2.5529912857794654,2.3929167460032543,-0.1600745397762111,4.3912,3.2788,0.3949,N
7,Jalen Chatfield,4257.83,2.2253449729291104,1.2544805527028322,-0.970864420226278,3.8324,2.9249,0.2581,N
8,Mattias Ekholm,6306.63,2.1966522606571814,1.556610272578374,-0.6400419880788076,3.9807,3.0693,0.304,N
9,Samuel Girard,5417.18,2.1704229393913708,1.8444789807268156,-0.325943958664555,4.122,3.2064,0.3625,N
10,Jordan Spence,3280.15,2.141334817983532,1.1141114515603865,-1.027223366423146,3.7635,2.9003,0.3249,N
11,Gustav Forsling,6733.93,1.918520355951901,1.8619996522772524,-0.0565207036746487,4.1306,3.324,0.2241,N
12,Mike Reilly,2810.22,1.81589351770337,0.8887874662722209,-0.9271060514311488,3.6529,2.944,0.2751,N
13,Aaron Ekblad,5282.97,1.783689300370949,1.8188091596180376,0.0351198592470882,4.1094,3.364,0.3078,N
14,Josh Manson,4222.47,1.7583216704395512,1.722649194829598,-0.0356724756099533,4.0622,3.3331,0.3885,N
15,Miro Heiskanen,6471.85,1.7296932852968991,1.0584935058247005,-0.6711997794721989,3.7362,3.0557,0.3204,N
16,Brett Pesce,5589.8,1.7277812117998903,0.8015915659979588,-0.9261896458019316,3.6101,2.9444,0.3793,N
17,Sean Walker,4394.1,1.6960001858476148,1.833070171345136,0.137069985497521,4.1164,3.4085,0.4293,N
18,Darren Raddysh,3645.08,1.6170395139669314,0.9660006583375144,-0.6510388556294169,3.6908,3.0645,0.3308,N
19,Jacob Moverare,1086.35,1.600357441925332,0.6327004414013144,-0.9676570005240176,3.5272,2.9263,0.4435,Y
20,Kaedan Korczak,1774.95,1.5317417960675583,1.6012268664102982,0.0694850703427399,4.0026,3.379,0.4179,Y
21,Brady Skjei,6775.6,1.5100198151293462,0.5817682566616752,-0.928251558467671,3.5022,2.9435,0.206,N
22,Quinn Hughes,7255.15,1.499707893625497,0.3886334121289619,-1.1110744814965352,3.4074,2.8637,0.1885,N
23,Dmitry Orlov,6063.85,1.4516364418749277,0.8610803577738575,-0.5905560841010701,3.6393,3.0909,0.2781,N
24,Nate Schmidt,5131.02,1.3791091654704486,1.03873181814572,-0.3403773473247284,3.7265,3.2001,0.343,N
25,Oliver Kylington,1896.52,1.361016210763327,1.178489733071291,-0.1825264776920362,3.7951,3.269,0.3483,Y
26,Thomas Harley,4255.13,1.325122454363884,2.0498375495970427,0.7247150952331587,4.2228,3.665,0.5137,N
27,Noah Hanifin,6848.88,1.308082226797413,0.5880838475693903,-0.7199983792280229,3.5053,3.0344,0.3172,N
28,Adam Fox,6499.73,1.2987576745148586,0.5065923519859671,-0.7921653225288915,3.4653,3.0029,0.3715,N
29,Shea Theodore,5559.33,1.2947297860473344,1.1791009192881658,-0.1156288667591685,3.7954,3.2982,0.3432,N
30,Ty Smith,1277.83,1.2609884409041845,-0.0381782959892161,-1.2991667368934003,3.1979,2.7816,0.2711,Y
31,Lane Hutson,2608.85,1.2529505240493677,1.2257548005096754,-0.027195723539692,3.8183,3.3368,0.3435,N
32,MacKenzie Weegar,7040.17,1.2458845386460546,0.5650625000670735,-0.6808220385789812,3.494,3.0515,0.4767,N
33,Damon Severson,6096.3,1.238273524200703,0.6905594032655448,-0.5477141209351583,3.5556,3.1096,0.3492,N
34,Erik Karlsson,6868.53,1.23224513796033,0.5145377728053504,-0.7177073651549798,3.4692,3.0354,0.2462,N
35,Roman Josi,6774.65,1.2183496910821896,0.3354602112607784,-0.8828894798214112,3.3813,2.9633,0.3704,N
36,Erik Gustafsson,4018.85,1.201285534231018,0.0015488081077023,-1.1997367261233156,3.2174,2.825,0.2636,N
37,Charlie McAvoy,5978.92,1.147285060735458,0.4792927009655206,-0.6679923597699374,3.4519,3.0571,0.4446,N
38,Nikita Zadorov,5828.4,1.115512423496614,0.5946031672160643,-0.5209092562805496,3.5085,3.1213,0.2977,N
39,Victor Hedman,6407.95,1.095404448500909,0.537151662829751,-0.5582527856711579,3.4803,3.105,0.3611,N
40,John Marino,5329.9,1.0926701407909103,0.5112781129820139,-0.5813920278088964,3.4676,3.0949,0.2917,N
41,Dougie Hamilton,4973.03,1.0679138130749632,0.6033635029912817,-0.4645503100836815,3.5128,3.1459,0.3282,N
42,Chris Tanev,5180.57,1.0650965834978137,0.4365096657842228,-0.6285869177135908,3.4309,3.0743,0.5303,N
43,Nils Lundkvist,3024.13,1.053128196626718,0.6135499399392094,-0.4395782566875084,3.5178,3.1568,0.2756,N
44,Brandt Clarke,2213.1,1.0401936768452489,1.2306442902446812,0.1904506133994325,3.8207,3.4318,0.6344,N
45,Brandon Montour,6429.1,1.0329040151109352,0.895510514657854,-0.1373935004530812,3.6562,3.2887,0.2781,N
46,Ian Cole,5734.87,1.0318858094788002,0.3959676467314701,-0.6359181627473299,3.411,3.0711,0.4595,N
47,Conor Timmins,2065.5,1.0240391604273726,0.8176861363756844,-0.2063530240516883,3.618,3.2586,0.4107,N
48,Mikhail Sergachev,5903.13,0.979477087559294,0.8443746011792558,-0.135102486380038,3.6311,3.2897,0.3912,N
49,Josh Morrissey,7498.75,0.9763774597320368,0.1720697626160149,-0.8043076971160218,3.3011,2.9976,0.2566,N
50,Luke Hughes,3557.35,0.9496482750198084,0.6699828006307305,-0.2796654743890778,3.5455,3.2266,0.1795,N
51,Brayden McNabb,6244.72,0.9403602676222907,0.5532462332074767,-0.3871140344148142,3.4882,3.1797,0.601,N
52,Drew Doughty,5781.3,0.9372098171259582,-0.2437405935984013,-1.1809504107243596,3.097,2.8332,0.2797,N
53,Dylan Samberg,3991.53,0.9359721361180876,0.3419795309074524,-0.5939926052106353,3.3845,3.0894,0.3836,N
54,Calvin de Haan,3287.38,0.9147286535822508,-0.4403388266934092,-1.35506748027566,3.0005,2.7572,0.4247,N
55,Dmitry Kulikov,4882.2,0.8927240169276845,0.0325155764294033,-0.8602084404982813,3.2326,2.9732,0.2807,N
56,Ethan Bear,2128.33,0.8916521923886638,-0.2863199000407402,-1.177972092429404,3.0761,2.8345,0.2716,N
57,P.K. Subban,1276.87,0.8810090860767038,-0.2302944968271362,-1.11130358290384,3.1036,2.8636,0.3553,Y
58,Jake Sanderson,4934.65,0.8770381668151086,-0.3547727563308153,-1.231810923145924,3.0425,2.811,0.3312,N
59,Ryan Johnson,610.58,0.8660658085420776,-0.544444212301233,-1.4105100208433106,2.9494,2.733,0.3109,Y
60,Travis Dermott,1925.58,0.8433393716261783,-0.3435676756880945,-1.1869070473142729,3.048,2.8306,0.2602,Y
61,Vincent Desharnais,2728.53,0.8365011734421952,0.4913126965640755,-0.3451884768781196,3.4578,3.198,0.4663,N
62,Dylan Coghlan,1023.88,0.8354378795468235,0.6930041481330472,-0.1424337314137762,3.5568,3.2865,0.4201,Y
63,Adam Wilsby,962.4,0.8316464117437599,1.1336694105004077,0.3020229987566475,3.7731,3.4805,0.2914,Y
64,Hampus Lindholm,5227.93,0.8255884905459708,0.2606917640629873,-0.5648967264829835,3.3446,3.1021,0.3296,N
65,Rasmus Dahlin,7429.18,0.8244687169080707,-0.3631256346281157,-1.1875943515361864,3.0384,2.8303,0.3122,N
66,Dylan DeMelo,6523.6,0.8161146918221114,0.1877568755158244,-0.628357816306287,3.3088,3.0744,0.3026,N
67,Joel Hanley,2659.63,0.8064941981630553,0.6292370528390189,-0.1772571453240364,3.5255,3.2713,0.5003,N
68,Emil Andrae,1211.62,0.8053466809471078,0.9990047140488008,0.1936580331016929,3.707,3.4332,0.4277,Y
69,Uvis Balinskis,1657.53,0.7938934660965487,0.3790581613979095,-0.4148353046986391,3.4027,3.1676,0.238,Y
70,Jonas Brodin,5368.75,0.7878865222326028,-0.1190586053557641,-0.906945127588367,3.1582,2.9528,0.4045,N
71,Declan Chisholm,1605.3,0.7796052389209942,-0.2015687446339795,-0.9811739835549738,3.1177,2.9204,0.2953,Y
72,Pierre-Olivier Joseph,2660.3,0.7616931917905969,0.444455086603607,-0.3172381051869899,3.4348,3.2102,0.2256,N
73,Brendan Smith,2710.55,0.7511601968626007,-0.0412342270735946,-0.7923944239361953,3.1964,3.0028,0.4017,N
74,TJ Brodie,4812.8,0.7466632940940507,0.0427020133773309,-0.7039612807167197,3.2376,3.0414,0.4002,N
75,Owen Power,5424.87,0.7447081811794237,0.1798114546964402,-0.5648967264829835,3.3049,3.1021,0.2726,N
76,Rasmus Sandin,5248.05,0.7205595733827348,0.7011532976913896,-0.0194062756913452,3.5608,3.3402,0.3585,N
77,Colin Miller,3368.02,0.7162516575748041,-0.1251704675245211,-0.8414221250993252,3.1552,2.9814,0.2577,N
78,Justin Holl,4138.58,0.7150538717510149,-0.1909748502081348,-0.9060287219591496,3.1229,2.9532,0.3243,N
79,Brayden Pachal,2036.52,0.6819716491890727,0.0838552186469596,-0.598116430542113,3.2578,3.0876,0.3681,N
80,Shayne Gostisbehere,5686.02,0.6794440597868021,0.0655196321406896,-0.6139244276461124,3.2488,3.0807,0.3281,N
81,Thomas Chabot,5730.4,0.6779440827856319,0.0702053931367364,-0.6077386896488954,3.2511,3.0834,0.3918,N
82,Jared Spurgeon,4669.63,0.6754418660517071,0.0516660778915074,-0.6237757881601996,3.242,3.0764,0.4621,N
83,Zach Werenski,5893.5,0.6655010504716978,0.2069073769779285,-0.4585936734937693,3.3182,3.1485,0.3046,N
84,Darnell Nurse,6830.23,0.653454213352056,1.440484891371996,0.7870306780199401,3.9237,3.6922,0.511,N
85,Kris Letang,6860.53,0.6508699895424863,0.3464615631645402,-0.3044084263779461,3.3867,3.2158,0.3364,N
86,Chad Ruhwedel,2279.92,0.6442845513871659,-0.3843134234798061,-1.028597974866972,3.028,2.8997,0.2971,N
87,Jonas Siegenthaler,5494.52,0.6328902517866741,0.1394731643826456,-0.4934170874040285,3.2851,3.1333,0.4377,N
88,Nick Perbix,3971.65,0.6314248094911166,0.4786815147486445,-0.152743294742472,3.4516,3.282,0.3809,N
89,Sean Durzi,4699.42,0.6266173782324942,0.4253045851415019,-0.2013127930909923,3.4254,3.2608,0.5372,N
90,Morgan Rielly,6475.82,0.615049013583585,0.6469614531284128,0.0319124395448278,3.5342,3.3626,0.3705,N
91,Alex Goligoski,2358.88,0.6047417438322068,-0.4715093237540692,-1.076251067586276,2.9852,2.8789,0.3598,N
92,Parker Wotherspoon,2488.45,0.5919076839340379,0.8916396686176413,0.2997319846836034,3.6543,3.4795,0.4167,N
93,Justin Schultz,3215.92,0.5913264448055926,-0.1596006244085167,-0.7509270692141093,3.1383,3.0209,0.354,N
94,Mikey Anderson,6154.18,0.5903399776412599,-0.0192315232660709,-0.6095715009073309,3.2072,3.0826,0.3422,N
95,Timothy Liljegren,4263.85,0.5744295364061784,0.8535423944323912,0.2791128580262128,3.6356,3.4705,0.4607,N
96,Brett Kulak,5804.53,0.5700864804306617,1.127557548331651,0.557471067900989,3.7701,3.592,0.4188,N
97,Rasmus Andersson,7060.22,0.5647261336145186,-0.0324738912983771,-0.5972000249128958,3.2007,3.088,0.3984,N
98,J.J. Moser,5155.82,0.5601740398223146,0.1034131775869808,-0.4567608622353337,3.2674,3.1493,0.3133,N
99,Daniil Miromanov,1495.58,0.5574081096430903,-0.3747381727487536,-0.9321462823918438,3.0327,2.9418,0.2827,Y
100,Michael Kesselring,2604.57,0.5314473855721994,-0.1773250246979116,-0.708772410270111,3.1296,3.0393,0.2855,N
