season,team,conference,gp,points,points_pct,wins,goal_diff,goal_diff_per_game,TNFI_pct,NFI_composite,F_top6_n,F_top6_twoway,F_bot6_n,F_bot6_twoway,D_top4_n,D_top4_twoway,starter_goalie_id,starter_goalie_name,starter_goalie_toi_min,starter_NFI_GSAx_per60,g_high,archetype,arche_g,made_playoffs,round1_win,round2_win,cf_win,cup_win,conf_rank,contender_top4_conf
20212022,ANA,W,82,76,0.4634,31,-39,-0.47560975609756095,0.469208211143695,-9.80375043817989,6,-1.0704822269601009,6,-0.7108510518269405,4,-0.11246858529381804,8476434,John Gibson,3179.016666666667,-0.01,False,D_LowF_LowD,D_LowF_LowD_Glo,False,False,False,False,False,13,False
20212022,ARI,W,82,57,0.3476,25,-106,-1.2926829268292683,0.4304267161410018,-25.33391975161645,6,-0.2664867668639121,6,-0.46378022796199064,4,-1.3050657653798983,8478872,Karel Vejmelka,2750.5333333333333,-0.0,True,D_LowF_LowD,D_LowF_LowD_Ghi,False,False,False,False,False,16,False
20212022,BOS,E,82,107,0.6524,51,35,0.4268292682926829,0.5518154311649016,11.059226406933446,6,1.9939751409909328,6,0.4688553318169635,4,0.6831985171545771,8480280,Jeremy Swayman,2369.6666666666665,0.21,True,A_HighF_HighD,A_HighF_HighD_Ghi,True,False,False,False,False,6,False
20212022,BUF,E,82,75,0.4573,32,-58,-0.7073170731707317,0.4744065281899109,-16.481112071174756,6,-0.252035423201379,6,-0.7479355346881662,4,-0.8236196565992079,8467950,Craig Anderson,1869.1833333333334,0.01,True,D_LowF_LowD,D_LowF_LowD_Ghi,False,False,False,False,False,11,False
20212022,CAR,E,82,116,0.7073,54,76,0.926829268292683,0.5583173996175909,26.56046541403106,6,1.5681174050289586,6,1.569295428118287,4,1.9345601370952128,8475883,Frederik Andersen,3041.7,-0.03,False,A_HighF_HighD,A_HighF_HighD_Glo,True,True,False,False,False,2,True
20212022,CBJ,E,82,81,0.4939,37,-38,-0.4634146341463415,0.4519508670520231,-19.138484448538144,6,-0.7901930538332489,6,-0.9224848156670754,4,-0.30138544439133763,8478007,Elvis Merzlikins,3299.65,-0.06,False,D_LowF_LowD,D_LowF_LowD_Glo,False,False,False,False,False,10,False
20212022,CGY,W,82,111,0.6768,50,85,1.0365853658536586,0.5537139349294046,29.258146863453135,6,1.7136675986580874,6,0.5957811949098402,4,1.0255522135797297,8474593,Jacob Markstrom,3667.55,-0.0,True,A_HighF_HighD,A_HighF_HighD_Ghi,True,True,False,False,False,3,True
20212022,CHI,W,82,68,0.4146,28,-72,-0.8780487804878049,0.4534136546184739,-25.11776656753016,6,-0.5201068416767337,6,-1.7018343053132536,4,-0.1898829651099917,8470594,Marc-Andre Fleury,2591.45,0.06,True,D_LowF_LowD,D_LowF_LowD_Ghi,False,False,False,False,False,14,False
20212022,COL,W,82,119,0.7256,56,78,0.9512195121951219,0.5526946107784431,28.647111241673223,6,1.0007376249785997,6,-0.7698171165276202,4,1.628674469979291,8475311,Darcy Kuemper,3287.0666666666666,0.08,True,A_HighF_HighD,A_HighF_HighD_Ghi,True,True,True,True,True,1,True
20212022,DAL,W,82,98,0.5976,46,-8,-0.0975609756097561,0.5075653370013755,11.86728094638358,6,1.2842043888256736,6,-0.1394277009523346,4,0.7883657574288605,8479979,Jake Oettinger,2681.2,0.03,True,A_HighF_HighD,A_HighF_HighD_Ghi,True,False,False,False,False,7,False
20212022,DET,E,82,74,0.4512,32,-82,-1.0,0.4489402697495183,-18.74052720262751,6,-0.35081339677172013,6,-1.7940873771120354,4,-0.6847411145896076,8477968,Alex Nedeljkovic,3190.8166666666666,0.0,True,D_LowF_LowD,D_LowF_LowD_Ghi,False,False,False,False,False,12,False
20212022,EDM,W,82,104,0.6341,49,38,0.4634146341463415,0.5167219041880085,14.188459633724008,6,2.121032996561621,6,0.003202711050527718,4,1.2148427654995224,8475156,Mikko Koskinen,2644.9,0.29,True,A_HighF_HighD,A_HighF_HighD_Ghi,True,True,True,False,False,5,False
20212022,FLA,E,82,122,0.7439,58,94,1.146341463414634,0.5697637795275591,28.79056217635246,6,1.090165560483335,6,0.18084126321557004,4,1.1985864931849441,8475683,Sergei Bobrovsky,3102.0333333333333,0.13,True,A_HighF_HighD,A_HighF_HighD_Ghi,True,True,False,False,False,1,True
20212022,LAK,W,82,99,0.6037,44,3,0.036585365853658534,0.5161516853932584,10.875338724727708,6,1.2184651623900067,6,0.1403131988133095,4,0.4402057848935501,8471734,Jonathan Quick,2629.9166666666665,-0.04,False,B_HighF_LowD,B_HighF_LowD_Glo,True,False,False,False,False,6,False
20212022,MIN,W,82,113,0.689,53,57,0.6951219512195121,0.5288496876148475,5.044442972685855,6,1.2027006231503752,6,0.04425299627786753,4,0.9414799938573939,8475660,Cam Talbot,2821.5333333333333,-0.07,False,A_HighF_HighD,A_HighF_HighD_Glo,True,False,False,False,False,2,True
20212022,MTL,E,82,55,0.3354,22,-98,-1.1951219512195121,0.4409509202453988,-22.219030612686726,6,-1.2363695768763556,6,-1.294921338918155,4,-1.2480440249843805,8474596,Jake Allen,1928.8,-0.04,False,D_LowF_LowD,D_LowF_LowD_Glo,False,False,False,False,False,16,False
20212022,NJD,E,82,63,0.3841,27,-59,-0.7195121951219512,0.5091776798825257,-11.140889444523562,6,1.1785173098583932,6,0.3674333558983891,4,1.0020298775099503,8478406,Mackenzie Blackwood,1439.2166666666667,-0.01,False,A_HighF_HighD,A_HighF_HighD_Glo,False,False,False,False,False,14,False
20212022,NSH,W,82,97,0.5915,45,14,0.17073170731707318,0.5043842927945101,-3.2119358019613795,6,0.24187947297814594,6,0.2722234754892215,4,1.293115078572387,8477424,Juuse Saros,3895.383333333333,0.07,True,C_LowF_HighD,C_LowF_HighD_Ghi,True,False,False,False,False,8,False
20212022,NYI,E,82,84,0.5122,37,-6,-0.07317073170731707,0.4640686449767608,-3.957587870974899,6,0.15930032250756468,6,-0.9044633953539636,4,-0.32758432095280743,8478009,Ilya Sorokin,3037.0666666666666,0.34,True,D_LowF_LowD,D_LowF_LowD_Ghi,False,False,False,False,False,9,False
20212022,NYR,E,82,110,0.6707,52,47,0.573170731707317,0.4504981320049813,-5.064318447882731,6,-0.7760719100178849,6,-1.3789221132618534,4,-0.28604059947584637,8478048,Igor Shesterkin,3096.15,0.37,True,D_LowF_LowD,D_LowF_LowD_Ghi,True,True,True,False,False,4,True
20212022,OTT,E,82,73,0.4451,33,-39,-0.47560975609756095,0.4677296886864085,-13.636378741987423,6,0.5490797160966668,6,-1.128645431879901,4,-0.09169774826380417,8476341,Anton Forsberg,2547.0333333333333,0.11,True,B_HighF_LowD,B_HighF_LowD_Ghi,False,False,False,False,False,13,False
20212022,PHI,E,82,61,0.372,25,-87,-1.0609756097560976,0.450440107156525,-16.72736267116252,6,-0.19515693735021358,6,-0.24366370589139227,4,-0.41089932758909753,8479394,Carter Hart,2575.366666666667,0.05,True,D_LowF_LowD,D_LowF_LowD_Ghi,False,False,False,False,False,15,False
20212022,PIT,E,82,103,0.628,46,43,0.524390243902439,0.5343089430894309,12.169421006209626,6,0.6445802369210935,6,0.7149728198187746,4,0.39132770676725276,8477465,Tristan Jarry,3449.1,0.0,True,B_HighF_LowD,B_HighF_LowD_Ghi,True,False,False,False,False,7,False
20212022,SEA,W,82,60,0.3659,27,-69,-0.8414634146341463,0.5125,-12.253924483445292,6,0.3470933831981206,6,0.43940805468935623,4,0.5435658935224237,8475831,Philipp Grubauer,3084.1666666666665,-0.25,False,C_LowF_HighD,C_LowF_HighD_Glo,False,False,False,False,False,15,False
20212022,SJS,W,82,77,0.4695,32,-50,-0.6097560975609756,0.4674068767908309,-10.802094127349996,6,0.02235914749852988,6,-0.905501496069431,4,0.4272095000362553,8473503,James Reimer,2638.5333333333333,-0.31,False,D_LowF_LowD,D_LowF_LowD_Glo,False,False,False,False,False,12,False
20212022,STL,W,82,109,0.6646,49,69,0.8414634146341463,0.4719065656565656,-2.6187283966580273,6,-0.02590663749009901,6,-0.993050588794182,4,-1.3633502709722483,8478024,Ville Husso,2323.2833333333333,0.03,True,D_LowF_LowD,D_LowF_LowD_Ghi,True,True,False,False,False,4,True
20212022,TBL,E,82,110,0.6707,51,54,0.6585365853658537,0.5140740740740741,12.461859337193417,6,0.9049176486418622,6,0.5633200588673577,4,0.6801433763265778,8476883,Andrei Vasilevskiy,3717.75,0.25,True,A_HighF_HighD,A_HighF_HighD_Ghi,True,True,True,True,False,4,True
20212022,TOR,E,82,115,0.7012,54,62,0.7560975609756098,0.5545181727242414,13.5137769976682,6,1.6326260285983258,6,0.026739861915237778,4,1.0921039710842908,8475789,Jack Campbell,2760.4666666666667,-0.2,False,A_HighF_HighD,A_HighF_HighD_Glo,True,False,False,False,False,3,True
20212022,VAN,W,82,92,0.561,40,13,0.15853658536585366,0.4821037253469686,3.741636371641074,6,0.2832050627788011,6,-0.5178199924209929,4,0.47576538171946137,8477967,Thatcher Demko,3664.05,0.26,True,D_LowF_LowD,D_LowF_LowD_Ghi,False,False,False,False,False,10,False
20212022,VGK,W,82,94,0.5732,43,18,0.21951219512195122,0.5365679628968962,14.273647943761242,6,0.5065072027532334,6,0.5064794993932862,4,1.5208612304474731,8475215,Robin Lehner,2521.883333333333,0.19,True,C_LowF_HighD,C_LowF_HighD_Ghi,False,False,False,False,False,9,False
20212022,WPG,W,82,89,0.5427,39,-5,-0.06097560975609756,0.5001630257580698,6.855093048193355,6,0.4122554304690799,6,-0.4911969732540178,4,0.5695579167360748,8476945,Connor Hellebuyck,3859.5666666666666,0.22,True,C_LowF_HighD,C_LowF_HighD_Ghi,False,False,False,False,False,11,False
20212022,WSH,E,82,100,0.6098,44,30,0.36585365853658536,0.4994567185802245,0.0788780941387732,6,0.14491047795936576,6,0.1020110308783929,4,0.4408350721503685,8477970,Vitek Vanecek,2401.6833333333334,-0.19,False,D_LowF_LowD,D_LowF_LowD_Glo,True,False,False,False,False,8,False
20222023,ANA,W,82,58,0.3537,23,-129,-1.5731707317073171,0.38498957609451,-34.341733853968776,6,-1.7383206587686608,6,-2.155991387765892,4,-0.9834587855940633,8476434,John Gibson,2964.45,-0.01,False,D_LowF_LowD,D_LowF_LowD_Glo,False,False,False,False,False,16,False
20222023,ARI,W,82,70,0.4268,28,-71,-0.8658536585365854,0.4450058297706957,-17.84213756719522,6,-0.4222429706220973,6,-1.2838789099480798,4,-0.5843413578405903,8478872,Karel Vejmelka,2913.9,-0.0,True,D_LowF_LowD,D_LowF_LowD_Ghi,False,False,False,False,False,13,False
20222023,BOS,E,82,135,0.8232,65,128,1.5609756097560976,0.5411639460610362,25.992588679735977,6,1.369661033151475,6,0.4249185630920413,4,1.0492369022475154,8476999,Linus Ullmark,2867.366666666667,0.1,True,A_HighF_HighD,A_HighF_HighD_Ghi,True,False,False,False,False,1,True
20222023,BUF,E,81,89,0.5494,41,-7,-0.08641975308641975,0.4973876698014629,-3.668454906508762,6,-0.09888431387035555,6,-0.3795422561768594,4,-0.36230533944362336,8480045,Ukko-Pekka Luukkonen,1883.6833333333334,-0.11,False,D_LowF_LowD,D_LowF_LowD_Glo,False,False,False,False,False,10,False
20222023,CAR,E,82,113,0.689,52,53,0.6463414634146342,0.5821042281219272,33.20590210681015,6,2.1964428092270807,6,2.119352883126815,4,1.8979382837864622,8475883,Frederik Andersen,1959.7833333333333,-0.03,False,A_HighF_HighD,A_HighF_HighD_Glo,True,True,True,False,False,2,True
20222023,CBJ,E,81,59,0.3642,25,-113,-1.3950617283950617,0.4406409322651129,-21.987978491071814,6,-0.6497321210769622,6,-0.9784525518699484,4,-0.5849587791942946,8478007,Elvis Merzlikins,1549.5166666666667,-0.06,False,D_LowF_LowD,D_LowF_LowD_Glo,False,False,False,False,False,16,False
20222023,CGY,W,82,93,0.5671,38,8,0.0975609756097561,0.5516363636363636,4.889569554412226,6,1.3044363816101892,6,0.28324471686582714,4,1.389286030103635,8474593,Jacob Markstrom,3345.483333333333,-0.0,True,A_HighF_HighD,A_HighF_HighD_Ghi,False,False,False,False,False,9,False
20222023,CHI,W,82,59,0.3598,26,-97,-1.1829268292682926,0.4255573248407643,-27.173881156069104,6,-1.3248989567352376,6,-1.3517123368427466,4,-1.1806377070389917,8475852,Petr Mrazek,2139.9666666666667,-0.17,False,D_LowF_LowD,D_LowF_LowD_Glo,False,False,False,False,False,15,False
20222023,COL,W,81,107,0.6605,50,53,0.654320987654321,0.541969596827495,21.08363119645843,6,1.2192272537143085,6,0.6201845191374773,4,1.6286744699792912,8480382,Alexandar Georgiev,3638.8166666666666,0.01,True,A_HighF_HighD,A_HighF_HighD_Ghi,True,False,False,False,False,4,True
20222023,DAL,W,82,108,0.6585,47,67,0.8170731707317073,0.5162614461635617,18.259484046801735,6,1.4250431100189835,6,-0.2819817553360801,4,1.067069486927348,8479979,Jake Oettinger,3582.883333333333,0.03,True,A_HighF_HighD,A_HighF_HighD_Ghi,True,True,True,False,False,3,True
20222023,DET,E,82,80,0.4878,35,-39,-0.47560975609756095,0.4692435577722361,-13.547055049906856,6,-0.5572054533295705,6,-0.6537106058576619,4,-0.7154105678354596,8478024,Ville Husso,3179.1833333333334,0.03,True,D_LowF_LowD,D_LowF_LowD_Ghi,False,False,False,False,False,12,False
20222023,EDM,W,82,109,0.6646,50,65,0.7926829268292683,0.5397489539748954,14.798376625779689,6,1.8050868425226376,6,0.25322644367440195,4,1.4708794893117292,8479973,Stuart Skinner,2881.016666666667,-0.11,False,A_HighF_HighD,A_HighF_HighD_Glo,True,True,False,False,False,2,True
20222023,FLA,E,82,92,0.561,42,17,0.2073170731707317,0.522589928057554,23.582198381881703,6,1.7071898318312284,6,-0.20604238171077452,4,0.7285335325959149,8475683,Sergei Bobrovsky,2811.4166666666665,0.13,True,A_HighF_HighD,A_HighF_HighD_Ghi,True,True,True,True,False,8,False
20222023,LAK,W,82,104,0.6341,47,23,0.2804878048780488,0.5177228786251342,9.297635500012111,6,1.1958395283991037,6,0.7702764642131997,4,0.939432057573859,8477831,Pheonix Copley,2053.35,0.08,True,A_HighF_HighD,A_HighF_HighD_Ghi,True,False,False,False,False,5,False
20222023,MIN,W,82,103,0.628,46,21,0.25609756097560976,0.4956944964432797,4.3919360188636904,6,1.2474533903483613,6,0.21795846760642223,4,0.9697224456893039,8470594,Marc-Andre Fleury,2610.366666666667,0.06,True,A_HighF_HighD,A_HighF_HighD_Ghi,True,False,False,False,False,6,False
20222023,MTL,E,82,68,0.4146,31,-75,-0.9146341463414634,0.4397217928902627,-23.964655750552247,6,-1.0517522825666386,6,-0.6880816692062717,4,-0.8380677025374452,8474596,Jake Allen,2419.9166666666665,-0.04,False,D_LowF_LowD,D_LowF_LowD_Glo,False,False,False,False,False,15,False
20222023,NJD,E,82,112,0.6829,52,65,0.7926829268292683,0.5402298850574713,17.7359953008822,6,1.7046939533270498,6,0.23606048068814414,4,1.0154584626870864,8477970,Vitek Vanecek,2878.3,-0.19,False,A_HighF_HighD,A_HighF_HighD_Glo,True,True,False,False,False,3,True
20222023,NSH,W,81,92,0.5679,42,-8,-0.09876543209876543,0.4765710134398838,1.057607453663639,6,0.31555493042011784,6,0.6811372139331026,4,1.438535911551743,8477424,Juuse Saros,3750.55,0.07,True,C_LowF_HighD,C_LowF_HighD_Ghi,False,False,False,False,False,10,False
20222023,NYI,E,82,93,0.5671,42,21,0.25609756097560976,0.4922973878097789,7.4167971423455645,6,0.14852518474752935,6,-0.017422899689991087,4,-0.43832670049509287,8478009,Ilya Sorokin,3528.266666666667,0.34,True,D_LowF_LowD,D_LowF_LowD_Ghi,True,False,False,False,False,7,False
20222023,NYR,E,82,107,0.6524,47,58,0.7073170731707317,0.4851485148514851,4.3846778650680704,6,0.0013725528028324385,6,-1.1348151522023688,4,-0.485868907136656,8478048,Igor Shesterkin,3447.35,0.37,True,D_LowF_LowD,D_LowF_LowD_Ghi,True,False,False,False,False,5,False
20222023,OTT,E,82,86,0.5244,39,-10,-0.12195121951219512,0.5091546552395793,0.4212913053117665,6,1.2213854699407618,6,-0.6581835725654835,4,0.37023034779228525,8475660,Cam Talbot,1931.1,-0.07,False,B_HighF_LowD,B_HighF_LowD_Glo,False,False,False,False,False,11,False
20222023,PHI,E,82,75,0.4573,31,-55,-0.6707317073170732,0.4797245600612089,-6.049954750880792,6,0.4093977311373187,6,-0.9726668175638434,4,0.2352020727312913,8479394,Carter Hart,3118.266666666667,0.05,True,D_LowF_LowD,D_LowF_LowD_Ghi,False,False,False,False,False,14,False
20222023,PIT,E,82,91,0.5549,40,-2,-0.024390243902439025,0.5154709282556953,6.582853460126159,6,1.3411044941977925,6,-0.13858128789107985,4,0.5055653002556805,8477465,Tristan Jarry,2634.4166666666665,0.0,True,B_HighF_LowD,B_HighF_LowD_Ghi,False,False,False,False,False,9,False
20222023,SEA,W,82,100,0.6098,46,33,0.4024390243902439,0.5114247311827957,1.4194840998966374,6,0.5746904202298438,6,-0.2290753482908131,4,-0.04463535175014978,8474889,Martin Jones,2608.25,-0.1,False,B_HighF_LowD,B_HighF_LowD_Glo,True,True,False,False,False,7,False
20222023,SJS,W,82,60,0.3659,22,-87,-1.0609756097560976,0.4901408450704225,-13.337598459537498,6,-0.00908759339129698,6,-0.5713309605132205,4,-0.17450980912060993,8473503,James Reimer,2535.4166666666665,-0.31,False,D_LowF_LowD,D_LowF_LowD_Glo,False,False,False,False,False,14,False
20222023,STL,W,82,81,0.4939,37,-38,-0.4634146341463415,0.4679533867443554,-11.507039630899394,6,-0.21460031354391693,6,-1.5078666626481283,4,-1.1614194381545713,8476412,Jordan Binnington,3477.7166666666667,0.06,True,D_LowF_LowD,D_LowF_LowD_Ghi,False,False,False,False,False,12,False
20222023,TBL,E,82,98,0.5976,46,29,0.35365853658536583,0.524798927613941,12.730357666913136,6,0.8197500386590684,6,0.5591019849203426,4,1.334248647183846,8476883,Andrei Vasilevskiy,3564.0833333333335,0.25,True,A_HighF_HighD,A_HighF_HighD_Ghi,True,False,False,False,False,6,False
20222023,TOR,E,82,111,0.6768,50,57,0.6951219512195121,0.5423673997412678,25.09317995419263,6,1.728853019995172,6,0.6265326470409536,4,1.267684440034942,8478492,Ilya Samsonov,2443.45,-0.01,False,A_HighF_HighD,A_HighF_HighD_Glo,True,True,False,False,False,4,True
20222023,VAN,W,82,83,0.5061,38,-22,-0.2682926829268293,0.4819185382565664,-12.172696140954017,6,0.5878148813228198,6,-0.5712654425421893,4,0.6886765538782766,8477967,Thatcher Demko,1854.2333333333333,0.26,True,A_HighF_HighD,A_HighF_HighD_Ghi,False,False,False,False,False,11,False
20222023,VGK,W,82,111,0.6768,51,43,0.524390243902439,0.5314389359129383,24.089760993033348,6,0.507893311059365,6,0.6021141033441618,4,0.7757193218667425,8480313,Logan Thompson,2147.633333333333,0.17,True,C_LowF_HighD,C_LowF_HighD_Ghi,True,True,True,True,True,1,True
20222023,WPG,W,82,95,0.5793,46,22,0.2682926829268293,0.5022751137556878,9.401727714764824,6,0.25125730971692656,6,0.4113334026641051,4,0.471877265532494,8476945,Connor Hellebuyck,3756.3333333333335,0.22,True,D_LowF_LowD,D_LowF_LowD_Ghi,True,False,False,False,False,8,False
20222023,WSH,E,82,80,0.4878,35,-10,-0.12195121951219512,0.4762971257932064,-4.914901768741117,6,-0.1055158130174364,6,0.4813010345393887,4,0.24982817478061192,8475311,Darcy Kuemper,3185.866666666667,0.08,True,D_LowF_LowD,D_LowF_LowD_Ghi,False,False,False,False,False,12,False
20232024,ANA,W,82,59,0.3598,27,-91,-1.1097560975609757,0.4387402933563417,-17.14083850758323,6,-1.4979125158644964,6,-1.6612192086039068,4,-0.4748501827405939,8476434,John Gibson,2544.8166666666666,-0.01,False,D_LowF_LowD,D_LowF_LowD_Glo,False,False,False,False,False,14,False
20232024,ARI,W,82,77,0.4695,36,-18,-0.21951219512195122,0.4885204081632653,-4.221956131356554,6,0.23215947710967044,6,0.1951807099999956,4,0.5078697215926156,8478971,Connor Ingram,2792.75,0.01,True,D_LowF_LowD,D_LowF_LowD_Ghi,False,False,False,False,False,13,False
20232024,BOS,E,82,109,0.6646,47,43,0.524390243902439,0.5031124130355181,12.954763621697584,6,0.9126449358412879,6,0.37908295459121605,4,1.0181743285062739,8480280,Jeremy Swayman,2540.4,0.21,True,A_HighF_HighD,A_HighF_HighD_Ghi,True,True,False,False,False,4,True
20232024,BUF,E,82,84,0.5122,39,2,0.024390243902439025,0.5,-0.6813674721153418,6,0.024428468908059924,6,-0.27690944361665826,4,0.011682692799524802,8480045,Ukko-Pekka Luukkonen,3067.883333333333,-0.11,False,D_LowF_LowD,D_LowF_LowD_Glo,False,False,False,False,False,12,False
20232024,CAR,E,82,111,0.6768,52,63,0.7682926829268293,0.5574516496018203,12.715727022401923,6,2.0232517182177827,6,1.4106861835498705,4,1.8348453281094774,8481611,Pyotr Kochetkov,2362.6833333333334,-0.05,False,A_HighF_HighD,A_HighF_HighD_Glo,True,True,False,False,False,2,True
20232024,CBJ,E,82,66,0.4024,27,-63,-0.7682926829268293,0.4510655090765588,-16.63173428605929,6,-0.3933697183155788,6,-0.9756792524774763,4,0.32246220801585196,8478007,Elvis Merzlikins,2246.6,-0.06,False,D_LowF_LowD,D_LowF_LowD_Glo,False,False,False,False,False,16,False
20232024,CGY,W,82,81,0.4939,38,-18,-0.21951219512195122,0.5056315366049879,-4.989248535403316,6,1.4274491674436087,6,-0.23042015563476728,4,1.5640825095925228,8474593,Jacob Markstrom,2832.7833333333333,-0.0,True,A_HighF_HighD,A_HighF_HighD_Ghi,False,False,False,False,False,11,False
20232024,CHI,W,82,52,0.3171,23,-111,-1.353658536585366,0.4238768718801997,-20.842081773372055,6,-1.1808633953079621,6,-0.9529611630648881,4,-1.7418292726723246,8475852,Petr Mrazek,3150.2166666666667,-0.17,False,D_LowF_LowD,D_LowF_LowD_Glo,False,False,False,False,False,15,False
20232024,COL,W,82,107,0.6524,50,50,0.6097560975609756,0.5472088215024121,13.02049675664606,6,1.1388724777641561,6,0.5109725728887045,4,1.2572337980221455,8480382,Alexandar Georgiev,3646.1,0.01,True,A_HighF_HighD,A_HighF_HighD_Ghi,True,True,False,False,False,4,True
20232024,DAL,W,82,113,0.689,52,64,0.7804878048780488,0.5485468956406869,18.220990085221587,6,1.4858046812553403,6,0.5810789497025229,4,1.4860272834940407,8479979,Jake Oettinger,3068.9,0.03,True,A_HighF_HighD,A_HighF_HighD_Ghi,True,True,True,False,False,1,True
20232024,DET,E,82,91,0.5549,41,4,0.04878048780487805,0.4475955610357583,-21.229317644408617,6,-0.30417200096897534,6,-1.0461347459866188,4,-0.6885653237223938,8479312,Alex Lyon,2468.7,0.01,True,D_LowF_LowD,D_LowF_LowD_Ghi,False,False,False,False,False,8,False
20232024,EDM,W,82,104,0.6341,49,57,0.6951219512195121,0.5581177937052041,22.916611183594373,6,1.7616933368865777,6,0.48810615584337763,4,1.8917525077658235,8479973,Stuart Skinner,3347.05,-0.11,False,A_HighF_HighD,A_HighF_HighD_Glo,True,True,True,True,False,5,False
20232024,FLA,E,82,110,0.6707,52,68,0.8292682926829268,0.5325903411009794,24.003836838095825,6,1.7598012383835064,6,-0.14431986882536932,4,0.49192292989755826,8475683,Sergei Bobrovsky,3380.1666666666665,0.13,True,B_HighF_LowD,B_HighF_LowD_Ghi,True,True,True,True,True,3,True
20232024,LAK,W,82,99,0.6037,44,41,0.5,0.5220618556701031,4.289281031698138,6,1.3680437198783426,6,0.7124331342290781,4,0.7656565007927236,8475660,Cam Talbot,3105.0833333333335,-0.07,False,A_HighF_HighD,A_HighF_HighD_Glo,True,False,False,False,False,6,False
20232024,MIN,W,82,87,0.5305,39,-12,-0.14634146341463414,0.4904401956425078,-6.673230958383163,6,1.327770237288974,6,0.03029298217317315,4,0.7547667117918702,8479406,Filip Gustavsson,2519.6833333333334,-0.01,False,A_HighF_HighD,A_HighF_HighD_Glo,False,False,False,False,False,10,False
20232024,MTL,E,82,76,0.4634,30,-53,-0.6463414634146342,0.4520388349514563,-9.594482084337145,6,-0.5644324949243509,6,-1.7327146304584575,4,-0.8901925254362116,8478470,Samuel Montembeault,2385.75,-0.1,False,D_LowF_LowD,D_LowF_LowD_Glo,False,False,False,False,False,15,False
20232024,NJD,E,82,81,0.4939,38,-19,-0.23170731707317074,0.5050377833753149,-5.634451916477433,6,1.7234073798364633,6,-0.4043975872246725,4,0.4471288691195906,8477970,Vitek Vanecek,1795.3,-0.19,False,B_HighF_LowD,B_HighF_LowD_Glo,False,False,False,False,False,13,False
20232024,NSH,W,82,99,0.6037,47,21,0.25609756097560976,0.5411899313501144,14.275517736983026,6,0.5877871726979823,6,0.4781038794088421,4,0.6171371209664875,8477424,Juuse Saros,3597.8166666666666,0.07,True,A_HighF_HighD,A_HighF_HighD_Ghi,True,False,False,False,False,6,False
20232024,NYI,E,82,94,0.5732,39,-17,-0.2073170731707317,0.4895477004941087,2.713018287114183,6,0.32218240807805654,6,-0.6836870311028589,4,-0.2506521889949996,8478009,Ilya Sorokin,3315.3,0.34,True,D_LowF_LowD,D_LowF_LowD_Ghi,True,False,False,False,False,7,False
20232024,NYR,E,82,114,0.6951,55,53,0.6463414634146342,0.4919160646714826,-2.611259012304126,6,-0.24207671452566829,6,-0.5904593332950144,4,-0.28604059947584637,8478048,Igor Shesterkin,3257.7833333333333,0.37,True,D_LowF_LowD,D_LowF_LowD_Ghi,True,True,True,False,False,1,True
20232024,OTT,E,82,78,0.4756,37,-26,-0.3170731707317073,0.4941763727121464,-13.559056428744462,6,1.171583647547789,6,-0.18619980068966605,4,0.6158232141927628,8476914,Joonas Korpisalo,3064.366666666667,-0.05,False,A_HighF_HighD,A_HighF_HighD_Glo,False,False,False,False,False,14,False
20232024,PHI,E,82,87,0.5305,38,-26,-0.3170731707317073,0.5264756944444444,-10.60184021497218,6,0.9428592179360898,6,0.5579722144358201,4,1.2920307953113928,8481035,Samuel Ersson,2823.1833333333334,-0.37,False,A_HighF_HighD,A_HighF_HighD_Glo,False,False,False,False,False,11,False
20232024,PIT,E,82,88,0.5366,38,4,0.04878048780487805,0.5049019607843137,1.270224281780059,6,0.9709197260331711,6,0.379723023965937,4,0.9135340709662764,8477465,Tristan Jarry,2723.2,0.0,True,A_HighF_HighD,A_HighF_HighD_Ghi,False,False,False,False,False,10,False
20232024,SEA,W,82,81,0.4939,34,-19,-0.23170731707317074,0.509465713083719,2.410590033784655,6,0.5717387152306966,6,0.41891866499502917,4,0.0888980134349284,8478916,Joey Daccord,2784.733333333333,-0.04,False,B_HighF_LowD,B_HighF_LowD_Glo,False,False,False,False,False,11,False
20232024,SJS,W,82,47,0.2866,19,-150,-1.829268292682927,0.4133653461384554,-25.891575277816465,6,-0.7352147199932175,6,-1.7608864220932634,4,-0.980159609357006,8478406,Mackenzie Blackwood,2417.75,-0.01,False,D_LowF_LowD,D_LowF_LowD_Glo,False,False,False,False,False,16,False
20232024,STL,W,82,92,0.561,43,-11,-0.13414634146341464,0.4525458248472505,-14.525041456072548,6,-0.32507090855619314,6,-1.3608311567791256,4,-1.1614194381545713,8476412,Jordan Binnington,3240.9333333333334,0.06,True,D_LowF_LowD,D_LowF_LowD_Ghi,False,False,False,False,False,9,False
20232024,TBL,E,82,98,0.5976,45,23,0.2804878048780488,0.5211323763955343,-4.828530947527317,6,1.0807677359621939,6,-0.7631059679854534,4,1.0520061877285247,8476883,Andrei Vasilevskiy,3039.2166666666667,0.25,True,A_HighF_HighD,A_HighF_HighD_Ghi,True,False,False,False,False,6,False
20232024,TOR,E,82,102,0.622,46,40,0.4878048780487805,0.5160928143712575,7.966698049364981,6,1.2447216864131996,6,-0.30972685178577547,4,0.06188709183265684,8478492,Ilya Samsonov,2255.483333333333,-0.01,False,B_HighF_LowD,B_HighF_LowD_Glo,True,False,False,False,False,5,False
20232024,VAN,W,82,109,0.6646,50,56,0.6829268292682927,0.5344827586206896,15.5308071249048,6,0.370849996698213,6,0.17520373885319138,4,0.7490900806814996,8477967,Thatcher Demko,2992.0666666666666,0.26,True,C_LowF_HighD,C_LowF_HighD_Ghi,True,True,False,False,False,3,True
20232024,VGK,W,82,98,0.5976,45,22,0.2682926829268293,0.5109996140486299,5.526110826102534,6,0.6644355181257919,6,1.3319351594667392,4,1.100332458312429,8480313,Logan Thompson,2620.75,0.17,True,A_HighF_HighD,A_HighF_HighD_Ghi,True,False,False,False,False,8,False
20232024,WPG,W,82,110,0.6707,52,60,0.7317073170731707,0.5062809288161401,13.00103855133182,6,0.5138233330819516,6,0.4058202840788547,4,0.471877265532494,8476945,Connor Hellebuyck,3545.4,0.22,True,D_LowF_LowD,D_LowF_LowD_Ghi,True,False,False,False,False,2,True
20232024,WSH,E,82,91,0.5549,40,-37,-0.45121951219512196,0.4605628220372572,-14.958480394419944,6,-0.01732445903309704,6,-0.10011526256446801,4,0.5098863377440053,8479292,Charlie Lindgren,2828.8,-0.19,False,D_LowF_LowD,D_LowF_LowD_Glo,True,False,False,False,False,8,False
20242025,ANA,W,82,80,0.4878,35,-42,-0.5121951219512195,0.4392452830188679,-15.46716231590192,6,-1.2850281468972533,6,-1.4807679403117238,4,-0.24026550369010186,8480843,Lukas Dostal,2883.25,-0.05,False,D_LowF_LowD,D_LowF_LowD_Glo,False,False,False,False,False,12,False
20242025,BOS,E,82,76,0.4634,33,-50,-0.6097560975609756,0.4698314108251996,-8.755371159783202,6,0.8280671000218943,6,0.10380165996729825,4,-0.20977162262926854,8480280,Jeremy Swayman,3177.35,0.21,True,B_HighF_LowD,B_HighF_LowD_Ghi,False,False,False,False,False,15,False
20242025,BUF,E,82,79,0.4817,36,-20,-0.24390243902439024,0.4885339885339885,-13.465453398018829,6,0.18042696845402661,6,-0.2854856302573389,4,-0.1937688635501228,8480045,Ukko-Pekka Luukkonen,3073.0,-0.11,False,D_LowF_LowD,D_LowF_LowD_Glo,False,False,False,False,False,14,False
20242025,CAR,E,82,99,0.6037,47,33,0.4024390243902439,0.5418839068474105,12.34295108411253,6,2.415734416777808,6,1.6233121694565449,4,2.0871970259531527,8481611,Pyotr Kochetkov,2672.45,-0.05,False,A_HighF_HighD,A_HighF_HighD_Glo,True,True,True,False,False,4,True
20242025,CBJ,E,82,89,0.5427,40,5,0.06097560975609756,0.4728712871287128,-5.506890329214382,6,-0.2444325483601957,6,-0.667867611725934,4,0.6877820826396691,8478007,Elvis Merzlikins,3067.866666666667,-0.06,False,C_LowF_HighD,C_LowF_HighD_Glo,False,False,False,False,False,9,False
20242025,CGY,W,82,96,0.5854,41,-13,-0.15853658536585366,0.5106106539627544,0.4435369417649717,6,1.0234285718356277,6,0.11696915368105214,4,0.8439813091263781,8481692,Dustin Wolf,2952.866666666667,-0.16,False,A_HighF_HighD,A_HighF_HighD_Glo,False,False,False,False,False,8,False
20242025,CHI,W,82,61,0.372,25,-70,-0.8536585365853658,0.4244087837837837,-27.41683074408808,6,-0.5256888521599881,6,-0.8655676506917481,4,-1.6585528479767762,8482821,Arvid Soderblom,1954.8833333333334,-0.34,False,D_LowF_LowD,D_LowF_LowD_Glo,False,False,False,False,False,15,False
20242025,COL,W,82,102,0.622,49,43,0.524390243902439,0.5525028227324049,14.195014028657852,6,1.2134822694376637,6,0.35079967892055786,4,2.293633493889882,8478406,Mackenzie Blackwood,2028.65,-0.01,False,A_HighF_HighD,A_HighF_HighD_Glo,True,False,False,False,False,5,False
20242025,DAL,W,82,106,0.6463,50,53,0.6463414634146342,0.4966887417218543,5.350013119074865,6,1.1611204364002679,6,0.26112997421064155,4,1.131874453597114,8479979,Jake Oettinger,3258.4166666666665,0.03,True,A_HighF_HighD,A_HighF_HighD_Ghi,True,True,True,False,False,3,True
20242025,DET,E,82,86,0.5244,39,-21,-0.25609756097560976,0.4629005059021922,-4.0240044754735464,6,-0.2645523950682429,6,-0.8675407022696899,4,-0.20557981500034922,8475660,Cam Talbot,2442.483333333333,-0.07,False,D_LowF_LowD,D_LowF_LowD_Glo,False,False,False,False,False,10,False
20242025,EDM,W,82,101,0.6159,48,23,0.2804878048780488,0.5424604455925088,9.400326346113427,6,1.5465160440381582,6,0.43836637165145415,4,2.1721360019948617,8479973,Stuart Skinner,2871.45,-0.11,False,A_HighF_HighD,A_HighF_HighD_Glo,True,True,True,True,False,6,False
20242025,FLA,E,82,98,0.5976,47,29,0.35365853658536583,0.5378486055776892,24.513746262734102,6,1.4665695947252335,6,0.8139032371661113,4,0.496761287821404,8475683,Sergei Bobrovsky,2983.65,0.13,True,B_HighF_LowD,B_HighF_LowD_Ghi,True,True,True,True,True,5,False
20242025,LAK,W,82,105,0.6402,48,44,0.5365853658536586,0.5385871784401797,12.17960487024834,6,1.4171204884609132,6,1.1422876163604028,4,0.808803176191986,8475311,Darcy Kuemper,2793.7166666666667,0.08,True,A_HighF_HighD,A_HighF_HighD_Ghi,True,False,False,False,False,4,True
20242025,MIN,W,82,97,0.5915,45,-11,-0.13414634146341464,0.4739562624254473,-2.9191621681620634,6,0.8773007796184222,6,-1.2311134199828773,4,0.8573393588356832,8479406,Filip Gustavsson,3287.266666666667,-0.01,False,A_HighF_HighD,A_HighF_HighD_Glo,True,False,False,False,False,7,False
20242025,MTL,E,82,91,0.5549,40,-20,-0.24390243902439024,0.4852004496065942,-4.840304850087149,6,-0.8086412560892545,6,-0.7263102814567649,4,-0.5090677196353617,8478470,Samuel Montembeault,3338.05,-0.1,False,D_LowF_LowD,D_LowF_LowD_Glo,True,False,False,False,False,7,False
20242025,NJD,E,82,91,0.5549,42,20,0.24390243902439024,0.5028180354267311,2.7100189525623533,6,1.7922117577369747,6,0.15167225569466206,4,0.694014786456204,8474593,Jacob Markstrom,2761.4,-0.0,True,A_HighF_HighD,A_HighF_HighD_Ghi,True,False,False,False,False,7,False
20242025,NSH,W,82,68,0.4146,30,-60,-0.7317073170731707,0.5073560319461958,-4.744032281142003,6,0.4339321997824719,6,0.9171847301229265,4,0.7799618807590338,8477424,Juuse Saros,3216.266666666667,0.07,True,C_LowF_HighD,C_LowF_HighD_Ghi,False,False,False,False,False,14,False
20242025,NYI,E,82,82,0.5,35,-36,-0.43902439024390244,0.4993987975951904,4.1995004877565805,6,0.07317981714456055,6,-0.3469739955181442,4,-0.2506521889949996,8478009,Ilya Sorokin,3373.25,0.34,True,D_LowF_LowD,D_LowF_LowD_Ghi,False,False,False,False,False,12,False
20242025,NYR,E,82,85,0.5183,39,1,0.012195121951219513,0.4751491053677932,-11.675150837483828,6,0.0344737720403722,6,-0.28627294909136786,4,-0.46391933855731093,8478048,Igor Shesterkin,3371.2,0.37,True,D_LowF_LowD,D_LowF_LowD_Ghi,False,False,False,False,False,11,False
20242025,OTT,E,82,97,0.5915,45,9,0.10975609756097561,0.4985138004246284,-6.353084836666842,6,1.3082008248957722,6,-0.8247918509343243,4,0.5995850938060896,8476999,Linus Ullmark,2389.3166666666666,0.1,True,A_HighF_HighD,A_HighF_HighD_Ghi,True,False,False,False,False,6,False
20242025,PHI,E,82,76,0.4634,33,-48,-0.5853658536585366,0.5177730192719486,-14.251461144094904,6,1.3589864122185238,6,0.6015294499028933,4,0.7259608047690167,8481035,Samuel Ersson,2502.05,-0.37,False,A_HighF_HighD,A_HighF_HighD_Glo,False,False,False,False,False,15,False
20242025,PIT,E,82,80,0.4878,34,-50,-0.6097560975609756,0.4823672476692339,-11.866909302164991,6,1.2134071865414342,6,0.6906152381239375,4,0.9512680679582985,8477968,Alex Nedeljkovic,2119.633333333333,0.0,True,A_HighF_HighD,A_HighF_HighD_Ghi,False,False,False,False,False,13,False
20242025,SEA,W,82,76,0.4634,35,-18,-0.21951219512195122,0.4694386694386694,-11.35864051631043,6,0.0031378748634519706,6,-0.15925635236373684,4,0.3603069174527116,8478916,Joey Daccord,3171.0833333333335,-0.04,False,D_LowF_LowD,D_LowF_LowD_Glo,False,False,False,False,False,13,False
20242025,SJS,W,82,52,0.3171,20,-105,-1.2804878048780488,0.4364548494983277,-23.566434800983284,6,-0.2729410516599799,6,-0.6160327632200452,4,-0.166140030973189,8480382,Alexandar Georgiev,1600.6,0.01,True,D_LowF_LowD,D_LowF_LowD_Ghi,False,False,False,False,False,16,False
20242025,STL,W,82,96,0.5854,44,21,0.25609756097560976,0.5229357798165137,7.027158549549524,6,0.07290449085357248,6,-0.7397717901708615,4,0.05097279212758529,8476412,Jordan Binnington,3093.633333333333,0.06,True,D_LowF_LowD,D_LowF_LowD_Ghi,True,False,False,False,False,8,False
20242025,TBL,E,82,102,0.622,47,75,0.9146341463414634,0.5110015174506829,9.34450535226657,6,1.240733532838627,6,0.2922552090843081,4,1.1327172953669251,8476883,Andrei Vasilevskiy,3602.1833333333334,0.25,True,A_HighF_HighD,A_HighF_HighD_Ghi,True,False,False,False,False,3,True
20242025,TOR,E,82,108,0.6585,52,37,0.45121951219512196,0.500562429696288,6.320060551918337,6,1.561616290313104,6,-0.20357026393784775,4,0.9114780212246353,8479361,Joseph Woll,2306.633333333333,-0.01,False,A_HighF_HighD,A_HighF_HighD_Glo,True,True,False,False,False,2,True
20242025,UTA,W,82,89,0.5427,38,-10,-0.12195121951219512,0.5459077690070627,3.9824561555028297,6,0.4323399871164972,6,0.2297937423938016,4,1.01199348482653,8478872,Karel Vejmelka,3142.8333333333335,-0.0,True,C_LowF_HighD,C_LowF_HighD_Ghi,False,False,False,False,False,11,False
20242025,VAN,W,82,90,0.5488,38,-17,-0.2073170731707317,0.4980044345898004,-4.092367434763745,6,0.5310199552479823,6,-0.807453664784171,4,0.2752305022441667,8480947,Kevin Lankinen,2843.6833333333334,-0.04,False,B_HighF_LowD,B_HighF_LowD_Glo,False,False,False,False,False,10,False
20242025,VGK,W,82,110,0.6707,50,56,0.6829268292682927,0.5441441441441441,16.885566645691988,6,1.2797617413928137,6,0.5889858423197322,4,1.691774673322386,8478499,Adin Hill,2798.366666666667,-0.03,False,A_HighF_HighD,A_HighF_HighD_Glo,True,True,False,False,False,2,True
20242025,WPG,W,82,116,0.7073,56,86,1.048780487804878,0.5017934002869441,13.226822502708895,6,0.4574590086248001,6,0.518781886729651,4,0.7044036770945088,8476945,Connor Hellebuyck,3595.95,0.22,True,C_LowF_HighD,C_LowF_HighD_Ghi,True,True,False,False,False,1,True
20242025,WSH,E,82,111,0.6768,51,56,0.6829268292682927,0.5124056094929881,6.775800147742905,6,0.4719680587094371,6,-0.12486791451533626,4,0.4049417181268216,8480313,Logan Thompson,2502.85,0.17,True,D_LowF_LowD,D_LowF_LowD_Ghi,True,True,False,False,False,1,True
20252026,ANA,W,82,92,0.561,43,-15,-0.18292682926829268,0.49941792782305,-3.714977979057245,6,-0.1474862720953596,6,-1.381775811505923,4,-0.8040474080745077,8480843,Lukas Dostal,1828.3,-0.05,False,D_LowF_LowD,D_LowF_LowD_Glo,False,False,False,False,False,6,False
20252026,BOS,E,82,100,0.6098,45,22,0.2682926829268293,0.4732394366197183,-1.8807611777181872,6,0.4499347023728286,6,0.1667576066105935,4,0.9154432995640281,8480280,Jeremy Swayman,1832.4333333333334,0.21,True,C_LowF_HighD,C_LowF_HighD_Ghi,False,False,False,False,False,5,False
20252026,BUF,E,82,109,0.6646,50,47,0.573170731707317,0.4922711058263971,-0.2838764963672573,6,0.426053347139464,5,0.319904197702965,4,-0.1937688635501228,8480045,Ukko-Pekka Luukkonen,1344.2,-0.11,False,D_LowF_LowD,D_LowF_LowD_Glo,False,False,False,False,False,2,True
20252026,CAR,E,82,113,0.689,53,56,0.6829268292682927,0.5705973622963537,16.039016646215185,6,2.200518105558527,6,1.6359300881036412,4,1.5807938879030878,8483548,Brandon Bussi,1492.2333333333333,0.21,True,A_HighF_HighD,A_HighF_HighD_Ghi,False,False,False,False,False,1,True
20252026,CBJ,E,82,92,0.561,40,0,0.0,0.4952597648843382,5.326783193033283,6,0.061287172549330936,6,0.39654108257209314,4,0.5220814676798087,8482982,Jet Greaves,2104.05,0.35,True,C_LowF_HighD,C_LowF_HighD_Ghi,False,False,False,False,False,10,False
20252026,CGY,W,82,77,0.4695,34,-47,-0.573170731707317,0.4830339321357285,-5.483842187531882,6,0.6882283256862675,6,-0.39993569883351715,4,0.20184197224599293,8481692,Dustin Wolf,2134.233333333333,-0.16,False,B_HighF_LowD,B_HighF_LowD_Glo,False,False,False,False,False,14,False
20252026,CHI,W,82,72,0.439,29,-62,-0.7560975609756098,0.4191878980891719,-22.5581360043918,6,-1.362103501748645,6,-1.3628800505814764,4,-2.917945210679333,8481519,Spencer Knight,2171.6833333333334,0.27,True,D_LowF_LowD,D_LowF_LowD_Ghi,False,False,False,False,False,15,False
20252026,COL,W,82,121,0.7378,55,99,1.2073170731707317,0.582314881380302,31.835372566208544,6,1.6071269136858983,6,1.0221441591081286,4,2.340874494744613,8478406,Mackenzie Blackwood,1555.0166666666667,-0.01,False,A_HighF_HighD,A_HighF_HighD_Glo,False,False,False,False,False,1,True
20252026,DAL,W,82,112,0.6829,50,53,0.6463414634146342,0.5123194562446899,5.85762131009677,6,1.4845054034419451,6,0.21309411420123403,4,1.4150332265968106,8479979,Jake Oettinger,1917.9666666666667,0.03,True,A_HighF_HighD,A_HighF_HighD_Ghi,False,False,False,False,False,2,True
20252026,DET,E,82,92,0.561,41,-17,-0.2073170731707317,0.4734774066797642,-13.285096069477362,6,-0.35794068547437524,6,-0.044341468966450914,4,-0.6428799621386573,8476434,John Gibson,2061.9666666666667,-0.01,False,D_LowF_LowD,D_LowF_LowD_Glo,False,False,False,False,False,10,False
20252026,EDM,W,82,93,0.5671,41,13,0.15853658536585366,0.506619937694704,-0.4219574043845535,6,1.9932149791909122,6,0.03141276501857223,4,1.8711783525242167,8478971,Connor Ingram,1294.05,0.01,True,A_HighF_HighD,A_HighF_HighD_Ghi,False,False,False,False,False,5,False
20252026,FLA,E,82,84,0.5122,40,-25,-0.3048780487804878,0.4933333333333333,-15.756965342817182,6,1.4300269713530789,6,-0.13913368858443706,4,0.2443557196642929,8475683,Sergei Bobrovsky,1885.6333333333334,0.13,True,B_HighF_LowD,B_HighF_LowD_Ghi,False,False,False,False,False,14,False
20252026,LAK,W,82,90,0.5488,35,-22,-0.2682926829268293,0.5199025182778229,17.604901223347305,6,0.889047068224317,6,1.3810841892675068,4,0.8837177782817471,8475311,Darcy Kuemper,1757.1,0.08,True,A_HighF_HighD,A_HighF_HighD_Ghi,False,False,False,False,False,8,False
20252026,MIN,W,82,104,0.6341,46,32,0.3902439024390244,0.4948882998864066,-1.0379963461746522,6,0.9813065486303444,6,0.30242004120508836,4,1.032115225568405,8479406,Filip Gustavsson,1798.3,-0.01,False,A_HighF_HighD,A_HighF_HighD_Glo,False,False,False,False,False,3,True
20252026,MTL,E,82,106,0.6463,48,27,0.32926829268292684,0.4865853658536585,-4.969912551440287,6,-0.8361186313757601,6,-0.344015987754761,4,0.49977790704675445,8482487,Jakub Dobes,1615.8666666666666,0.06,True,D_LowF_LowD,D_LowF_LowD_Ghi,False,False,False,False,False,3,True
20252026,NJD,E,82,87,0.5305,42,-24,-0.2926829268292683,0.4996150885296382,-1.946542462219946,6,1.5176927825761586,6,0.3669383250128824,4,0.6929091115410547,8474593,Jacob Markstrom,1508.6666666666667,-0.0,True,A_HighF_HighD,A_HighF_HighD_Ghi,False,False,False,False,False,13,False
20252026,NSH,W,82,86,0.5244,38,-22,-0.2682926829268293,0.4903536977491961,-1.1371069652046637,6,0.948552803161645,6,0.6379997075300646,4,0.8513061169268712,8477424,Juuse Saros,2100.5,0.07,True,A_HighF_HighD,A_HighF_HighD_Ghi,False,False,False,False,False,9,False
20252026,NYI,E,82,91,0.5549,43,-8,-0.0975609756097561,0.4712466229255114,-7.574300537881275,6,-0.13393750556782114,6,-0.3056500367979699,4,-0.19504742810935607,8478009,Ilya Sorokin,2067.766666666667,0.34,True,D_LowF_LowD,D_LowF_LowD_Ghi,False,False,False,False,False,12,False
20252026,NYR,E,82,77,0.4695,34,-12,-0.14634146341463414,0.5066334991708126,6.065365303580294,6,0.07697630807314894,6,-0.4819006155145969,4,-0.22415150876298362,8478048,Igor Shesterkin,1963.0666666666666,0.37,True,D_LowF_LowD,D_LowF_LowD_Ghi,False,False,False,False,False,16,False
20252026,OTT,E,82,99,0.6037,44,32,0.3902439024390244,0.5505241090146751,1.402619234619185,6,0.9916123030960806,6,0.4387901287857443,4,1.3848850148323344,8476999,Linus Ullmark,1885.9333333333334,0.1,True,A_HighF_HighD,A_HighF_HighD_Ghi,False,False,False,False,False,6,False
20252026,PHI,E,82,98,0.5976,43,7,0.08536585365853659,0.5140784982935154,0.8644054670896404,6,0.5030040904507099,6,1.0063323639442292,4,0.8261376143436151,8478435,Dan Vladar,1886.5,-0.14,False,C_LowF_HighD,C_LowF_HighD_Glo,False,False,False,False,False,7,False
20252026,PIT,E,82,98,0.5976,41,25,0.3048780487804878,0.5093577981651376,2.5488437278692873,6,1.3391505639147996,6,0.2397174640594624,4,0.9975800980541212,8481668,Arturs Silovs,1392.0666666666666,-0.48,False,A_HighF_HighD,A_HighF_HighD_Glo,False,False,False,False,False,7,False
20252026,SEA,W,82,79,0.4817,34,-37,-0.45121951219512196,0.4636517328825021,-10.984760409553695,6,-0.12581482860900498,6,0.7441100052030313,4,-0.046979657328949015,8478916,Joey Daccord,1658.9,-0.04,False,D_LowF_LowD,D_LowF_LowD_Glo,False,False,False,False,False,13,False
20252026,SJS,W,82,86,0.5244,39,-41,-0.5,0.4717292612463887,-12.073428328366209,6,-0.2535166974993294,6,-0.7168078061952764,4,-0.12336066306397213,8477968,Alex Nedeljkovic,1576.1333333333334,0.0,True,D_LowF_LowD,D_LowF_LowD_Ghi,False,False,False,False,False,9,False
20252026,STL,W,82,86,0.5244,37,-27,-0.32926829268292684,0.4983388704318937,-7.188397255432344,6,0.16312876576593022,6,-0.7931472498191754,4,-0.14118897189565982,8480981,Joel Hofer,1605.9,-0.04,False,D_LowF_LowD,D_LowF_LowD_Glo,False,False,False,False,False,9,False
20252026,TBL,E,82,106,0.6463,50,59,0.7195121951219512,0.5457831325301205,8.789045757829053,6,1.3742041908303053,6,0.7659093256810507,4,1.4166002421499626,8476883,Andrei Vasilevskiy,2130.4666666666667,0.25,True,A_HighF_HighD,A_HighF_HighD_Ghi,False,False,False,False,False,3,True
20252026,TOR,E,82,78,0.4756,32,-46,-0.5609756097560976,0.4574676597412779,-14.711951931048189,6,0.540593361723432,6,-0.3799434135624408,4,0.3053557611004008,8479361,Joseph Woll,1409.5666666666666,-0.01,False,B_HighF_LowD,B_HighF_LowD_Glo,False,False,False,False,False,15,False
20252026,UTA,W,82,92,0.561,43,28,0.34146341463414637,0.5202145214521452,1.0697733264514069,6,0.07054822114289487,6,0.40215960793531486,4,1.4358656074311258,8478872,Karel Vejmelka,2128.633333333333,-0.0,True,C_LowF_HighD,C_LowF_HighD_Ghi,False,False,False,False,False,6,False
20252026,VAN,W,82,58,0.3537,25,-100,-1.2195121951219512,0.4448384554767533,-21.15278593464843,6,0.2682591050216844,6,0.03374275405432248,4,-0.7133121961214973,8480947,Kevin Lankinen,1464.4333333333334,-0.04,False,D_LowF_LowD,D_LowF_LowD_Glo,False,False,False,False,False,16,False
20252026,VGK,W,82,95,0.5793,39,15,0.18292682926829268,0.559850374064838,8.843832288568752,6,1.6806423406501914,6,-0.3810887328911475,4,1.4328012921962634,8478499,Adin Hill,1095.8666666666666,-0.03,False,A_HighF_HighD,A_HighF_HighD_Glo,False,False,False,False,False,4,True
20252026,WPG,W,82,82,0.5,35,-29,-0.35365853658536583,0.4790296052631579,-7.278874098953064,6,0.02389204108903531,6,0.18126871246397105,4,0.7044036770945088,8476945,Connor Hellebuyck,2281.4,0.22,True,C_LowF_HighD,C_LowF_HighD_Ghi,False,False,False,False,False,12,False
20252026,WSH,E,82,95,0.5793,43,19,0.23170731707317074,0.5096995055154051,3.93454600319298,6,0.11850464475945643,6,-0.3486948662216343,4,0.5081343697578382,8480313,Logan Thompson,2255.9,0.17,True,D_LowF_LowD,D_LowF_LowD_Ghi,False,False,False,False,False,9,False
