season,team,conference,gp,points,points_pct,wins,goal_diff,goal_diff_per_game,TNFI_pct,NFI_composite,F_top6_twoway,F_band,D_top4_twoway,D_band,starter_goalie_name,starter_NFI_GSAx_per60,g_high,archetype_q,arche_g_q,made_playoffs,round1_win,round2_win,cf_win,cup_win,conf_rank,contender_top4_conf
20212022,ANA,W,82,76,0.4634,31,-39,-0.4756097560975609,0.469208211143695,-9.80375043817989,-1.0704822269601009,Low,-0.112468585293818,Middle,John Gibson,-0.01,False,MIDDLE,MIDDLE_Glo,False,False,False,False,False,13,False
20212022,ARI,W,82,57,0.3476,25,-106,-1.2926829268292683,0.4304267161410018,-25.33391975161645,-0.2664867668639121,Low,-1.3050657653798985,Low,Karel Vejmelka,-0.0,True,D_LowF_LowD,D_LowF_LowD_Ghi,False,False,False,False,False,16,False
20212022,BOS,E,82,107,0.6524,51,35,0.4268292682926829,0.5518154311649016,11.059226406933446,1.9939751409909328,High,0.6831985171545771,Middle,Jeremy Swayman,0.21,True,MIDDLE,MIDDLE_Ghi,True,False,False,False,False,6,False
20212022,BUF,E,82,75,0.4573,32,-58,-0.7073170731707317,0.4744065281899109,-16.481112071174756,-0.252035423201379,Low,-0.8236196565992079,Low,Craig Anderson,0.01,True,D_LowF_LowD,D_LowF_LowD_Ghi,False,False,False,False,False,11,False
20212022,CAR,E,82,116,0.7073,54,76,0.926829268292683,0.5583173996175909,26.56046541403106,1.5681174050289586,High,1.9345601370952128,High,Frederik Andersen,-0.03,False,A_HighF_HighD,A_HighF_HighD_Glo,True,True,False,False,False,2,True
20212022,CBJ,E,82,81,0.4939,37,-38,-0.4634146341463415,0.4519508670520231,-19.138484448538144,-0.7901930538332489,Low,-0.3013854443913376,Low,Elvis Merzlikins,-0.06,False,D_LowF_LowD,D_LowF_LowD_Glo,False,False,False,False,False,10,False
20212022,CGY,W,82,111,0.6768,50,85,1.0365853658536586,0.5537139349294046,29.258146863453135,1.7136675986580874,High,1.0255522135797297,High,Jacob Markstrom,-0.0,True,A_HighF_HighD,A_HighF_HighD_Ghi,True,True,False,False,False,3,True
20212022,CHI,W,82,68,0.4146,28,-72,-0.8780487804878049,0.4534136546184739,-25.11776656753016,-0.5201068416767337,Low,-0.1898829651099917,Middle,Marc-Andre Fleury,0.06,True,MIDDLE,MIDDLE_Ghi,False,False,False,False,False,14,False
20212022,COL,W,82,119,0.7256,56,78,0.951219512195122,0.5526946107784431,28.647111241673223,1.0007376249785995,Middle,1.628674469979291,High,Darcy Kuemper,0.08,True,MIDDLE,MIDDLE_Ghi,True,True,True,True,True,1,True
20212022,DAL,W,82,98,0.5976,46,-8,-0.0975609756097561,0.5075653370013755,11.86728094638358,1.2842043888256736,High,0.7883657574288605,Middle,Jake Oettinger,0.03,True,MIDDLE,MIDDLE_Ghi,True,False,False,False,False,7,False
20212022,DET,E,82,74,0.4512,32,-82,-1.0,0.4489402697495183,-18.74052720262751,-0.3508133967717201,Low,-0.6847411145896076,Low,Alex Nedeljkovic,0.0,True,D_LowF_LowD,D_LowF_LowD_Ghi,False,False,False,False,False,12,False
20212022,EDM,W,82,104,0.6341,49,38,0.4634146341463415,0.5167219041880085,14.188459633724008,2.121032996561621,High,1.2148427654995224,High,Mikko Koskinen,0.29,True,A_HighF_HighD,A_HighF_HighD_Ghi,True,True,True,False,False,5,False
20212022,FLA,E,82,122,0.7439,58,94,1.146341463414634,0.5697637795275591,28.79056217635246,1.090165560483335,Middle,1.198586493184944,High,Sergei Bobrovsky,0.13,True,MIDDLE,MIDDLE_Ghi,True,True,False,False,False,1,True
20212022,LAK,W,82,99,0.6037,44,3,0.0365853658536585,0.5161516853932584,10.875338724727708,1.218465162390007,Middle,0.4402057848935501,Middle,Jonathan Quick,-0.04,False,MIDDLE,MIDDLE_Glo,True,False,False,False,False,6,False
20212022,MIN,W,82,113,0.689,53,57,0.6951219512195121,0.5288496876148475,5.044442972685855,1.2027006231503752,Middle,0.941479993857394,Middle,Cam Talbot,-0.07,False,MIDDLE,MIDDLE_Glo,True,False,False,False,False,2,True
20212022,MTL,E,82,55,0.3354,22,-98,-1.195121951219512,0.4409509202453988,-22.219030612686726,-1.2363695768763556,Low,-1.2480440249843805,Low,Jake Allen,-0.04,False,D_LowF_LowD,D_LowF_LowD_Glo,False,False,False,False,False,16,False
20212022,NJD,E,82,63,0.3841,27,-59,-0.7195121951219512,0.5091776798825257,-11.140889444523562,1.1785173098583932,Middle,1.0020298775099503,Middle,Mackenzie Blackwood,-0.01,False,MIDDLE,MIDDLE_Glo,False,False,False,False,False,14,False
20212022,NSH,W,82,97,0.5915,45,14,0.1707317073170731,0.5043842927945101,-3.2119358019613795,0.2418794729781459,Middle,1.293115078572387,High,Juuse Saros,0.07,True,MIDDLE,MIDDLE_Ghi,True,False,False,False,False,8,False
20212022,NYI,E,82,84,0.5122,37,-6,-0.073170731707317,0.4640686449767608,-3.957587870974899,0.1593003225075646,Middle,-0.3275843209528074,Low,Ilya Sorokin,0.34,True,MIDDLE,MIDDLE_Ghi,False,False,False,False,False,9,False
20212022,NYR,E,82,110,0.6707,52,47,0.573170731707317,0.4504981320049813,-5.064318447882731,-0.7760719100178849,Low,-0.2860405994758463,Low,Igor Shesterkin,0.37,True,D_LowF_LowD,D_LowF_LowD_Ghi,True,True,True,False,False,4,True
20212022,OTT,E,82,73,0.4451,33,-39,-0.4756097560975609,0.4677296886864085,-13.636378741987423,0.5490797160966668,Middle,-0.0916977482638041,Middle,Anton Forsberg,0.11,True,MIDDLE,MIDDLE_Ghi,False,False,False,False,False,13,False
20212022,PHI,E,82,61,0.372,25,-87,-1.0609756097560976,0.450440107156525,-16.72736267116252,-0.1951569373502135,Low,-0.4108993275890975,Low,Carter Hart,0.05,True,D_LowF_LowD,D_LowF_LowD_Ghi,False,False,False,False,False,15,False
20212022,PIT,E,82,103,0.628,46,43,0.524390243902439,0.5343089430894309,12.169421006209626,0.6445802369210935,Middle,0.3913277067672527,Middle,Tristan Jarry,0.0,True,MIDDLE,MIDDLE_Ghi,True,False,False,False,False,7,False
20212022,SEA,W,82,60,0.3659,27,-69,-0.8414634146341463,0.5125,-12.253924483445292,0.3470933831981206,Middle,0.5435658935224237,Middle,Philipp Grubauer,-0.25,False,MIDDLE,MIDDLE_Glo,False,False,False,False,False,15,False
20212022,SJS,W,82,77,0.4695,32,-50,-0.6097560975609756,0.4674068767908309,-10.802094127349996,0.0223591474985298,Middle,0.4272095000362553,Middle,James Reimer,-0.31,False,MIDDLE,MIDDLE_Glo,False,False,False,False,False,12,False
20212022,STL,W,82,109,0.6646,49,69,0.8414634146341463,0.4719065656565656,-2.6187283966580273,-0.025906637490099,Low,-1.3633502709722485,Low,Ville Husso,0.03,True,D_LowF_LowD,D_LowF_LowD_Ghi,True,True,False,False,False,4,True
20212022,TBL,E,82,110,0.6707,51,54,0.6585365853658537,0.5140740740740741,12.461859337193417,0.9049176486418622,Middle,0.6801433763265778,Middle,Andrei Vasilevskiy,0.25,True,MIDDLE,MIDDLE_Ghi,True,True,True,True,False,4,True
20212022,TOR,E,82,115,0.7012,54,62,0.7560975609756098,0.5545181727242414,13.5137769976682,1.6326260285983258,High,1.0921039710842908,High,Jack Campbell,-0.2,False,A_HighF_HighD,A_HighF_HighD_Glo,True,False,False,False,False,3,True
20212022,VAN,W,82,92,0.561,40,13,0.1585365853658536,0.4821037253469686,3.741636371641074,0.2832050627788011,Middle,0.4757653817194613,Middle,Thatcher Demko,0.26,True,MIDDLE,MIDDLE_Ghi,False,False,False,False,False,10,False
20212022,VGK,W,82,94,0.5732,43,18,0.2195121951219512,0.5365679628968962,14.273647943761242,0.5065072027532334,Middle,1.5208612304474731,High,Robin Lehner,0.19,True,MIDDLE,MIDDLE_Ghi,False,False,False,False,False,9,False
20212022,WPG,W,82,89,0.5427,39,-5,-0.0609756097560975,0.5001630257580698,6.855093048193355,0.4122554304690799,Middle,0.5695579167360748,Middle,Connor Hellebuyck,0.22,True,MIDDLE,MIDDLE_Ghi,False,False,False,False,False,11,False
20212022,WSH,E,82,100,0.6098,44,30,0.3658536585365853,0.4994567185802245,0.0788780941387732,0.1449104779593657,Middle,0.4408350721503685,Middle,Vitek Vanecek,-0.19,False,MIDDLE,MIDDLE_Glo,True,False,False,False,False,8,False
20222023,ANA,W,82,58,0.3537,23,-129,-1.5731707317073171,0.38498957609451,-34.341733853968776,-1.7383206587686608,Low,-0.9834587855940632,Low,John Gibson,-0.01,False,D_LowF_LowD,D_LowF_LowD_Glo,False,False,False,False,False,16,False
20222023,ARI,W,82,70,0.4268,28,-71,-0.8658536585365854,0.4450058297706957,-17.84213756719522,-0.4222429706220973,Low,-0.5843413578405903,Low,Karel Vejmelka,-0.0,True,D_LowF_LowD,D_LowF_LowD_Ghi,False,False,False,False,False,13,False
20222023,BOS,E,82,135,0.8232,65,128,1.5609756097560976,0.5411639460610362,25.992588679735977,1.369661033151475,High,1.0492369022475154,High,Linus Ullmark,0.1,True,A_HighF_HighD,A_HighF_HighD_Ghi,True,False,False,False,False,1,True
20222023,BUF,E,81,89,0.5494,41,-7,-0.0864197530864197,0.4973876698014629,-3.668454906508762,-0.0988843138703555,Low,-0.3623053394436233,Low,Ukko-Pekka Luukkonen,-0.11,False,D_LowF_LowD,D_LowF_LowD_Glo,False,False,False,False,False,10,False
20222023,CAR,E,82,113,0.689,52,53,0.6463414634146342,0.5821042281219272,33.20590210681015,2.1964428092270807,High,1.8979382837864625,High,Frederik Andersen,-0.03,False,A_HighF_HighD,A_HighF_HighD_Glo,True,True,True,False,False,2,True
20222023,CBJ,E,81,59,0.3642,25,-113,-1.3950617283950617,0.4406409322651129,-21.987978491071814,-0.6497321210769622,Low,-0.5849587791942946,Low,Elvis Merzlikins,-0.06,False,D_LowF_LowD,D_LowF_LowD_Glo,False,False,False,False,False,16,False
20222023,CGY,W,82,93,0.5671,38,8,0.0975609756097561,0.5516363636363636,4.889569554412226,1.3044363816101892,High,1.389286030103635,High,Jacob Markstrom,-0.0,True,A_HighF_HighD,A_HighF_HighD_Ghi,False,False,False,False,False,9,False
20222023,CHI,W,82,59,0.3598,26,-97,-1.1829268292682926,0.4255573248407643,-27.173881156069104,-1.3248989567352376,Low,-1.1806377070389915,Low,Petr Mrazek,-0.17,False,D_LowF_LowD,D_LowF_LowD_Glo,False,False,False,False,False,15,False
20222023,COL,W,81,107,0.6605,50,53,0.654320987654321,0.541969596827495,21.08363119645843,1.2192272537143083,Middle,1.6286744699792912,High,Alexandar Georgiev,0.01,True,MIDDLE,MIDDLE_Ghi,True,False,False,False,False,4,True
20222023,DAL,W,82,108,0.6585,47,67,0.8170731707317073,0.5162614461635617,18.259484046801735,1.4250431100189835,High,1.067069486927348,High,Jake Oettinger,0.03,True,A_HighF_HighD,A_HighF_HighD_Ghi,True,True,True,False,False,3,True
20222023,DET,E,82,80,0.4878,35,-39,-0.4756097560975609,0.4692435577722361,-13.547055049906856,-0.5572054533295705,Low,-0.7154105678354596,Low,Ville Husso,0.03,True,D_LowF_LowD,D_LowF_LowD_Ghi,False,False,False,False,False,12,False
20222023,EDM,W,82,109,0.6646,50,65,0.7926829268292683,0.5397489539748954,14.798376625779689,1.8050868425226376,High,1.4708794893117292,High,Stuart Skinner,-0.11,False,A_HighF_HighD,A_HighF_HighD_Glo,True,True,False,False,False,2,True
20222023,FLA,E,82,92,0.561,42,17,0.2073170731707317,0.522589928057554,23.582198381881703,1.7071898318312284,High,0.7285335325959149,Middle,Sergei Bobrovsky,0.13,True,MIDDLE,MIDDLE_Ghi,True,True,True,True,False,8,False
20222023,LAK,W,82,104,0.6341,47,23,0.2804878048780488,0.5177228786251342,9.297635500012111,1.1958395283991037,Middle,0.939432057573859,Middle,Pheonix Copley,0.08,True,MIDDLE,MIDDLE_Ghi,True,False,False,False,False,5,False
20222023,MIN,W,82,103,0.628,46,21,0.2560975609756097,0.4956944964432797,4.3919360188636904,1.2474533903483611,Middle,0.969722445689304,Middle,Marc-Andre Fleury,0.06,True,MIDDLE,MIDDLE_Ghi,True,False,False,False,False,6,False
20222023,MTL,E,82,68,0.4146,31,-75,-0.9146341463414634,0.4397217928902627,-23.964655750552247,-1.0517522825666386,Low,-0.8380677025374452,Low,Jake Allen,-0.04,False,D_LowF_LowD,D_LowF_LowD_Glo,False,False,False,False,False,15,False
20222023,NJD,E,82,112,0.6829,52,65,0.7926829268292683,0.5402298850574713,17.7359953008822,1.7046939533270498,High,1.0154584626870864,Middle,Vitek Vanecek,-0.19,False,MIDDLE,MIDDLE_Glo,True,True,False,False,False,3,True
20222023,NSH,W,81,92,0.5679,42,-8,-0.0987654320987654,0.4765710134398838,1.057607453663639,0.3155549304201178,Middle,1.438535911551743,High,Juuse Saros,0.07,True,MIDDLE,MIDDLE_Ghi,False,False,False,False,False,10,False
20222023,NYI,E,82,93,0.5671,42,21,0.2560975609756097,0.4922973878097789,7.4167971423455645,0.1485251847475293,Middle,-0.4383267004950928,Low,Ilya Sorokin,0.34,True,MIDDLE,MIDDLE_Ghi,True,False,False,False,False,7,False
20222023,NYR,E,82,107,0.6524,47,58,0.7073170731707317,0.4851485148514851,4.3846778650680704,0.0013725528028324,Middle,-0.485868907136656,Low,Igor Shesterkin,0.37,True,MIDDLE,MIDDLE_Ghi,True,False,False,False,False,5,False
20222023,OTT,E,82,86,0.5244,39,-10,-0.1219512195121951,0.5091546552395793,0.4212913053117665,1.2213854699407618,Middle,0.3702303477922852,Middle,Cam Talbot,-0.07,False,MIDDLE,MIDDLE_Glo,False,False,False,False,False,11,False
20222023,PHI,E,82,75,0.4573,31,-55,-0.6707317073170732,0.4797245600612089,-6.049954750880792,0.4093977311373187,Middle,0.2352020727312913,Middle,Carter Hart,0.05,True,MIDDLE,MIDDLE_Ghi,False,False,False,False,False,14,False
20222023,PIT,E,82,91,0.5549,40,-2,-0.024390243902439,0.5154709282556953,6.582853460126159,1.3411044941977923,High,0.5055653002556805,Middle,Tristan Jarry,0.0,True,MIDDLE,MIDDLE_Ghi,False,False,False,False,False,9,False
20222023,SEA,W,82,100,0.6098,46,33,0.4024390243902439,0.5114247311827957,1.4194840998966374,0.5746904202298438,Middle,-0.0446353517501497,Middle,Martin Jones,-0.1,False,MIDDLE,MIDDLE_Glo,True,True,False,False,False,7,False
20222023,SJS,W,82,60,0.3659,22,-87,-1.0609756097560976,0.4901408450704225,-13.337598459537498,-0.0090875933912969,Middle,-0.1745098091206099,Middle,James Reimer,-0.31,False,MIDDLE,MIDDLE_Glo,False,False,False,False,False,14,False
20222023,STL,W,82,81,0.4939,37,-38,-0.4634146341463415,0.4679533867443554,-11.507039630899394,-0.2146003135439169,Low,-1.1614194381545713,Low,Jordan Binnington,0.06,True,D_LowF_LowD,D_LowF_LowD_Ghi,False,False,False,False,False,12,False
20222023,TBL,E,82,98,0.5976,46,29,0.3536585365853658,0.524798927613941,12.730357666913136,0.8197500386590684,Middle,1.334248647183846,High,Andrei Vasilevskiy,0.25,True,MIDDLE,MIDDLE_Ghi,True,False,False,False,False,6,False
20222023,TOR,E,82,111,0.6768,50,57,0.6951219512195121,0.5423673997412678,25.09317995419263,1.728853019995172,High,1.267684440034942,High,Ilya Samsonov,-0.01,False,A_HighF_HighD,A_HighF_HighD_Glo,True,True,False,False,False,4,True
20222023,VAN,W,82,83,0.5061,38,-22,-0.2682926829268293,0.4819185382565664,-12.172696140954017,0.5878148813228198,Middle,0.6886765538782766,Middle,Thatcher Demko,0.26,True,MIDDLE,MIDDLE_Ghi,False,False,False,False,False,11,False
20222023,VGK,W,82,111,0.6768,51,43,0.524390243902439,0.5314389359129383,24.089760993033348,0.507893311059365,Middle,0.7757193218667425,Middle,Logan Thompson,0.17,True,MIDDLE,MIDDLE_Ghi,True,True,True,True,True,1,True
20222023,WPG,W,82,95,0.5793,46,22,0.2682926829268293,0.5022751137556878,9.401727714764824,0.2512573097169265,Middle,0.471877265532494,Middle,Connor Hellebuyck,0.22,True,MIDDLE,MIDDLE_Ghi,True,False,False,False,False,8,False
20222023,WSH,E,82,80,0.4878,35,-10,-0.1219512195121951,0.4762971257932064,-4.914901768741117,-0.1055158130174364,Low,0.2498281747806119,Middle,Darcy Kuemper,0.08,True,MIDDLE,MIDDLE_Ghi,False,False,False,False,False,12,False
20232024,ANA,W,82,59,0.3598,27,-91,-1.1097560975609757,0.4387402933563417,-17.14083850758323,-1.4979125158644964,Low,-0.4748501827405939,Low,John Gibson,-0.01,False,D_LowF_LowD,D_LowF_LowD_Glo,False,False,False,False,False,14,False
20232024,ARI,W,82,77,0.4695,36,-18,-0.2195121951219512,0.4885204081632653,-4.221956131356554,0.2321594771096704,Middle,0.5078697215926156,Middle,Connor Ingram,0.01,True,MIDDLE,MIDDLE_Ghi,False,False,False,False,False,13,False
20232024,BOS,E,82,109,0.6646,47,43,0.524390243902439,0.5031124130355181,12.954763621697584,0.912644935841288,Middle,1.018174328506274,Middle,Jeremy Swayman,0.21,True,MIDDLE,MIDDLE_Ghi,True,True,False,False,False,4,True
20232024,BUF,E,82,84,0.5122,39,2,0.024390243902439,0.5,-0.6813674721153418,0.0244284689080599,Middle,0.0116826927995248,Middle,Ukko-Pekka Luukkonen,-0.11,False,MIDDLE,MIDDLE_Glo,False,False,False,False,False,12,False
20232024,CAR,E,82,111,0.6768,52,63,0.7682926829268293,0.5574516496018203,12.715727022401923,2.0232517182177827,High,1.8348453281094776,High,Pyotr Kochetkov,-0.05,False,A_HighF_HighD,A_HighF_HighD_Glo,True,True,False,False,False,2,True
20232024,CBJ,E,82,66,0.4024,27,-63,-0.7682926829268293,0.4510655090765588,-16.63173428605929,-0.3933697183155788,Low,0.3224622080158519,Middle,Elvis Merzlikins,-0.06,False,MIDDLE,MIDDLE_Glo,False,False,False,False,False,16,False
20232024,CGY,W,82,81,0.4939,38,-18,-0.2195121951219512,0.5056315366049879,-4.989248535403316,1.4274491674436087,High,1.5640825095925228,High,Jacob Markstrom,-0.0,True,A_HighF_HighD,A_HighF_HighD_Ghi,False,False,False,False,False,11,False
20232024,CHI,W,82,52,0.3171,23,-111,-1.353658536585366,0.4238768718801997,-20.842081773372055,-1.180863395307962,Low,-1.7418292726723246,Low,Petr Mrazek,-0.17,False,D_LowF_LowD,D_LowF_LowD_Glo,False,False,False,False,False,15,False
20232024,COL,W,82,107,0.6524,50,50,0.6097560975609756,0.5472088215024121,13.02049675664606,1.138872477764156,Middle,1.2572337980221455,High,Alexandar Georgiev,0.01,True,MIDDLE,MIDDLE_Ghi,True,True,False,False,False,4,True
20232024,DAL,W,82,113,0.689,52,64,0.7804878048780488,0.5485468956406869,18.220990085221587,1.4858046812553405,High,1.486027283494041,High,Jake Oettinger,0.03,True,A_HighF_HighD,A_HighF_HighD_Ghi,True,True,True,False,False,1,True
20232024,DET,E,82,91,0.5549,41,4,0.048780487804878,0.4475955610357583,-21.229317644408617,-0.3041720009689753,Low,-0.6885653237223938,Low,Alex Lyon,0.01,True,D_LowF_LowD,D_LowF_LowD_Ghi,False,False,False,False,False,8,False
20232024,EDM,W,82,104,0.6341,49,57,0.6951219512195121,0.5581177937052041,22.916611183594373,1.7616933368865777,High,1.8917525077658237,High,Stuart Skinner,-0.11,False,A_HighF_HighD,A_HighF_HighD_Glo,True,True,True,True,False,5,False
20232024,FLA,E,82,110,0.6707,52,68,0.8292682926829268,0.5325903411009794,24.003836838095825,1.7598012383835064,High,0.4919229298975582,Middle,Sergei Bobrovsky,0.13,True,MIDDLE,MIDDLE_Ghi,True,True,True,True,True,3,True
20232024,LAK,W,82,99,0.6037,44,41,0.5,0.5220618556701031,4.289281031698138,1.3680437198783426,High,0.7656565007927236,Middle,Cam Talbot,-0.07,False,MIDDLE,MIDDLE_Glo,True,False,False,False,False,6,False
20232024,MIN,W,82,87,0.5305,39,-12,-0.1463414634146341,0.4904401956425078,-6.673230958383163,1.327770237288974,High,0.7547667117918702,Middle,Filip Gustavsson,-0.01,False,MIDDLE,MIDDLE_Glo,False,False,False,False,False,10,False
20232024,MTL,E,82,76,0.4634,30,-53,-0.6463414634146342,0.4520388349514563,-9.594482084337145,-0.5644324949243509,Low,-0.8901925254362116,Low,Samuel Montembeault,-0.1,False,D_LowF_LowD,D_LowF_LowD_Glo,False,False,False,False,False,15,False
20232024,NJD,E,82,81,0.4939,38,-19,-0.2317073170731707,0.5050377833753149,-5.634451916477433,1.7234073798364633,High,0.4471288691195906,Middle,Vitek Vanecek,-0.19,False,MIDDLE,MIDDLE_Glo,False,False,False,False,False,13,False
20232024,NSH,W,82,99,0.6037,47,21,0.2560975609756097,0.5411899313501144,14.275517736983026,0.5877871726979823,Middle,0.6171371209664875,Middle,Juuse Saros,0.07,True,MIDDLE,MIDDLE_Ghi,True,False,False,False,False,6,False
20232024,NYI,E,82,94,0.5732,39,-17,-0.2073170731707317,0.4895477004941087,2.713018287114183,0.3221824080780565,Middle,-0.2506521889949996,Low,Ilya Sorokin,0.34,True,MIDDLE,MIDDLE_Ghi,True,False,False,False,False,7,False
20232024,NYR,E,82,114,0.6951,55,53,0.6463414634146342,0.4919160646714826,-2.611259012304126,-0.2420767145256682,Low,-0.2860405994758463,Low,Igor Shesterkin,0.37,True,D_LowF_LowD,D_LowF_LowD_Ghi,True,True,True,False,False,1,True
20232024,OTT,E,82,78,0.4756,37,-26,-0.3170731707317073,0.4941763727121464,-13.559056428744462,1.171583647547789,Middle,0.6158232141927628,Middle,Joonas Korpisalo,-0.05,False,MIDDLE,MIDDLE_Glo,False,False,False,False,False,14,False
20232024,PHI,E,82,87,0.5305,38,-26,-0.3170731707317073,0.5264756944444444,-10.60184021497218,0.9428592179360898,Middle,1.2920307953113928,High,Samuel Ersson,-0.37,False,MIDDLE,MIDDLE_Glo,False,False,False,False,False,11,False
20232024,PIT,E,82,88,0.5366,38,4,0.048780487804878,0.5049019607843137,1.270224281780059,0.9709197260331712,Middle,0.9135340709662764,Middle,Tristan Jarry,0.0,True,MIDDLE,MIDDLE_Ghi,False,False,False,False,False,10,False
20232024,SEA,W,82,81,0.4939,34,-19,-0.2317073170731707,0.509465713083719,2.410590033784655,0.5717387152306966,Middle,0.0888980134349284,Middle,Joey Daccord,-0.04,False,MIDDLE,MIDDLE_Glo,False,False,False,False,False,11,False
20232024,SJS,W,82,47,0.2866,19,-150,-1.829268292682927,0.4133653461384554,-25.891575277816465,-0.7352147199932175,Low,-0.980159609357006,Low,Mackenzie Blackwood,-0.01,False,D_LowF_LowD,D_LowF_LowD_Glo,False,False,False,False,False,16,False
20232024,STL,W,82,92,0.561,43,-11,-0.1341463414634146,0.4525458248472505,-14.525041456072548,-0.3250709085561931,Low,-1.1614194381545713,Low,Jordan Binnington,0.06,True,D_LowF_LowD,D_LowF_LowD_Ghi,False,False,False,False,False,9,False
20232024,TBL,E,82,98,0.5976,45,23,0.2804878048780488,0.5211323763955343,-4.828530947527317,1.080767735962194,Middle,1.0520061877285247,High,Andrei Vasilevskiy,0.25,True,MIDDLE,MIDDLE_Ghi,True,False,False,False,False,6,False
20232024,TOR,E,82,102,0.622,46,40,0.4878048780487805,0.5160928143712575,7.966698049364981,1.2447216864131996,Middle,0.0618870918326568,Middle,Ilya Samsonov,-0.01,False,MIDDLE,MIDDLE_Glo,True,False,False,False,False,5,False
20232024,VAN,W,82,109,0.6646,50,56,0.6829268292682927,0.5344827586206896,15.5308071249048,0.370849996698213,Middle,0.7490900806814996,Middle,Thatcher Demko,0.26,True,MIDDLE,MIDDLE_Ghi,True,True,False,False,False,3,True
20232024,VGK,W,82,98,0.5976,45,22,0.2682926829268293,0.5109996140486299,5.526110826102534,0.6644355181257919,Middle,1.100332458312429,High,Logan Thompson,0.17,True,MIDDLE,MIDDLE_Ghi,True,False,False,False,False,8,False
20232024,WPG,W,82,110,0.6707,52,60,0.7317073170731707,0.5062809288161401,13.00103855133182,0.5138233330819516,Middle,0.471877265532494,Middle,Connor Hellebuyck,0.22,True,MIDDLE,MIDDLE_Ghi,True,False,False,False,False,2,True
20232024,WSH,E,82,91,0.5549,40,-37,-0.4512195121951219,0.4605628220372572,-14.958480394419944,-0.017324459033097,Middle,0.5098863377440053,Middle,Charlie Lindgren,-0.19,False,MIDDLE,MIDDLE_Glo,True,False,False,False,False,8,False
20242025,ANA,W,82,80,0.4878,35,-42,-0.5121951219512195,0.4392452830188679,-15.46716231590192,-1.2850281468972533,Low,-0.2402655036901018,Low,Lukas Dostal,-0.05,False,D_LowF_LowD,D_LowF_LowD_Glo,False,False,False,False,False,12,False
20242025,BOS,E,82,76,0.4634,33,-50,-0.6097560975609756,0.4698314108251996,-8.755371159783202,0.8280671000218943,Middle,-0.2097716226292685,Low,Jeremy Swayman,0.21,True,MIDDLE,MIDDLE_Ghi,False,False,False,False,False,15,False
20242025,BUF,E,82,79,0.4817,36,-20,-0.2439024390243902,0.4885339885339885,-13.465453398018829,0.1804269684540266,Middle,-0.1937688635501228,Middle,Ukko-Pekka Luukkonen,-0.11,False,MIDDLE,MIDDLE_Glo,False,False,False,False,False,14,False
20242025,CAR,E,82,99,0.6037,47,33,0.4024390243902439,0.5418839068474105,12.34295108411253,2.415734416777808,High,2.0871970259531527,High,Pyotr Kochetkov,-0.05,False,A_HighF_HighD,A_HighF_HighD_Glo,True,True,True,False,False,4,True
20242025,CBJ,E,82,89,0.5427,40,5,0.0609756097560975,0.4728712871287128,-5.506890329214382,-0.2444325483601957,Low,0.6877820826396691,Middle,Elvis Merzlikins,-0.06,False,MIDDLE,MIDDLE_Glo,False,False,False,False,False,9,False
20242025,CGY,W,82,96,0.5854,41,-13,-0.1585365853658536,0.5106106539627544,0.4435369417649717,1.0234285718356275,Middle,0.8439813091263781,Middle,Dustin Wolf,-0.16,False,MIDDLE,MIDDLE_Glo,False,False,False,False,False,8,False
20242025,CHI,W,82,61,0.372,25,-70,-0.8536585365853658,0.4244087837837837,-27.41683074408808,-0.5256888521599881,Low,-1.6585528479767762,Low,Arvid Soderblom,-0.34,False,D_LowF_LowD,D_LowF_LowD_Glo,False,False,False,False,False,15,False
20242025,COL,W,82,102,0.622,49,43,0.524390243902439,0.5525028227324049,14.195014028657852,1.2134822694376637,Middle,2.293633493889882,High,Mackenzie Blackwood,-0.01,False,MIDDLE,MIDDLE_Glo,True,False,False,False,False,5,False
20242025,DAL,W,82,106,0.6463,50,53,0.6463414634146342,0.4966887417218543,5.350013119074865,1.161120436400268,Middle,1.131874453597114,High,Jake Oettinger,0.03,True,MIDDLE,MIDDLE_Ghi,True,True,True,False,False,3,True
20242025,DET,E,82,86,0.5244,39,-21,-0.2560975609756097,0.4629005059021922,-4.0240044754735464,-0.2645523950682429,Low,-0.2055798150003492,Low,Cam Talbot,-0.07,False,D_LowF_LowD,D_LowF_LowD_Glo,False,False,False,False,False,10,False
20242025,EDM,W,82,101,0.6159,48,23,0.2804878048780488,0.5424604455925088,9.400326346113427,1.5465160440381582,High,2.1721360019948617,High,Stuart Skinner,-0.11,False,A_HighF_HighD,A_HighF_HighD_Glo,True,True,True,True,False,6,False
20242025,FLA,E,82,98,0.5976,47,29,0.3536585365853658,0.5378486055776892,24.513746262734102,1.4665695947252335,High,0.496761287821404,Middle,Sergei Bobrovsky,0.13,True,MIDDLE,MIDDLE_Ghi,True,True,True,True,True,5,False
20242025,LAK,W,82,105,0.6402,48,44,0.5365853658536586,0.5385871784401797,12.17960487024834,1.4171204884609132,High,0.808803176191986,Middle,Darcy Kuemper,0.08,True,MIDDLE,MIDDLE_Ghi,True,False,False,False,False,4,True
20242025,MIN,W,82,97,0.5915,45,-11,-0.1341463414634146,0.4739562624254473,-2.9191621681620634,0.8773007796184222,Middle,0.8573393588356832,Middle,Filip Gustavsson,-0.01,False,MIDDLE,MIDDLE_Glo,True,False,False,False,False,7,False
20242025,MTL,E,82,91,0.5549,40,-20,-0.2439024390243902,0.4852004496065942,-4.840304850087149,-0.8086412560892545,Low,-0.5090677196353617,Low,Samuel Montembeault,-0.1,False,D_LowF_LowD,D_LowF_LowD_Glo,True,False,False,False,False,7,False
20242025,NJD,E,82,91,0.5549,42,20,0.2439024390243902,0.5028180354267311,2.7100189525623533,1.7922117577369747,High,0.694014786456204,Middle,Jacob Markstrom,-0.0,True,MIDDLE,MIDDLE_Ghi,True,False,False,False,False,7,False
20242025,NSH,W,82,68,0.4146,30,-60,-0.7317073170731707,0.5073560319461958,-4.744032281142003,0.4339321997824719,Middle,0.7799618807590338,Middle,Juuse Saros,0.07,True,MIDDLE,MIDDLE_Ghi,False,False,False,False,False,14,False
20242025,NYI,E,82,82,0.5,35,-36,-0.4390243902439024,0.4993987975951904,4.1995004877565805,0.0731798171445605,Middle,-0.2506521889949996,Low,Ilya Sorokin,0.34,True,MIDDLE,MIDDLE_Ghi,False,False,False,False,False,12,False
20242025,NYR,E,82,85,0.5183,39,1,0.0121951219512195,0.4751491053677932,-11.675150837483828,0.0344737720403722,Middle,-0.4639193385573109,Low,Igor Shesterkin,0.37,True,MIDDLE,MIDDLE_Ghi,False,False,False,False,False,11,False
20242025,OTT,E,82,97,0.5915,45,9,0.1097560975609756,0.4985138004246284,-6.353084836666842,1.3082008248957722,High,0.5995850938060896,Middle,Linus Ullmark,0.1,True,MIDDLE,MIDDLE_Ghi,True,False,False,False,False,6,False
20242025,PHI,E,82,76,0.4634,33,-48,-0.5853658536585366,0.5177730192719486,-14.251461144094904,1.3589864122185238,High,0.7259608047690167,Middle,Samuel Ersson,-0.37,False,MIDDLE,MIDDLE_Glo,False,False,False,False,False,15,False
20242025,PIT,E,82,80,0.4878,34,-50,-0.6097560975609756,0.4823672476692339,-11.866909302164991,1.2134071865414342,Middle,0.9512680679582984,Middle,Alex Nedeljkovic,0.0,True,MIDDLE,MIDDLE_Ghi,False,False,False,False,False,13,False
20242025,SEA,W,82,76,0.4634,35,-18,-0.2195121951219512,0.4694386694386694,-11.35864051631043,0.0031378748634519,Middle,0.3603069174527116,Middle,Joey Daccord,-0.04,False,MIDDLE,MIDDLE_Glo,False,False,False,False,False,13,False
20242025,SJS,W,82,52,0.3171,20,-105,-1.2804878048780488,0.4364548494983277,-23.566434800983284,-0.2729410516599799,Low,-0.166140030973189,Middle,Alexandar Georgiev,0.01,True,MIDDLE,MIDDLE_Ghi,False,False,False,False,False,16,False
20242025,STL,W,82,96,0.5854,44,21,0.2560975609756097,0.5229357798165137,7.027158549549524,0.0729044908535724,Middle,0.0509727921275852,Middle,Jordan Binnington,0.06,True,MIDDLE,MIDDLE_Ghi,True,False,False,False,False,8,False
20242025,TBL,E,82,102,0.622,47,75,0.9146341463414634,0.5110015174506829,9.34450535226657,1.240733532838627,Middle,1.1327172953669251,High,Andrei Vasilevskiy,0.25,True,MIDDLE,MIDDLE_Ghi,True,False,False,False,False,3,True
20242025,TOR,E,82,108,0.6585,52,37,0.4512195121951219,0.500562429696288,6.320060551918337,1.561616290313104,High,0.9114780212246352,Middle,Joseph Woll,-0.01,False,MIDDLE,MIDDLE_Glo,True,True,False,False,False,2,True
20242025,UTA,W,82,89,0.5427,38,-10,-0.1219512195121951,0.5459077690070627,3.9824561555028297,0.4323399871164972,Middle,1.01199348482653,Middle,Karel Vejmelka,-0.0,True,MIDDLE,MIDDLE_Ghi,False,False,False,False,False,11,False
20242025,VAN,W,82,90,0.5488,38,-17,-0.2073170731707317,0.4980044345898004,-4.092367434763745,0.5310199552479823,Middle,0.2752305022441667,Middle,Kevin Lankinen,-0.04,False,MIDDLE,MIDDLE_Glo,False,False,False,False,False,10,False
20242025,VGK,W,82,110,0.6707,50,56,0.6829268292682927,0.5441441441441441,16.885566645691988,1.2797617413928135,Middle,1.691774673322386,High,Adin Hill,-0.03,False,MIDDLE,MIDDLE_Glo,True,True,False,False,False,2,True
20242025,WPG,W,82,116,0.7073,56,86,1.048780487804878,0.5017934002869441,13.226822502708895,0.4574590086248001,Middle,0.7044036770945088,Middle,Connor Hellebuyck,0.22,True,MIDDLE,MIDDLE_Ghi,True,True,False,False,False,1,True
20242025,WSH,E,82,111,0.6768,51,56,0.6829268292682927,0.5124056094929881,6.775800147742905,0.4719680587094371,Middle,0.4049417181268216,Middle,Logan Thompson,0.17,True,MIDDLE,MIDDLE_Ghi,True,True,False,False,False,1,True
20252026,ANA,W,82,92,0.561,43,-15,-0.1829268292682926,0.49941792782305,-3.714977979057245,-0.1474862720953596,Low,-0.8040474080745077,Low,Lukas Dostal,-0.05,False,D_LowF_LowD,D_LowF_LowD_Glo,False,False,False,False,False,6,False
20252026,BOS,E,82,100,0.6098,45,22,0.2682926829268293,0.4732394366197183,-1.8807611777181872,0.4499347023728286,Middle,0.915443299564028,Middle,Jeremy Swayman,0.21,True,MIDDLE,MIDDLE_Ghi,False,False,False,False,False,5,False
20252026,BUF,E,82,109,0.6646,50,47,0.573170731707317,0.4922711058263971,-0.2838764963672573,0.426053347139464,Middle,-0.1937688635501228,Middle,Ukko-Pekka Luukkonen,-0.11,False,MIDDLE,MIDDLE_Glo,False,False,False,False,False,2,True
20252026,CAR,E,82,113,0.689,53,56,0.6829268292682927,0.5705973622963537,16.039016646215185,2.200518105558527,High,1.5807938879030878,High,Brandon Bussi,0.21,True,A_HighF_HighD,A_HighF_HighD_Ghi,False,False,False,False,False,1,True
20252026,CBJ,E,82,92,0.561,40,0,0.0,0.4952597648843382,5.326783193033283,0.0612871725493309,Middle,0.5220814676798087,Middle,Jet Greaves,0.35,True,MIDDLE,MIDDLE_Ghi,False,False,False,False,False,10,False
20252026,CGY,W,82,77,0.4695,34,-47,-0.573170731707317,0.4830339321357285,-5.483842187531882,0.6882283256862675,Middle,0.2018419722459929,Middle,Dustin Wolf,-0.16,False,MIDDLE,MIDDLE_Glo,False,False,False,False,False,14,False
20252026,CHI,W,82,72,0.439,29,-62,-0.7560975609756098,0.4191878980891719,-22.5581360043918,-1.362103501748645,Low,-2.917945210679333,Low,Spencer Knight,0.27,True,D_LowF_LowD,D_LowF_LowD_Ghi,False,False,False,False,False,15,False
20252026,COL,W,82,121,0.7378,55,99,1.2073170731707317,0.582314881380302,31.835372566208544,1.6071269136858983,High,2.340874494744613,High,Mackenzie Blackwood,-0.01,False,A_HighF_HighD,A_HighF_HighD_Glo,False,False,False,False,False,1,True
20252026,DAL,W,82,112,0.6829,50,53,0.6463414634146342,0.5123194562446899,5.85762131009677,1.4845054034419451,High,1.4150332265968106,High,Jake Oettinger,0.03,True,A_HighF_HighD,A_HighF_HighD_Ghi,False,False,False,False,False,2,True
20252026,DET,E,82,92,0.561,41,-17,-0.2073170731707317,0.4734774066797642,-13.285096069477362,-0.3579406854743752,Low,-0.6428799621386573,Low,John Gibson,-0.01,False,D_LowF_LowD,D_LowF_LowD_Glo,False,False,False,False,False,10,False
20252026,EDM,W,82,93,0.5671,41,13,0.1585365853658536,0.506619937694704,-0.4219574043845535,1.993214979190912,High,1.8711783525242167,High,Connor Ingram,0.01,True,A_HighF_HighD,A_HighF_HighD_Ghi,False,False,False,False,False,5,False
20252026,FLA,E,82,84,0.5122,40,-25,-0.3048780487804878,0.4933333333333333,-15.756965342817182,1.4300269713530789,High,0.2443557196642929,Middle,Sergei Bobrovsky,0.13,True,MIDDLE,MIDDLE_Ghi,False,False,False,False,False,14,False
20252026,LAK,W,82,90,0.5488,35,-22,-0.2682926829268293,0.5199025182778229,17.604901223347305,0.889047068224317,Middle,0.8837177782817471,Middle,Darcy Kuemper,0.08,True,MIDDLE,MIDDLE_Ghi,False,False,False,False,False,8,False
20252026,MIN,W,82,104,0.6341,46,32,0.3902439024390244,0.4948882998864066,-1.0379963461746522,0.9813065486303444,Middle,1.032115225568405,High,Filip Gustavsson,-0.01,False,MIDDLE,MIDDLE_Glo,False,False,False,False,False,3,True
20252026,MTL,E,82,106,0.6463,48,27,0.3292682926829268,0.4865853658536585,-4.969912551440287,-0.8361186313757601,Low,0.4997779070467544,Middle,Jakub Dobes,0.06,True,MIDDLE,MIDDLE_Ghi,False,False,False,False,False,3,True
20252026,NJD,E,82,87,0.5305,42,-24,-0.2926829268292683,0.4996150885296382,-1.946542462219946,1.5176927825761586,High,0.6929091115410547,Middle,Jacob Markstrom,-0.0,True,MIDDLE,MIDDLE_Ghi,False,False,False,False,False,13,False
20252026,NSH,W,82,86,0.5244,38,-22,-0.2682926829268293,0.4903536977491961,-1.1371069652046637,0.948552803161645,Middle,0.8513061169268712,Middle,Juuse Saros,0.07,True,MIDDLE,MIDDLE_Ghi,False,False,False,False,False,9,False
20252026,NYI,E,82,91,0.5549,43,-8,-0.0975609756097561,0.4712466229255114,-7.574300537881275,-0.1339375055678211,Low,-0.195047428109356,Low,Ilya Sorokin,0.34,True,D_LowF_LowD,D_LowF_LowD_Ghi,False,False,False,False,False,12,False
20252026,NYR,E,82,77,0.4695,34,-12,-0.1463414634146341,0.5066334991708126,6.065365303580294,0.0769763080731489,Middle,-0.2241515087629836,Low,Igor Shesterkin,0.37,True,MIDDLE,MIDDLE_Ghi,False,False,False,False,False,16,False
20252026,OTT,E,82,99,0.6037,44,32,0.3902439024390244,0.5505241090146751,1.402619234619185,0.9916123030960806,Middle,1.3848850148323344,High,Linus Ullmark,0.1,True,MIDDLE,MIDDLE_Ghi,False,False,False,False,False,6,False
20252026,PHI,E,82,98,0.5976,43,7,0.0853658536585365,0.5140784982935154,0.8644054670896404,0.5030040904507099,Middle,0.8261376143436151,Middle,Dan Vladar,-0.14,False,MIDDLE,MIDDLE_Glo,False,False,False,False,False,7,False
20252026,PIT,E,82,98,0.5976,41,25,0.3048780487804878,0.5093577981651376,2.5488437278692873,1.3391505639147996,High,0.9975800980541212,Middle,Arturs Silovs,-0.48,False,MIDDLE,MIDDLE_Glo,False,False,False,False,False,7,False
20252026,SEA,W,82,79,0.4817,34,-37,-0.4512195121951219,0.4636517328825021,-10.984760409553695,-0.1258148286090049,Low,-0.046979657328949,Middle,Joey Daccord,-0.04,False,MIDDLE,MIDDLE_Glo,False,False,False,False,False,13,False
20252026,SJS,W,82,86,0.5244,39,-41,-0.5,0.4717292612463887,-12.073428328366209,-0.2535166974993294,Low,-0.1233606630639721,Middle,Alex Nedeljkovic,0.0,True,MIDDLE,MIDDLE_Ghi,False,False,False,False,False,9,False
20252026,STL,W,82,86,0.5244,37,-27,-0.3292682926829268,0.4983388704318937,-7.188397255432344,0.1631287657659302,Middle,-0.1411889718956598,Middle,Joel Hofer,-0.04,False,MIDDLE,MIDDLE_Glo,False,False,False,False,False,9,False
20252026,TBL,E,82,106,0.6463,50,59,0.7195121951219512,0.5457831325301205,8.789045757829053,1.374204190830305,High,1.4166002421499626,High,Andrei Vasilevskiy,0.25,True,A_HighF_HighD,A_HighF_HighD_Ghi,False,False,False,False,False,3,True
20252026,TOR,E,82,78,0.4756,32,-46,-0.5609756097560976,0.4574676597412779,-14.711951931048189,0.540593361723432,Middle,0.3053557611004008,Middle,Joseph Woll,-0.01,False,MIDDLE,MIDDLE_Glo,False,False,False,False,False,15,False
20252026,UTA,W,82,92,0.561,43,28,0.3414634146341463,0.5202145214521452,1.0697733264514069,0.0705482211428948,Middle,1.4358656074311258,High,Karel Vejmelka,-0.0,True,MIDDLE,MIDDLE_Ghi,False,False,False,False,False,6,False
20252026,VAN,W,82,58,0.3537,25,-100,-1.2195121951219512,0.4448384554767533,-21.15278593464843,0.2682591050216844,Middle,-0.7133121961214973,Low,Kevin Lankinen,-0.04,False,MIDDLE,MIDDLE_Glo,False,False,False,False,False,16,False
20252026,VGK,W,82,95,0.5793,39,15,0.1829268292682926,0.559850374064838,8.843832288568752,1.6806423406501914,High,1.4328012921962634,High,Adin Hill,-0.03,False,A_HighF_HighD,A_HighF_HighD_Glo,False,False,False,False,False,4,True
20252026,WPG,W,82,82,0.5,35,-29,-0.3536585365853658,0.4790296052631579,-7.278874098953064,0.0238920410890353,Middle,0.7044036770945088,Middle,Connor Hellebuyck,0.22,True,MIDDLE,MIDDLE_Ghi,False,False,False,False,False,12,False
20252026,WSH,E,82,95,0.5793,43,19,0.2317073170731707,0.5096995055154051,3.93454600319298,0.1185046447594564,Middle,0.5081343697578382,Middle,Logan Thompson,0.17,True,MIDDLE,MIDDLE_Ghi,False,False,False,False,False,9,False
