player_id,player_name,es_toi_min,P1a_weighted_CNFI,P1a_weighted_MNFI,P1a_weighted_total,P2_weighted,z_P1a_weighted,z_P2_weighted,twoway_score,off_rank,def_rank,twoway_rank
8470638,Patrice Bergeron,2115.5,1.5792,1.1727,2.7519,1.3556,1.7315567475813327,-2.8631146277312203,4.5946713753125525,35,1,1
8478402,Connor McDavid,6331.43,2.1901,1.1253,3.3154000000000003,1.9266,3.5426430148326804,0.08138088174639845,3.461262133086282,3,348,2
8471887,Patric Hornqvist,870.73,1.7846,1.1694,2.9539999999999997,1.7306,2.381105167477511,-0.9293391180042383,3.3104442854817497,14,96,3
8475786,Zach Hyman,5621.93,2.1918,1.0827,3.2745,1.9379,3.411190613181251,0.13965198377283747,3.2715386294084134,4,364,4
8474613,Derek Stepan,1146.48,1.9402,1.021,2.9612,1.7503,2.404245932560404,-0.8277514445599139,3.231997377120318,13,124,5
8479318,Auston Matthews,5452.95,1.7756,1.1536,2.9292,1.7509,2.30139808774755,-0.8246574037443511,3.126055491491901,15,125,6
8475855,Jesper Fast,2839.33,2.0207,0.9709,2.9916,1.7996,2.5019513851326156,-0.5735244242144728,3.0754758093470884,11,174,7
8482659,Josh Doan,1392.23,1.5453,0.8458,2.3911,1.4457,0.5719472973164059,-2.398492831927484,2.97044012924389,152,4,8
8479314,Matthew Tkachuk,4792.65,2.0578,1.2715,3.3293,2.0384,3.5873175474232624,0.65790382037967,2.9294137270435923,2,482,9
8482093,Seth Jarvis,4795.28,1.8148,1.0005,2.8152999999999997,1.7214,1.9353240401167981,-0.9767810771762063,2.9121051172930046,30,84,10
8478483,Mitch Marner,5815.55,1.5186,1.0751,2.5937,1.6092,1.2231027147877873,-1.5553667096865198,2.778469424474307,70,26,11
8473533,Jordan Staal,4845.65,1.8548,0.9369,2.7917,1.7446,1.85947375456732,-0.8571448323077643,2.716618586875084,31,111,12
8480027,Jason Robertson,5700.35,1.6013,1.1226,2.7239,1.7091,1.6415648833700855,-1.0402089138952513,2.681773797265337,38,73,13
8476921,Jordan Martinook,4310.43,1.888,0.9705,2.8585,1.7957,2.0741686306141514,-0.5936356895156335,2.6678043201297847,20,171,14
8482809,Jackson Blake,1590.02,1.7111,1.1129,2.824,1.8068,1.9632857979252933,-0.5363959344277154,2.4996817323530087,28,186,15
8483525,Danila Yurov,504.48,1.3998,0.8697,2.2695,1.4643,0.18112548702756184,-2.3025775666450254,2.4837030536725875,234,6,16
8476455,Gabriel Landeskog,1382.55,1.9601,1.3106,3.2706999999999997,2.0993,3.3989774316097234,0.9719489631593304,2.427028468450393,5,523,17
8481559,Jack Hughes,4893.55,1.4455,1.0415,2.487,1.6186,0.880169432239928,-1.5068934035760295,2.3870628358159576,105,27,18
8478427,Sebastian Aho,5445.97,1.6792,1.0092,2.6884,1.7483,1.5274680555308264,-0.8380649139451245,2.365532969475951,50,120,19
8477478,William Carrier,2618.8,2.113,0.9848,3.0978,2.0086,2.8432776701052735,0.504233126540031,2.3390445435652425,9,450,20
8479407,Jesper Bratt,5495.63,1.616,1.0318,2.6478,1.7289,1.3969798524245183,-0.9381055669816664,2.3350854194061847,56,92,21
8481604,Pavel Dorofeyev,2703.15,1.4209,0.8591,2.2800000000000002,1.504,0.21487243610678075,-2.0978551993485954,2.312727635455376,227,9,22
8470794,Joe Pavelski,3634.52,1.6298,1.1262,2.7560000000000002,1.8024,1.7447341276979804,-0.5590855670751784,2.303819694773159,34,177,23
8477492,Nathan MacKinnon,6339.42,1.6871,1.2386,2.9257,1.9089,2.2901491047211446,-0.009893322312715351,2.30004242703386,16,320,24
8480830,Andrei Svechnikov,4550.57,1.763,1.1086,2.8716,1.8808,2.1162719670844137,-0.15479756717492393,2.2710695342593374,19,285,25
8478449,Roope Hintz,4644.75,1.6484,1.1176,2.766,1.8183,1.7768740792019964,-0.47709348546275426,2.253967564664751,33,198,26
8481532,Alex Turcotte,1309.02,1.5062,0.8873,2.3935,1.597,0.5796608856773705,-1.618278872936304,2.1979397586136744,150,23,27
8478843,Denis Malgin,637.78,1.6891,1.2079,2.8970000000000002,1.9261,2.1979074439046173,0.07880251440009495,2.1191049295045223,18,347,28
8476437,Victor Rask,515.93,1.3829,0.9277,2.3106,1.5631,0.31322068770907135,-1.7930921790156236,2.106312866724695,197,14,29
8480801,Brady Tkachuk,5399.25,1.5146,1.0062,2.5208,1.6962,0.9888024683235043,-1.10673079142986,2.0955332597533642,95,64,30
8477942,Kevin Fiala,5062.83,1.3874,0.9466,2.334,1.5804,0.3884281742284709,-1.7038806688335515,2.0923088430620225,185,16,31
8478233,Andrew Mangiapane,4442.67,1.5108,1.1779,2.6887,1.8033,1.528432254075946,-0.5544445058518341,2.08287675992778,49,181,32
8480835,Jack Drury,2452.15,1.5679,0.9841,2.552,1.723,1.089079117016037,-0.9685303016680377,2.0576094186840748,84,85,33
8477476,Artturi Lehkonen,4310.0,1.5781,1.2546,2.8327,1.8985,1.9912475557337885,-0.06352336311581014,2.0547709188495986,26,307,34
8476461,Sean Couturier,3335.18,1.3662,0.7657,2.1319,1.4624,-0.26112024566770914,-2.3123753625609758,2.0512551168932665,337,5,35
8476448,William Karlsson,3910.15,1.4109,1.059,2.4699,1.6792,0.825210115168059,-1.1943952812041494,2.0196053963722083,116,47,36
8482702,Logan Stankoven,1933.95,1.9434,1.1902,3.1336,2.0937,2.958338696489654,0.9430712488807417,2.0152674476089123,8,520,37
8477998,Warren Foegele,4244.4,1.8801,1.0454,2.9255000000000004,1.9661,2.2895063056910656,0.28507190210430655,2.004434403586759,17,397,38
8478047,Michael Bunting,4782.8,1.6438,1.0782,2.722,1.8434,1.6354582925843224,-0.34765944467836213,1.9831177372626845,39,238,39
8479542,Brandon Hagel,5531.02,1.5626,1.0087,2.5713,1.75,1.151109223418789,-0.8292984649676953,1.9804076883864843,76,123,40
8475791,Taylor Hall,3583.12,1.565,1.1318,2.6967999999999996,1.8293,1.554465614794199,-0.42036940384409666,1.9748350186382957,47,216,41
8479344,Jesse Puljujarvi,2247.62,1.8648,1.1411,3.0059,2.0235,2.5479115157833596,0.5810684734598494,1.9668430423235104,10,469,42
8476399,Blake Coleman,5073.65,1.4605,1.085,2.5454999999999997,1.7399,1.0681881485384248,-0.8813814853630088,1.9495696339014335,87,106,43
8476873,Mark Jankowski,2106.02,1.619,0.9217,2.5407,1.741,1.0527609718164985,-0.8757090772011424,1.928470049017641,89,108,44
8478403,Jack Eichel,4691.88,1.4183,0.9427,2.3609999999999998,1.6333,0.47520604328931526,-1.4310894035947324,1.9062954468840476,168,30,45
8476474,Stefan Noesen,2833.75,1.7231,0.8904,2.6135,1.7913,1.2867398187657406,-0.6163253221630977,1.9030651409288382,65,167,46
8478493,Joel Eriksson Ek,4789.73,1.2669,0.7073,1.9742,1.3935,-0.7679672808860539,-2.6676743828814797,1.8997071019954257,485,2,47
8477934,Leon Draisaitl,6061.42,1.854,1.1251,2.9791,2.0205,2.461776445752594,0.5655982693820352,1.8961781763705587,12,461,48
8475913,Mark Stone,3779.98,1.4435,0.9773,2.4208,1.6763,0.667402953283336,-1.2093498118127053,1.8767527650960414,133,46,49
8477903,Garnet Hathaway,3661.17,1.4493,0.8472,2.2965,1.6012,0.26790335608840765,-1.596620587227362,1.8645239433157696,213,24,50
8477933,Sam Reinhart,5525.77,1.5414,0.9876,2.529,1.7471,1.015157228556798,-0.8442529955762502,1.8594102241330481,91,118,51
8478864,Kirill Kaprizov,5318.2,1.3386,0.9422,2.2808,1.594,0.21744363222710184,-1.6337490770141194,1.8511927092412213,226,21,52
8482146,Luke Evangelista,2752.27,1.4969,0.9171,2.4139999999999997,1.682,0.6455477862606042,-1.179956424064855,1.8255042103254593,136,50,53
8484762,Beckett Sennecke,711.52,1.809,0.915,2.724,1.8783,1.6418862828851264,-0.16768940390643688,1.8095756867915633,37,283,54
8477493,Aleksander Barkov,4356.22,1.6659,1.0845,2.7504,1.8975,1.72673575485573,-0.068680097808416,1.7954158526641462,36,305,55
8482077,Dylan Holloway,2523.98,1.4734,0.9462,2.4196,1.6918,0.6635461591028544,-1.1294204240773231,1.7929665831801775,134,61,56
8482159,Tyson Foerster,2548.98,1.2677,0.7953,2.063,1.4742,-0.48256451153038404,-2.251525893188233,1.768961381657849,407,7,57
8480002,Nico Hischier,5469.12,1.5038,0.8958,2.3996,1.6841,0.5992662560948208,-1.1691272812103841,1.7683935373052049,148,52,58
8478420,Mikko Rantanen,6306.27,1.5809,1.1407,2.7216,1.8956,1.634172694524162,-0.0784778937243661,1.7126505882485281,40,303,59
8479675,Trevor Moore,4646.25,1.5666,0.9143,2.4809,1.7461,0.8605640618224778,-0.849409730268856,1.7099737920913338,108,114,60
8476439,Brett Ritchie,849.42,1.3269,1.146,2.4729,1.7436,0.8348521006192643,-0.862301567000369,1.6971536676196333,115,110,61
8477501,Valeri Nichushkin,3959.88,1.637,1.1385,2.7755,1.9333,1.8074070331308125,0.11593100418685348,1.691476028943959,32,360,62
8474150,Mikael Backlund,5475.02,1.3394,1.0485,2.3879,1.6924,0.5616625128351217,-1.1263263832617603,1.6879888960968819,154,62,63
8482751,Ryan Winterton,588.0,1.4514,0.8497,2.3011,1.6405,0.2826877337802552,-1.3939609138079738,1.676648647588229,206,31,64
8482742,Zachary L'Heureux,857.32,1.4413,0.7862,2.2275,1.5952,0.04613769071069188,-1.6275609953829937,1.6736986860936856,262,22,65
8482713,Mackie Samoskevich,1437.52,1.6046,0.8455,2.4501,1.7375,0.7615730111901056,-0.8937576486252612,1.6553306598153668,123,104,66
8484958,Maxim Tsyplakov,1235.98,1.4888,0.8254,2.3142,1.6551,0.3247910702505175,-1.3186725872959368,1.6434636575464543,194,37,67
8481557,Matt Boldy,5056.48,1.3447,0.8352,2.1799,1.5721,-0.10684847844842836,-1.7466815667821753,1.639833088333747,296,15,68
8473419,Brad Marchand,4753.53,1.545,1.0034,2.5484,1.8028,1.0775087344745908,-0.5570228731981365,1.6345316076727272,85,178,69
8476479,Phillip Danault,5106.88,1.5823,0.9204,2.5027,1.7792,0.9306291561012339,-0.6787218119436216,1.6093509680448554,102,155,70
8477404,Jake Guentzel,5762.88,1.6526,1.0427,2.6953,1.8996,1.5496446220685978,-0.05785095495394495,1.6074955770225428,48,308,71
8481655,Cole Schwindt,602.2,1.3533,0.9366,2.2899,1.6509,0.24669098809575604,-1.3403308730048789,1.5870218611006348,218,36,72
8482155,Alex Laferriere,2820.08,1.47,0.9521,2.4221,1.7341,0.6715811469788584,-0.9112905465801195,1.582871693558978,130,99,73
8478438,Tommy Novak,3004.2,1.5572,1.018,2.5751999999999997,1.8317,1.163643804505355,-0.40799324058184305,1.571637045087198,74,220,74
8484387,Matvei Michkov,1715.28,1.2918,0.7283,2.0201000000000002,1.4863,-0.6204449034826159,-2.1891294034077093,1.5686844999250935,445,8,75
8480829,Jesperi Kotkaniemi,3779.43,1.7998,1.0252,2.825,1.9894,1.966499793075696,0.40522382044201016,1.5612759726336858,27,423,76
8478042,Viktor Arvidsson,3687.43,1.6258,1.0008,2.6266,1.8667,1.3288431552360016,-0.22750752634065846,1.5563506815766601,60,266,77
8482145,Mavrik Bourque,1447.82,1.4254,0.7532,2.1786,1.5901,-0.1110266721439508,-1.65386034231528,1.5428336701713292,298,18,78
8475166,John Tavares,5459.7,1.6042,1.0101,2.6143,1.8637,1.2893110148860618,-0.2429777304184749,1.5322887453045366,64,263,79
8470621,Corey Perry,3650.4,1.7463,0.8887,2.635,1.8774,1.3558407144993756,-0.17233046512978226,1.528171179629158,59,282,80
8469455,Jason Spezza,640.78,1.7179,1.1163,2.8342,2.0024,1.9960685484593912,0.47226137144587954,1.5238071770135115,25,445,81
8483512,Matt Savoie,703.37,1.3291,1.0033,2.3324,1.6904,0.38328578198782737,-1.1366398526469708,1.5199256346347982,186,58,82
8475799,Nino Niederreiter,4402.88,1.7776,0.8626,2.6402,1.8851,1.3725534892814655,-0.13262360799672135,1.5051770972781868,57,291,83
8479525,Ross Colton,3897.28,1.7879,1.0524,2.8403,2.0111,2.0156739188768413,0.517124963271544,1.4985489556052973,23,452,84
8477409,Carter Verhaeghe,5289.5,1.9142,1.2213,3.1355,2.196,2.964445287275417,1.4706052079342626,1.4938400793411541,7,566,85
8475287,Erik Haula,4614.85,1.5573,0.9085,2.4657999999999998,1.7793,0.8120327350514114,-0.67820613847436,1.4902388735257714,117,156,86
8475810,Bryan Rust,4903.7,1.6497,0.9126,2.5623,1.8412,1.1221832670651744,-0.35900426100209365,1.481187528067268,78,235,87
8478414,Timo Meier,5486.52,1.629,0.9175,2.5465,1.8319,1.0714021436888277,-0.4069618936433221,1.4783640373321498,86,221,88
8477956,David Pastrnak,5748.88,1.3798,0.9609,2.3407,1.7046,0.40996194173616196,-1.0634142200119758,1.4733761617481378,180,68,89
8484829,Justin Hryckowian,609.63,1.2624,0.6312,1.8936,1.4262,-1.0270152900084293,-2.4990491584332872,1.472033868424858,534,3,90
8471675,Sidney Crosby,5852.38,1.6322,0.9902,2.6224,1.8831,1.3153443756043146,-0.14293707738193193,1.4582814529862465,61,290,91
8483491,Ivan Miroshnichenko,506.27,1.4987,0.7907,2.2893999999999997,1.6757,0.24508399052055466,-1.2124438526282681,1.4575278431488228,219,45,92
8477939,William Nylander,5753.88,1.6448,1.0247,2.6695,1.9149,1.466723547188235,0.021047085842916386,1.4456764613453186,52,331,93
8479546,Oskar Steen,515.27,1.1678,0.8807,2.0484999999999998,1.5286,-0.5291674412112097,-1.9709995259105058,1.441832084699296,417,10,94
8477935,Sam Bennett,4531.28,2.0152,1.2255,3.2407000000000004,2.2785,3.302557577097675,1.8960358200741987,1.4065217570234765,6,583,95
8477021,Alexander Kerfoot,4497.07,1.4461,0.8949,2.341,1.7179,0.41092614028128305,-0.9948296486003251,1.4057557888816081,179,80,96
8476453,Nikita Kucherov,5683.82,1.59,1.0732,2.6632,1.9233,1.4464753777407031,0.0643636572608006,1.3821117204799025,53,344,97
8482124,Quinton Byfield,4212.92,1.3902,0.8229,2.2131,1.6445,-0.00014383945509292362,-1.3733339750375526,1.3731901355824596,270,33,98
8475193,Tomas Tatar,3510.6,1.4576,0.9946,2.4522,1.7949,0.7683224010059491,-0.5977610772697184,1.3660834782756675,121,170,99
8476456,Jonathan Huberdeau,5087.75,1.3578,0.9541,2.3118999999999996,1.71,0.3173988814045923,-1.035567852671907,1.3529667340764993,196,74,100
8475220,Marcus Foligno,3670.5,1.3542,0.7678,2.122,1.5934,-0.29293879765668585,-1.6368431178296834,1.3439043201729977,346,20,101
8478866,Dominik Simon,683.15,1.727,0.849,2.576,1.8766,1.1662150006256775,-0.17645585288386603,1.3426708535095435,73,280,102
8476292,Ondrej Palat,4118.95,1.6509,1.0702,2.7211,1.9677,1.6325656969489606,0.2933226776124752,1.3392430193364855,41,402,103
8478498,Jake DeBrusk,4626.78,1.4925,0.9142,2.4067,1.7736,0.6220856216626723,-0.7075995262222103,1.3296851478848826,143,150,104
8478115,Pierre Engvall,3395.8,1.6675,0.9925,2.66,1.9323,1.4361905932594188,0.11077426949424762,1.3254163237651713,54,356,105
8483808,Andrei Kuzmenko,3123.77,1.3703,0.8284,2.1987,1.6456,-0.0464253696208763,-1.3676615668756873,1.321236197254811,279,34,106
8479591,Michael Eyssimont,2527.72,1.6527,0.9,2.5527,1.8664,1.0913289136213187,-0.22905454674843986,1.3203834603697586,83,265,107
8471215,Evgeni Malkin,4481.83,1.5739,0.9063,2.4802,1.8232,0.8583142652171961,-0.4518254854689889,1.310139750686185,111,205,108
8483505,Matthew Poitras,769.68,1.3609,0.9068,2.2677,1.6914,0.17534029575683946,-1.131483117954365,1.3068234137112045,235,59,109
8471669,Paul Stastny,1764.22,1.8168,1.0283,2.8451,2.0554,2.0311010955987694,0.7455683101539593,1.28553278544481,21,491,110
8478542,Evan Rodrigues,4701.32,1.6049,1.0793,2.6841999999999997,1.9562,1.513969275899138,0.2340202286475141,1.279949047251624,51,388,111
8473512,Claude Giroux,5475.8,1.3514,0.8941,2.2455,1.6828,0.10398960341792146,-1.1758310363107702,1.2798206397286918,246,51,112
8478519,Anthony Cirelli,4938.23,1.5625,0.941,2.5035,1.8458,0.933200352221555,-0.3352832814161085,1.2684836336376635,101,240,113
8481560,Arthur Kaliyev,2046.12,1.472,1.0105,2.4825,1.8366,0.86570645406312,-0.3827252405880776,1.2484316946511975,107,231,114
8480007,Jonas Rondbjerg,733.42,1.142,0.8639,2.0059,1.5396,-0.6660836346183204,-1.914275444291847,1.2481918096735267,461,12,115
8482116,Tim Stützle,5816.95,1.3429,0.8491,2.192,1.6557,-0.06795913712856733,-1.315578546480374,1.2476194093518067,282,38,116
8481592,Jakob Pelletier,901.9,1.3268,0.9257,2.2525,1.6961,0.12648756947073359,-1.1072464648991205,1.2337340343698542,243,63,117
8478020,Michael Amadio,3884.5,1.4587,0.9164,2.3751,1.7731,0.5205233749099804,-0.7101778935685138,1.2307012684784941,161,149,118
8481596,Shane Pinto,3236.73,1.3606,0.8943,2.2549,1.6982,0.1342011578316982,-1.0964173220446496,1.2306184798763478,241,65,119
8480015,Owen Tippett,4703.13,1.3458,0.9114,2.2572,1.7022,0.14159334667762197,-1.0757903832742284,1.2173837299518504,240,66,120
8480995,Pontus Holmberg,2164.8,1.4449,0.8758,2.3207,1.742,0.3456820387281283,-0.8705523425085376,1.2162343812366658,191,109,121
8476483,Rickard Rakell,5281.75,1.5352,0.8881,2.4233,1.8077,0.67543794115934,-0.53175487320437,1.2071928143637098,129,188,122
8480185,Eetu Luostarinen,4671.78,1.6745,1.0401,2.7146,1.9905,1.6116747284713497,0.41089622860387537,1.2007784998674744,42,425,123
8477511,Anthony Mantha,3091.4,1.4706,0.8835,2.3541,1.7667,0.453029476751544,-0.7431809956011874,1.1962104723527314,173,140,124
8479638,Justin Brazeau,1443.02,1.604,0.8407,2.4447,1.8284,0.744217437377937,-0.4250104650674409,1.1692279024453778,124,214,125
8482092,Ridly Greig,2854.25,1.3511,0.8402,2.1913,1.6741,-0.07020893373384897,-1.2206946281364368,1.1504856944025879,285,44,126
8477940,Nikolaj Ehlers,4268.8,1.4597,1.0205,2.4802,1.8563,0.8583142652171961,-0.28113756714375326,1.1394518323609493,111,255,127
8475149,Marcus Johansson,4596.98,1.3578,0.8115,2.1693,1.6649,-0.1409168270426867,-1.268136587308405,1.1272197602657181,309,39,128
8485414,Ben Kindel,603.67,1.6669,0.9906,2.6575,1.9705,1.4281556053834148,0.3077615347517696,1.120394070631645,55,406,129
8482740,Wyatt Johnston,4193.05,1.6508,0.9537,2.6045,1.9388,1.2578138624121245,0.14429304499618287,1.1135208174159417,67,367,130
8471228,Alexander Radulov,857.17,1.3089,0.9851,2.294,1.7462,0.2598683682124036,-0.8488940567995956,1.1087624250119992,215,115,131
8476881,Tomas Hertl,5227.15,1.4528,0.8317,2.2845,1.7464,0.22933541428358745,-0.8478627098610746,1.077198124144662,222,117,132
8480849,Barrett Hayton,3881.07,1.3474,0.8478,2.1952,1.6915,-0.05767435264728308,-1.1309674444851046,1.0732930918378214,280,60,133
8481553,Bobby Brink,2303.03,1.2477,0.7378,1.9855,1.5611,-0.7316491356865147,-1.803405648400834,1.0717565127143194,476,13,134
8480220,Noah Cates,3714.07,1.2821,0.7452,2.0273,1.5877,-0.597304138399725,-1.6662365055775337,1.0689323671778088,439,17,135
8476454,Ryan Nugent-Hopkins,5394.7,1.7265,0.8645,2.591,1.9392,1.214424927881703,0.14635573887322476,1.0680691890084781,71,368,136
8475172,Nazem Kadri,5549.3,1.3853,0.9219,2.3072,1.7627,0.3022931041977054,-0.7638079343716085,1.066101038569314,199,137,137
8476826,Yanni Gourde,4848.17,1.371,0.8647,2.2357,1.7187,0.07249245094398561,-0.9907042608462413,1.063196711790227,255,81,138
8479977,Kailer Yamamoto,3109.75,1.6744,1.0345,2.7089,2.0138,1.59335495611406,0.5310481469415779,1.0623068091724823,43,455,139
8475692,Mats Zuccarello,5070.05,1.2181,0.962,2.1801,1.6874,-0.1062056794183481,-1.1521100567247862,1.045904377306438,295,55,140
8477962,Brendan Lemieux,1148.05,1.6556,0.9542,2.6098,1.9605,1.2748480367092536,0.2561941878257167,1.0186538488835368,66,390,141
8480113,Alex Iafallo,4499.58,1.4043,0.898,2.3023000000000002,1.7702,0.2865445279607382,-0.7251324241770686,1.0116769521378068,205,145,142
8478975,Mason Marchment,4106.85,1.6706,1.1492,2.8198,2.0929,1.9497870182936063,0.9389458611266579,1.0108411571669484,29,519,143
8479365,Trent Frederic,3615.73,1.705,0.91,2.615,1.9678,1.2915608114913435,0.29383835108173567,0.9977224604096078,63,403,144
8475722,Jason Zucker,3857.55,1.5696,0.9145,2.4841,1.8892,0.8708488463037635,-0.11148099575703974,0.9823298420608032,106,296,145
8478445,Mathew Barzal,4848.1,1.431,0.9131,2.3441,1.8046,0.4208895252475279,-0.5477407507514469,0.9686302759989748,178,185,146
8482113,Anton Lundell,4323.0,1.6618,1.0381,2.6999,2.0272,1.5644289997604452,0.6001483918224902,0.964280607937955,46,473,147
8476392,Adam Lowry,4624.95,1.5523,0.8835,2.4358,1.8634,0.7156128805393616,-0.24452475082625633,0.9601376313656179,127,262,148
8481535,Nils Hoglander,2844.07,1.4383,0.9018,2.3401,1.8042,0.4080335446459212,-0.5498034446284887,0.9578369892744099,181,182,149
8480039,Martin Necas,5355.32,1.5029,1.118,2.6209,1.9797,1.310523382878712,0.3552034939237387,0.9553198889549732,62,415,150
8483570,Ben Meyers,983.23,1.466,0.7148,2.1808,1.7058,-0.10395588281306646,-1.057226138380849,0.9532702555677826,293,69,151
8479400,Pierre-Luc Dubois,4931.92,1.5269,0.9978,2.5247,1.9215,1.0013370494100715,0.055081534814110954,0.9462555145959606,93,339,152
8475225,Craig Smith,2834.02,1.4249,1.0943,2.5192,1.9184,0.9836600760828621,0.039095657267035185,0.9445644188158269,96,334,153
8478010,Brayden Point,5565.82,1.4817,1.0091,2.4908,1.9009,0.8923826138114545,-0.051147199853557666,0.9435298136650121,104,311,154
8478856,Conor Garland,4907.08,1.4232,0.933,2.3562000000000003,1.8205,0.4597788665673889,-0.46574866913902274,0.9255275357064117,171,203,155
8481656,Aliaksei Protas,3704.0,1.5303,0.855,2.3853,1.8439,0.5533061254440768,-0.3450810773320586,0.8983872027761354,155,239,156
8482737,Zachary Bolduc,1679.5,1.1833,0.858,2.0413,1.6301,-0.5523082062941007,-1.4475909546110686,0.8952827483169679,428,29,157
8482726,Samuel Helenius,652.32,1.1573,0.7307,1.888,1.5361,-1.045013662850679,-1.9323240157159658,0.8873103528652868,538,11,158
8482110,Dawson Mercer,5399.6,1.4315,0.8466,2.2781000000000002,1.7804,0.20876584532101752,-0.6725337303124947,0.8812995756335122,230,158,159
8478585,Derek Ryan,2411.43,1.6492,0.9278,2.577,1.9676,1.1694289957760788,0.29280700414321476,0.8766219916328641,72,401,160
8471685,Anze Kopitar,5877.88,1.2487,0.8137,2.0624,1.6474,-0.4844929086206263,-1.3583794444289978,0.8738865358083716,408,35,161
8474586,Jordan Eberle,4814.13,1.2815,0.8944,2.1759,1.719,-0.1197044590500351,-0.9891572404384588,0.8694527813884236,300,82,162
8475314,Anders Lee,5288.3,1.654,0.8847,2.5387,1.9456,1.0463329815156943,0.17935884090589838,0.8669741406097959,90,377,163
8484145,Zach Benson,2305.42,1.4634,0.8723,2.3357,1.8216,0.3938919659841539,-0.46007626097715637,0.8539682269613103,184,204,164
8480208,Drake Batherson,5085.27,1.2618,0.9168,2.1786,1.7254,-0.1110266721439508,-0.9561541384057851,0.8451274662618343,298,88,165
8482201,Gage Goncalves,1221.75,1.4006,0.7722,2.1728,1.7238,-0.12966784401627993,-0.9644049139139539,0.8347370698976739,303,86,166
8477496,Elias Lindholm,5397.1,1.2988,0.9115,2.2103,1.7496,-0.009143025876216637,-0.8313611588447373,0.8222181329685206,274,122,167
8475726,Tyler Toffoli,4884.57,1.3159,0.9897,2.3056,1.8105,0.2971507119570633,-0.5173160160650756,0.8144667280221389,200,192,168
8483464,Marco Kasper,1557.75,1.4524,0.8074,2.2598,1.782,0.1499497340686654,-0.6642829548043261,0.8142326888729915,239,160,169
8476346,Johnny Gaudreau,3894.13,1.3993,1.0663,2.4656000000000002,1.9111,0.8113899360213325,0.0014514940110161715,0.8099384420103163,118,323,170
8477955,Jared McCann,4622.0,1.1124,0.8872,1.9996,1.6224,-0.6863318040658509,-1.4872978117441293,0.8009660076782784,466,28,171
8475745,Charlie Coyle,5213.95,1.4067,0.83,2.2367,1.7711,0.07570644609438694,-0.7204913629537244,0.7961978090481113,254,146,172
8480901,Karson Kuhlman,945.52,1.33,1.0072,2.3372,1.8365,0.3987129587097566,-0.38324091405733807,0.7819538727670947,182,230,173
8477446,Michael McCarron,2918.87,1.4182,0.7086,2.1268,1.7058,-0.27751162093475806,-1.057226138380849,0.7797145174460909,341,69,174
8480012,Elias Pettersson,5330.63,1.2654,0.7955,2.0609,1.6651,-0.48931390134622754,-1.267105240369884,0.7777913390236564,409,40,175
8480802,Ryan McLeod,4095.6,1.5408,1.0564,2.5972,1.9994,1.2343516978141926,0.4567911673680631,0.7775605304461295,69,437,176
8475191,Reilly Smith,4404.93,1.4531,0.9895,2.4426,1.9038,0.7374680475620935,-0.03619266924500284,0.7736607168070964,125,313,177
8478421,A.J. Greer,2285.35,1.5137,0.849,2.3627000000000002,1.8552,0.48066983504499966,-0.2868099753056196,0.7674798103506193,166,253,178
8481641,Joel Kiviranta,2887.38,1.3855,0.9347,2.3202,1.8307,0.3440750411529269,-0.4131499752744489,0.7572250164273758,192,218,179
8478046,Danton Heinen,3569.52,1.4109,0.9682,2.3791,1.8695,0.5333793555115871,-0.2130686692013641,0.7464480247129512,159,272,180
8473473,Milan Lucic,1722.57,1.3426,1.0626,2.4052,1.886,0.6172646289370696,-0.12798254677337711,0.7452471757104466,145,293,181
8481617,Vasily Podkolzin,3152.25,1.5068,0.9737,2.4805,1.9335,0.8592784637623173,0.11696235112537443,0.7423161126369429,110,361,182
8481703,Valtteri Puustinen,635.88,1.5035,0.7695,2.273,1.8043,0.19237447005396863,-0.5492877711592283,0.741662241213197,232,184,183
8478211,Dryden Hunt,1537.43,1.3671,0.7069,2.074,1.681,-0.4472105648759666,-1.1851131587574597,0.7379025938814932,391,49,184
8482720,Matthew Knies,2911.53,1.5367,0.9225,2.4592,1.9224,0.7908203670587611,0.059722596037456346,0.7310977710213048,119,341,185
8481577,Philip Tomasino,2349.7,1.2709,0.9408,2.2117,1.7688,-0.00464343266565478,-0.7323518527467163,0.7277084200810615,271,143,186
8477497,Sean Monahan,3736.13,1.2527,0.9059,2.1586,1.736,-0.17530657515198445,-0.9014927506641695,0.726186175512185,316,102,187
8475728,Johan Larsson,594.53,1.1596,0.9836,2.1432,1.7282,-0.22480210046816915,-0.9417152812664908,0.7169131807983217,328,91,188
8474190,Wayne Simmonds,750.03,1.5617,0.9616,2.5233,1.9674,0.9968374561995083,0.2917756572046938,0.7050617989948145,94,400,189
8475848,Brendan Gallagher,3480.93,1.624,0.9377,2.5617,1.9952,1.1202548699749335,0.43513288165912095,0.6851219883158126,80,429,190
8481789,Tye Kartye,1856.98,1.2896,0.8757,2.1653000000000002,1.749,-0.153772807644292,-0.8344551996603001,0.6806823920160081,312,121,191
8476887,Filip Forsberg,5068.33,1.3223,0.9288,2.2511,1.8031,0.12198797626017174,-0.5554758527903552,0.6774638290505269,244,179,192
8476539,Jonathan Marchessault,5216.33,1.3197,0.9499,2.2696,1.8147,0.1814468865426027,-0.49565773035613353,0.6771046168987362,233,196,193
8483524,Shane Wright,1553.15,1.3413,0.78,2.1212999999999997,1.7241,-0.2951885942619675,-0.9628578935061725,0.667669299244205,348,87,194
8474564,Steven Stamkos,5583.73,1.3705,0.9506,2.3211,1.8525,0.3469676367882888,-0.30073315897565345,0.6477007957639422,189,247,195
8475793,Ryan Johansen,2496.67,1.23,0.8899,2.1199,1.7272,-0.29968818747252934,-0.9468720159590955,0.6471838284865662,351,90,196
8480448,Parker Kelly,2953.38,1.1346,0.7687,1.9033000000000002,1.5926,-0.9958395370495322,-1.640968505583767,0.6451289685342348,528,19,197
8479705,Jeffrey Viel,684.37,1.6652,0.9089,2.5741,2.0128,1.1601084098399141,0.5258914122489732,0.634216997590941,75,454,198
8479337,Alex DeBrincat,5869.85,1.1868,0.8604,2.0472,1.6853,-0.5333456349067307,-1.1629391995792573,0.6295935646725266,420,53,199
8480068,Ryan Poehling,3412.87,1.4104,0.7642,2.1746,1.7659,-0.12388265274555753,-0.7473063833552712,0.6234237306097137,301,139,200
8477451,Ryan Hartman,4560.95,1.3264,0.9772,2.3036,1.8464,0.2907227216562592,-0.33218924060054567,0.6229119622568049,203,241,201
8476480,Vladislav Namestnikov,3981.65,1.505,0.7811,2.2861,1.8356,0.23447780652422956,-0.38788197528068347,0.622359781804913,220,228,202
8476468,J.T. Miller,5467.18,1.251,0.8656,2.1166,1.7349,-0.3102943714688544,-0.9071651588260347,0.5968707873571802,355,101,203
8480064,Josh Norris,3077.97,1.1728,0.7954,1.9682,1.6428,-0.787251251788464,-1.3821004240149817,0.5948491722265177,489,32,204
8476880,Tom Wilson,4665.7,1.2547,0.8356,2.0903,1.7194,-0.39482244392441856,-0.9870945465614169,0.5922721026369984,370,83,205
8475754,Brock Nelson,5505.23,1.4867,0.8799,2.3666,1.8933,0.49320441613156557,-0.0903383835173581,0.5835427996489236,163,301,206
8478550,Artemi Panarin,6005.47,1.4636,1.0101,2.4737,1.9605,0.8374232967395854,0.2561941878257167,0.5812291089138687,114,390,207
8476389,Vincent Trocheck,5892.17,1.4222,0.9621,2.3842999999999996,1.9054,0.550092130293674,-0.02794189373683415,0.5780340240305082,157,316,208
8480980,Connor Dewar,2729.68,1.2519,0.757,2.0089,1.6736,-0.656441649167115,-1.2232729954827393,0.5668313463156243,455,43,209
8482149,Cole Perfetti,3358.25,1.3237,0.8218,2.1455,1.7608,-0.2174099116222454,-0.7736057302875587,0.5561958186653133,325,132,210
8477960,Adrian Kempe,5521.97,1.2382,0.8287,2.0669,1.7131,-0.4700299304438182,-1.01958197512483,0.5495520446810118,402,76,211
8478508,Yakov Trenin,4298.18,1.368,0.8173,2.1853000000000002,1.7881,-0.08949290463625835,-0.6328268731794339,0.5433339685431755,289,165,212
8474176,Carl Hagelin,671.12,1.2159,0.9773,2.1932,1.7938,-0.06410234294808573,-0.6034334854315836,0.5393311424834979,281,169,213
8478028,Fredrik Olofsson,736.83,1.2137,0.7742,1.9879,1.6662,-0.7239355473255508,-1.2614328322080188,0.5374972848824681,473,41,214
8479661,Tanner Jeannot,3718.5,1.3467,0.7783,2.125,1.7529,-0.2832968122054804,-0.8143439343591405,0.5310471221536601,343,128,215
8478434,Keegan Kolesar,3947.37,1.601,0.8797,2.4807,1.9763,0.8599212627923976,0.3376705959688804,0.5222506668235172,109,409,216
8476882,Teuvo Teravainen,4754.7,1.2927,0.8276,2.1203,1.7517,-0.2984025894123688,-0.8205320159902662,0.5221294265778973,350,126,217
8482665,Matty Beniers,4456.55,1.1654,0.8537,2.0191,1.6899,-0.6236588986330187,-1.1392182199932732,0.5155593213602545,447,57,218
8482088,Justin Sourdif,666.2,1.4286,0.8499,2.2785,1.8541,0.21005144338117807,-0.2924823834674848,0.5025338268486629,228,250,219
8478462,Nicolas Roy,4201.1,1.4594,0.9472,2.4066,1.9344,0.6217642221476328,0.12160341234871867,0.5001608097989142,144,363,220
8481481,Blake Lizotte,3144.32,1.3643,0.9342,2.2985,1.8683,0.2743313463892117,-0.21925675083248977,0.4935880972217015,210,270,221
8476878,Zemgus Girgensons,3601.97,1.307,0.8151,2.1221,1.7596,-0.292617398141645,-0.7797938119186844,0.48717641377703935,345,131,222
8478439,Travis Konecny,5461.97,1.2787,0.8037,2.0824,1.7365,-0.4202130056125926,-0.8989143833178671,0.4787013777052745,378,103,223
8483468,Jiri Kulich,829.1,1.1887,0.9625,2.1512000000000002,1.7795,-0.1990901392649557,-0.677174791535839,0.47808465227088337,322,157,224
8477947,Sonny Milano,2306.28,1.4898,0.8992,2.3890000000000002,1.9332,0.5651979075005639,0.11541533071759301,0.44978257678297084,153,359,225
8474189,Lars Eller,4337.98,1.3454,0.8649,2.2103,1.8258,-0.009143025876216637,-0.4384179752682143,0.4292749493919977,274,210,226
8481068,Yegor Sharangovich,4752.73,1.2076,0.8973,2.1048999999999998,1.7609,-0.3478981147285549,-0.7730900568182982,0.4251919420897433,361,133,227
8482109,Alexis Lafrenière,5219.73,1.5361,1.0327,2.5688,2.0502,1.143074235542785,0.7187532897524102,0.4243209457903748,77,488,228
8482062,Cole Smith,2944.98,1.2669,0.7505,2.0174,1.7069,-0.6291226903887016,-1.0515537302189828,0.4224310398302812,449,72,229
8478413,Jordan Greenway,3165.77,1.2316,0.7307,1.9623,1.6734,-0.806213823175834,-1.2243043424212603,0.4180905192454263,492,42,230
8479346,Dillon Dube,2275.8,1.3656,1.113,2.4786,1.9958,0.8531718729765541,0.4382269224746838,0.41494495050187025,113,431,231
8478472,Mathieu Joseph,3379.75,1.256,0.8236,2.0796,1.7479,-0.42921219203371636,-0.8401276078221664,0.4109154157884501,380,119,232
8479972,Mason Shaw,739.42,1.1678,0.6782,1.846,1.603,-1.180001459167549,-1.5873384647806723,0.40733700561312336,559,25,233
8477290,Michael Raffl,948.42,1.4599,0.7316,2.1915,1.8187,-0.0695661347037687,-0.4750307915857124,0.40546465688194366,283,199,234
8482079,Marco Rossi,3128.22,1.2595,0.7874,2.0469,1.7291,-0.5343098334518518,-0.9370742200431454,0.40276438659129365,421,93,235
8475772,Riley Sheahan,709.4,1.2035,0.8138,2.0173,1.7111,-0.629444089903741,-1.0298954445100406,0.40045135460629955,450,75,236
8474037,James van Riemsdyk,3902.08,1.4791,0.8238,2.3029,1.8908,0.288472925050979,-0.10323022024887103,0.39170314529985,204,298,237
8479994,Jaret Anderson-Dolan,876.68,1.3621,0.9508,2.3129,1.8971,0.3206128765549951,-0.07074279168545788,0.391355668240453,195,304,238
8475768,Jaden Schwartz,4015.72,1.2161,0.8516,2.0677,1.7451,-0.4674587343234971,-0.8545664649614607,0.3871077306379636,401,112,239
8475168,Matt Duchene,5117.42,1.4025,1.0521,2.4546,1.9868,0.7760359893669136,0.39181631024123564,0.384219679125678,120,420,240
8481186,Logan O'Connor,3696.73,1.2646,0.8793,2.1439,1.7933,-0.22255230386288893,-0.606011852777887,0.3834595489149981,327,168,241
8479336,Carl Grundstrom,2410.68,1.435,0.9861,2.4211,1.967,0.6683671518284571,0.2897129633276519,0.3786541885008052,132,399,242
8475158,Ryan O'Reilly,5261.2,1.3485,0.8784,2.2269,1.847,0.04420929362045108,-0.32909519978498286,0.3733044934054339,263,242,243
8479353,Brett Howden,3437.6,1.5726,0.9336,2.5061999999999998,2.0211,0.9418781391276392,0.568692310197598,0.37318582893004115,100,463,244
8482055,Drew O'Connor,3339.45,1.5408,0.8596,2.4004,1.9552,0.6018374522151418,0.22886349395490937,0.3729739582602325,147,387,245
8479619,Michael Carcone,2161.83,1.4828,0.8171,2.2999,1.8942,0.27883093959977356,-0.08569732229401271,0.3645282618937863,208,302,246
8480008,Adam Ruzicka,1047.97,1.0489,0.9986,2.0475,1.7378,-0.5323814363616111,-0.8922106282174798,0.3598291918558687,419,105,247
8479351,Sam Steel,3898.77,1.378,0.8553,2.2333,1.8544,0.064778862583021,-0.29093536305970336,0.35571422564272437,256,252,248
8480023,Robert Thomas,5458.92,1.1512,1.1219,2.2731,1.8819,0.19269586956900805,-0.14912515901305876,0.3418210285820668,231,286,249
8477951,Nick Schmaltz,5162.12,1.1688,0.8321,2.0009,1.7138,-0.6821536103703285,-1.0159722608400068,0.3338186504696783,464,78,250
8476918,Jimmy Vesey,3053.35,1.4871,0.7912,2.2783,1.8867,0.2094086443510978,-0.12437283248855267,0.3337814768396505,229,294,251
8479944,Zachary Aston-Reese,2540.08,1.3871,0.7717,2.1588000000000003,1.8126,-0.17466377612190276,-0.5064868732106046,0.33182309708870183,315,194,252
8480028,Morgan Frost,4448.17,1.2319,0.8371,2.069,1.7577,-0.4632805406279747,-0.7895916078346344,0.32631106720665976,400,130,253
8476927,Teddy Blueger,3675.75,1.3892,0.7853,2.1745,1.8244,-0.12420405226059696,-0.44563740383786205,0.3214333515772651,302,206,254
8479520,Brandon Duhaime,3342.03,1.3781,0.8653,2.2434000000000003,1.8674,0.09724021360207939,-0.22389781205583517,0.32113802565791455,249,268,255
8480289,Morgan Barron,2829.83,1.4991,0.8574,2.3565,1.9382,0.4607430651125086,0.1411990041806189,0.3195440609318897,170,365,256
8474149,Evgenii Dadonov,3630.35,1.6772,0.9604,2.6376,2.1138,1.3641971018904204,1.046721616202107,0.3174754856883135,58,527,257
8480014,Gabriel Vilardi,3739.27,1.3401,0.9079,2.248,1.871,0.11202459129392692,-0.20533356716245588,0.3173581584563828,245,273,258
8475820,Joonas Donskoi,905.32,1.1614,0.787,1.9484,1.6874,-0.8508883557664174,-1.1521100567247862,0.30122170095836875,501,55,259
8478440,Dylan Strome,5257.4,1.3348,0.9263,2.2611,1.8823,0.15412792776418785,-0.1470624651360157,0.30119039290020355,238,287,260
8476393,Nick Cousins,3380.2,1.5461,0.9793,2.5254,2.0479,1.0035868460153519,0.7068927999594182,0.29669404605593364,92,487,261
8478401,Pavel Zacha,4972.85,1.1854,0.9841,2.1695,1.8264,-0.140274028012605,-0.43532393445265144,0.29504990644004647,307,211,262
8478057,Dakota Joshua,2800.07,1.5227,0.8918,2.4145,1.9793,0.6471547838358055,0.3531408000466968,0.2940139837891087,135,413,263
8476925,Colton Sissons,4453.77,1.3062,0.7399,2.0461,1.7528,-0.5368810295721729,-0.8148596078284011,0.2779785782562282,422,127,264
8476889,Radek Faksa,3854.2,1.318,0.7513,2.0693,1.7691,-0.46231634208285355,-0.730804832338935,0.26848849025608146,399,144,265
8477416,Oliver Bjorkstrand,5023.27,1.1866,0.8881,2.0747,1.7728,-0.444960768270685,-0.7117249139762952,0.26676414570561024,390,148,266
8477426,Nick Paul,4781.37,1.3922,0.8488,2.241,1.8773,0.08952662524111478,-0.17284613859904274,0.2623727638401575,252,281,267
8477402,Pavel Buchnevich,5300.6,1.1607,1.0194,2.1801000000000004,1.8396,-0.10620567941834667,-0.3672550365102623,0.2610493570919156,294,234,268
8477015,Connor Brown,3463.05,1.4498,0.846,2.2958,1.9127,0.26565355948312597,0.009702269519184865,0.2559512899639411,214,327,269
8479996,Cody Glass,2695.78,1.2705,0.8971,2.1676,1.8341,-0.14638061879836825,-0.39561707731959056,0.2492364585212223,311,225,270
8478904,Steven Lorentz,2865.93,1.53,0.835,2.365,1.9573,0.48806202389092346,0.23969263680938044,0.24836938708154302,165,389,271
8482699,Dylan Guenther,2556.53,1.1246,0.8273,1.9519000000000002,1.7031,-0.8396393727400107,-1.071149322050883,0.23150994931087232,497,67,272
8478891,Mason Appleton,3916.43,1.5571,0.8643,2.4213999999999998,1.9964,0.6693313503735768,0.4413209632902466,0.2280103870833302,131,432,273
8477500,Bo Horvat,5735.97,1.3025,0.8699,2.1724,1.8416,-0.13095344207644044,-0.35694156712505176,0.22598812504861132,304,236,274
8475714,Calle Jarnkrok,2871.17,1.4802,0.9271,2.4073,1.9893,0.6240140187529145,0.4047081469727497,0.2193058717801648,142,422,275
8481716,Dmitri Voronkov,2276.83,1.3801,0.9027,2.2828,1.9128,0.22387162252790446,0.010217942988445335,0.21365367953945913,224,328,276
8480893,Kirill Marchenko,3865.8,1.181,0.8951,2.0761000000000003,1.7843,-0.44046117506012167,-0.652422465011334,0.21196128995121238,387,163,277
8480845,Rasmus Kupari,1918.58,1.319,0.8227,2.1417,1.8253,-0.22962309319377186,-0.4409963426145178,0.21137324942074595,330,208,278
8475151,Kyle Palmieri,4258.8,1.4878,0.8177,2.3055,1.9277,0.29682931244202243,0.08705328990826364,0.2097760225337588,201,351,279
8473453,Trevor Lewis,3034.38,1.2398,0.8082,2.048,1.7679,-0.5307744387864096,-0.7369929139700606,0.206218475183651,418,142,280
8481019,David Gustafsson,1014.45,1.2735,0.7644,2.0379,1.7623,-0.5632357898054666,-0.7658706282486505,0.20263483844318386,430,136,281
8479718,Alex Barré-Boulet,538.03,1.4124,0.8912,2.3036000000000003,1.9288,0.2907227216562606,0.09272569807012997,0.19799702358613064,202,354,282
8481528,Dylan Cozens,5070.68,1.3075,0.8971,2.2046,1.8675,-0.027462798233506336,-0.22338213858657469,0.19591934035306835,277,269,283
8479999,Casey Mittelstadt,4548.52,1.2182,0.9207,2.1389,1.8287,-0.23862227961489701,-0.42346344465965946,0.18484116504476245,332,215,284
8473994,Jamie Benn,4597.17,1.6552,0.9042,2.5594,2.0922,1.1128626811290097,0.9353361468418335,0.17752653428717613,81,518,285
8477341,Andreas Johnsson,1074.88,1.527,0.7941,2.3211,1.9439,0.3469676367882888,0.17059239192846923,0.17637524485981956,189,375,286
8475343,Nic Dowd,3955.82,1.2327,0.8256,2.0583,1.7805,-0.4976702887372724,-0.6720180568432343,0.17434776810596192,410,159,287
8479343,Clayton Keller,5731.25,1.1625,0.7771,1.9396,1.7066,-0.8791715130899519,-1.0531007506267653,0.17392923753681344,507,71,288
8479536,Axel Jonsson-Fjallby,919.65,1.1913,0.8782,2.0695,1.7897,-0.4616735430527733,-0.6245760976712652,0.1629025546184919,398,166,289
8479423,Alex Nylander,548.87,1.3695,0.981,2.3505,1.9653,0.44145909421009777,0.2809465143502228,0.160512579859875,175,394,290
8480459,Pius Suter,4526.55,1.3378,0.7887,2.1265,1.8273,-0.2784758194798777,-0.4306828732293072,0.1522070537494295,342,212,291
8474157,Max Pacioretty,1642.27,1.5983,0.8926,2.4909,2.0555,0.892704013326494,0.7460839836232186,0.14662002970327537,103,492,292
8478512,Austin Czarnik,724.45,1.0731,0.8254,1.8984999999999999,1.6873,-1.0112667137714615,-1.1526257301940466,0.14135901642258508,530,54,293
8477964,Ivan Barbashev,5222.82,1.4284,1.116,2.5444,2.0916,1.0646527538729842,0.9322421060262707,0.13241064784671353,88,516,294
8479066,Ryan Lomberg,2960.68,1.4883,0.9164,2.4047,2.005,0.6156576313618697,0.4856688816466518,0.1299887497152179,146,447,295
8483573,Ethen Frank,600.78,1.4118,0.8718,2.2836,1.9325,0.22644281864822555,0.11180561643276972,0.11463720221545583,223,357,296
8481726,Adam Edstrom,733.68,1.5011,0.641,2.1421,1.8473,-0.22833749513361135,-0.32754817937720143,0.09921068424359009,329,243,297
8475169,Evander Kane,3003.42,2.2902,1.0655,3.3556999999999997,2.6044,3.672167019393866,3.5766156563942606,0.09555136299960543,1,606,298
8477949,Alex Tuch,5022.92,1.1761,0.8893,2.0654,1.8003,-0.47485092316942085,-0.5699147099296494,0.09506378676022859,404,175,299
8481624,Ilya Mikheyev,3970.47,1.2917,0.8203,2.112,1.8297,-0.32507874916070195,-0.4183067099670536,0.09322796080635165,357,217,300
8480797,Joel Farabee,4919.47,1.2785,0.7766,2.0551,1.7965,-0.507955073218558,-0.5895103017615497,0.08155522854299169,414,172,301
8482175,JJ Peterka,3900.83,1.2496,0.9655,2.2151,1.8976,0.006284150845711155,-0.06816442433915552,0.07444857518486668,268,306,302
8477406,Mattias Janmark,3513.13,1.5859,0.8228,2.4087,2.0189,0.6285136119634763,0.5573474938738654,0.07116611808961093,139,460,303
8477392,Hudson Fasching,1590.13,1.601,0.7746,2.3756,1.9991,0.5221303724851803,0.45524414696028165,0.0668862255248987,160,435,304
8482241,Radim Zohorna,528.75,1.5842,0.8399,2.4241,2.0298,0.6780091372796625,0.6135559020232625,0.06445323525640001,128,475,305
8476872,Scott Laughton,4591.87,1.2963,0.7968,2.0930999999999997,1.8245,-0.3858232575032949,-0.4451217303686016,0.059298472865306706,368,207,306
8484153,Leo Carlsson,2479.12,1.2967,0.8422,2.1389,1.8542,-0.23862227961489701,-0.29196670999822427,0.05334443038332726,332,251,307
8470619,Brian Boyle,582.78,1.3947,0.8501,2.2448,1.9203,0.10173980681264125,0.04889345318298415,0.052846353629657096,247,337,308
8484984,Ivan Demidov,687.97,1.0674,0.9388,2.0061999999999998,1.7718,-0.6651194360732008,-0.7168816486688999,0.05176221259569913,460,147,309
8480003,Jesper Boqvist,3274.0,1.3921,0.8979,2.29,1.9491,0.24701238761079689,0.19740741233001718,0.0496049752807797,217,380,310
8473422,Nick Foligno,3761.82,1.218,0.715,1.9329999999999998,1.7293,-0.9003838810826035,-0.9360428731046244,0.03565899202202094,515,95,311
8481711,Matias Maccelli,3438.3,1.2817,0.8262,2.1079,1.8394,-0.33825612927734955,-0.3682863834487833,0.030030254171433735,360,233,312
8476410,Josh Leivo,618.77,1.5201,0.8641,2.3842,2.012,0.5497707307786346,0.5217660244948894,0.028004706283745184,158,453,313
8475794,Tyler Seguin,3480.98,1.6775,1.1641,2.8415999999999997,2.2987,2.0198521125723623,2.0002018608648253,0.01965025170753698,22,587,314
8478466,Daniel Sprong,2404.47,1.3042,0.9955,2.2997,1.9618,0.2781881405696933,0.26289794292610397,0.015290197643589354,209,392,315
8482125,Alexander Holtz,1778.03,1.2863,0.7835,2.0698,1.8196,-0.4607093445076536,-0.470389730362367,0.00968038585471337,397,201,316
8477931,Tomas Nosek,2623.47,1.3531,0.8912,2.2443,1.9287,0.10013280923743986,0.0922100246008695,0.007922784636570368,248,353,317
8484166,Adam Fantilli,2629.65,1.1907,0.8155,2.0062,1.7826,-0.6651194360731993,-0.6611889139887632,-0.003930522084436117,459,161,318
8480840,Oskar Bäck,1180.12,1.29,0.6488,1.9388,1.7406,-0.881742709210273,-0.8777717710781854,-0.003970938132087598,509,107,319
8478398,Kyle Connor,6085.47,1.4249,0.93,2.3549,2.001,0.4556006728718665,0.46504194287623063,-0.009441270004364122,172,441,320
8479385,Jordan Kyrou,5246.75,1.1424,1.0791,2.2215,1.919,0.02685371980828107,0.042189698082598016,-0.015335978274316948,266,335,321
8479293,Brandon Tanev,3178.82,1.3461,0.7982,2.1443000000000003,1.8711,-0.22126670580272698,-0.20481789369319542,-0.016448812109531558,326,274,322
8479941,Justin Danforth,2188.2,1.3571,0.7308,2.0879,1.8362,-0.4025360322853832,-0.3847879344651195,-0.01774809782026371,371,229,323
8483489,Fraser Minten,857.82,1.2508,0.7941,2.0449,1.8104,-0.5407378237526544,-0.5178316895343361,-0.02290613421831833,424,191,324
8483553,Marc Gatcomb,681.23,1.3721,0.5851,1.9572,1.7568,-0.8226051984428822,-0.7942326690579798,-0.028372529384902312,495,129,325
8475163,Alex Chiasson,865.37,1.0334,0.7992,1.8326000000000002,1.6803,-1.223068994182931,-1.1887228730422843,-0.03434612114064661,564,48,326
8471698,T.J. Oshie,2191.27,1.3384,0.7364,2.0748,1.8333,-0.44463936875564414,-0.3997424650736755,-0.044896903681968636,389,223,327
8478474,Lawson Crouse,4611.08,1.2,0.8196,2.0196,1.7989,-0.6220519010578173,-0.5771341384992972,-0.04491776255852009,446,173,328
8483431,Logan Cooley,2568.92,1.1692,0.8094,1.9786000000000001,1.7738,-0.7538257022242859,-0.7065681792836893,-0.0472575229405966,479,151,329
8474679,Gustav Nyquist,4493.13,1.3033,0.8832,2.1864999999999997,1.9039,-0.08563611045577818,-0.03567699577574237,-0.04995911468003581,287,314,330
8479987,Morgan Geekie,4219.03,1.4151,0.8701,2.2852,1.966,0.23158521088886908,0.28455622863504604,-0.05297101774617696,221,395,331
8481237,Kyle MacLean,1396.45,1.2744,0.6248,1.8992,1.7261,-1.0090169171661798,-0.9525444241209619,-0.05647249304521795,529,89,332
8477425,Miles Wood,2448.33,1.5961,0.96,2.5561,2.1364,1.1022564971326831,1.1632638202549872,-0.06100732312230406,82,541,333
8477505,Alexander Wennberg,5444.65,1.0925,0.7828,1.8753000000000002,1.7134,-1.0858314012607793,-1.0180349547170486,-0.06779644654373063,545,77,334
8477946,Dylan Larkin,5454.12,1.1945,0.7553,1.9497999999999998,1.7614,-0.8463887625558555,-0.7705116894719947,-0.07587707308386082,500,134,335
8481028,Martin Pospisil,1870.2,1.2272,0.8373,2.0645000000000002,1.8336,-0.47774351880478133,-0.39819544466589407,-0.07954807413888726,405,224,336
8481580,Connor McMichael,3504.0,1.4515,0.9151,2.3666,2.0221,0.49320441613156557,0.5738490448902027,-0.08064462875863715,163,466,337
8480009,Eeli Tolvanen,4347.95,1.1305,0.9084,2.0389,1.8188,-0.5600217946550653,-0.4745151181164519,-0.08550667653861338,429,200,338
8470610,Zach Parise,2455.92,1.6234,0.8838,2.5072,2.1148,0.945092134278042,1.0518783508947116,-0.10678621661666965,99,528,339
8476326,Josh Archibald,559.07,1.8029,0.9013,2.7042,2.2381,1.578249178907173,1.6877037384929454,-0.10945455958577233,45,577,340
8484801,Macklin Celebrini,2017.75,1.1044,0.9141,2.0185,1.815,-0.6255872957232594,-0.4941107099483521,-0.13147658577490734,448,197,341
8481582,Nicholas Robertson,2026.22,1.3128,0.9201,2.2329,1.9489,0.06349326452286047,0.19637606539149624,-0.13288280086863577,257,379,342
8474589,Tyler Ennis,612.55,1.2584,0.7483,2.0067,1.8092,-0.6635124384979993,-0.5240197711654629,-0.1394926673325364,458,190,343
8481013,Jonatan Berggren,2082.93,1.1191,0.8187,1.9378,1.7668,-0.884956704360675,-0.7426653221319269,-0.14229138222874804,510,141,344
8482074,Connor Zary,2106.25,1.2837,0.7383,2.0220000000000002,1.8199,-0.6143383126968527,-0.46884270995458555,-0.14549560274226714,442,202,345
8483609,Adam Klapka,758.5,1.1435,0.7816,1.9251,1.7617,-0.9257744427707761,-0.7689646690642133,-0.1568097737065628,519,135,346
8478569,Noel Acciari,3161.18,1.3447,0.8419,2.1866,1.9252,-0.08531471094073734,0.0741614531767507,-0.15947616411748805,286,345,347
8481032,Paul Cotter,2995.87,1.1976,0.8533,2.0509,1.8426,-0.521453852850245,-0.3517848324324459,-0.16966902041779913,416,237,348
8470612,Ryan Getzlaf,901.95,1.2272,0.8095,2.0367,1.8343,-0.5670925839859482,-0.39458573038106964,-0.17250685360487855,432,226,349
8477839,Conor Sheary,3180.7,1.3978,0.8236,2.2214,1.9495,0.02653232029324165,0.19947010620705907,-0.17293778591381742,267,381,350
8470606,Dustin Brown,807.45,1.6045,0.9573,2.5618,2.1633,1.1205762694899728,1.301979983486069,-0.18140371399609623,79,553,351
8482859,Zack Ostapchuk,860.73,1.3072,0.5823,1.8895,1.7462,-1.040192670125076,-0.8488940567995956,-0.19129861332548048,537,115,352
8479390,Taylor Raddysh,4071.45,1.3041,0.8041,2.1082,1.8829,-0.3372919307322284,-0.14396842432045287,-0.19332350641177554,359,289,353
8482148,Hendrix Lapierre,1193.65,1.4361,0.7449,2.181,1.9288,-0.10331308378298619,0.09272569807012997,-0.19603878185311616,292,354,354
8478099,Kevin Labanc,1942.57,1.2623,0.8843,2.1466,1.9074,-0.21387451695680465,-0.01762842435162357,-0.19624609260518108,324,318,355
8479420,Tage Thompson,5390.37,1.2231,0.9142,2.1373,1.9039,-0.24376467185553913,-0.03567699577574237,-0.20808767607979675,334,314,356
8477479,Tyler Bertuzzi,4842.67,1.4017,0.8905,2.2922,2.0005,0.2540831769416798,0.4624635755299294,-0.20838039858824958,216,440,357
8480748,Kiefer Sherwood,2769.57,1.2941,0.7796,2.0737,1.8672,-0.4481747634210863,-0.22492915899435612,-0.2232456044267302,392,267,358
8477930,Pierre-Edouard Bellemare,1910.8,1.3758,0.8547,2.2305,1.966,0.05577967616189729,0.28455622863504604,-0.22877655247314876,260,395,359
8473563,Nicklas Backstrom,1346.68,1.1582,0.7178,1.876,1.7456,-1.0835816046554991,-0.8519880976151584,-0.23159350704034076,543,113,360
8475752,Tyler Pitlick,1402.68,1.204,0.9193,2.1233,1.9018,-0.2887606039611634,-0.046506138630213426,-0.24225446533094996,344,312,361
8482259,Bobby McMann,2230.72,1.3879,0.8172,2.2051,1.9531,-0.025855800658306387,0.21803435110043834,-0.24389015175874473,276,383,362
8476460,Mark Scheifele,6170.42,1.3476,0.9339,2.2815,2.0013,0.21969342883238205,0.46658896328401317,-0.24689553445163112,225,443,363
8479511,Janne Kuokkanen,702.03,1.1526,0.88,2.0326,1.8473,-0.5802699641025958,-0.32754817937720143,-0.25272178472539436,435,243,364
8477353,Tyler Motte,2547.55,1.3269,0.7468,2.0737,1.873,-0.4481747634210863,-0.1950200977772453,-0.25315466564384104,392,277,365
8474053,Logan Couture,2503.13,1.2432,0.8335,2.0767,1.875,-0.4385327779698809,-0.18470662839203472,-0.25382614957784616,386,278,366
8481725,Elmer Soderblom,963.33,1.5554,0.6985,2.2539,1.9866,0.13098716268129545,0.39078496330271467,-0.2597978006214192,242,419,367
8478109,Victor Olofsson,3601.37,1.1656,1.0038,2.1694,1.9342,-0.14059542752764587,0.12057206541019773,-0.2611674929378436,308,362,368
8476442,Matt Nieto,2318.85,1.212,0.8227,2.0347,1.8565,-0.5735205742867523,-0.2801062202052323,-0.29341435408152,434,258,369
8482078,Lucas Raymond,5575.17,1.2207,0.7422,1.9628999999999999,1.8119,-0.8042854260855932,-0.5100965874954279,-0.2941888385901653,491,193,370
8477919,Frederick Gaudreau,4421.8,1.0802,0.7556,1.8358,1.733,-1.212784209701646,-0.9169629547419847,-0.29582125495966116,563,98,371
8475763,Kevin Hayes,3652.25,1.3508,0.7349,2.0857,1.889,-0.4096068216162661,-0.11251234269556067,-0.29709447892070545,373,295,372
8473986,Alex Killorn,5008.28,1.3927,0.9173,2.31,2.0289,0.3112922906188305,0.6089148407999194,-0.2976225501810889,198,474,373
8477494,Jonathan Drouin,3569.92,1.303,0.9234,2.2264,1.9789,0.042602296045249705,0.3510781061696549,-0.30847581012440517,264,412,374
8482157,Will Cuylle,2580.32,1.3507,0.7764,2.1271,1.9175,-0.2765474223896369,0.0344545960436898,-0.3110020184333267,340,333,375
8479373,Jonathan Dahlen,742.47,1.4353,0.9137,2.349,2.0575,0.4366381014844965,0.7563974530084303,-0.3197593515239338,176,494,376
8478444,Brock Boeser,5174.67,1.162,0.8625,2.0244999999999997,1.8554,-0.60630332482085,-0.2857786283670986,-0.3205246964537514,440,254,377
8478870,Rudolfs Balcers,966.73,1.2234,1.0381,2.2615,2.0033,0.1554135258243484,0.4769024326692226,-0.3214889068448742,237,446,378
8476432,Boone Jenner,3995.33,1.1834,0.8981,2.0815,1.8918,-0.4231056012479531,-0.09807348555626631,-0.3250321156916868,379,300,379
8482679,Matt Coronato,2211.97,1.0891,0.8813,1.9704,1.8257,-0.7801804624575803,-0.43893364873747476,-0.34124681372010557,487,209,380
8478831,Kevin Stenlund,2829.9,1.2225,0.6686,1.8910999999999998,1.7771,-1.0350502778844342,-0.6895509547980927,-0.34549932308634146,535,153,381
8481523,Kirby Dach,2955.87,1.1389,0.7951,1.9340000000000002,1.8042,-0.8971698859322008,-0.5498034446284887,-0.3473664413037121,513,182,382
8477444,Andre Burakovsky,4074.43,1.2165,0.9696,2.1860999999999997,1.9619,-0.08692170851593872,0.2634136163953644,-0.35033532491130315,288,393,383
8480355,Mark Kastelic,2208.43,1.2305,0.6592,1.8897,1.778,-1.039549871094996,-0.6849098935747473,-0.3546399775202487,536,154,384
8479370,Tyson Jost,2893.35,1.3034,0.8662,2.1696,1.9534,-0.1399526284975656,0.21958137150821974,-0.35953400000578534,306,384,385
8480078,Filip Chytil,2587.6,1.6934,1.0142,2.7076000000000002,2.2889,1.5891767624185391,1.9496658608772923,-0.3604890984587532,44,585,386
8474034,Patrick Maroon,2899.45,1.5455,0.8956,2.4411,2.124,0.7326470548364907,1.0993203100666817,-0.366673255230191,126,534,387
8479335,Rasmus Asplund,1483.25,1.1937,0.9033,2.097,1.9117,-0.3732886764167275,0.004545534826579002,-0.3778342112433065,366,324,388
8482660,Kent Johnson,3010.87,1.1759,0.8208,1.9967,1.8524,-0.6956523900020162,-0.3012488324449139,-0.39440355755710227,469,246,389
8475184,Chris Kreider,5049.3,1.3854,0.8257,2.2111,1.9895,-0.006571829755895576,0.4057394939112707,-0.4123113236671663,273,424,390
8480848,Ty Dellandrea,2472.52,1.3019,0.8177,2.1196,1.933,-0.30065238601764904,0.11438398377907208,-0.4150363697967211,352,358,391
8477456,J.T. Compher,5138.43,1.1369,0.8197,1.9566,1.8315,-0.8245335955331237,-0.40902458752036513,-0.41550900801275853,496,219,392
8480855,Jack McBain,3158.1,1.3292,0.7988,2.128,1.9384,-0.27365482675427505,0.14223035111913984,-0.4158851778734149,338,366,393
8474102,David Perron,4052.82,1.2507,0.8129,2.0636,1.9006,-0.48063611444014326,-0.05269422026133908,-0.4279418941788042,406,309,394
8475784,Jeff Skinner,4322.77,1.361,0.9924,2.3533999999999997,2.0814,0.45077968014626235,0.8796434121616957,-0.4288637320154334,174,509,395
8473449,Kyle Okposo,2703.03,1.2588,0.9251,2.1839,1.9764,-0.09399249784682163,0.33818626943814084,-0.43217876728496246,290,410,396
8480789,Oliver Wahlstrom,1875.57,1.229,0.8729,2.1019,1.9255,-0.3575401001797589,0.07570847358453212,-0.43324857376429105,363,346,397
8478463,Anthony Beauvillier,4521.37,1.4753,0.8867,2.362,2.0879,0.47842003843971803,0.9131621876636298,-0.43474214922391174,167,513,398
8482097,Jack Quinn,2800.1,1.2913,0.9202,2.2115,1.9951,-0.005286231695735045,0.4346172081898605,-0.43990343988559555,272,428,399
8476913,Devin Shore,1400.62,1.2575,0.8639,2.1214,1.9413,-0.29486719474692663,0.1571848817276958,-0.4520520764746224,347,372,400
8479671,Mathieu Olivier,2785.97,1.4506,0.6464,2.097,1.9269,-0.3732886764167275,0.08292790215417986,-0.45621657857090736,366,349,401
8476919,Chris Tierney,1500.65,1.2268,0.7204,1.9472,1.8346,-0.854745149946899,-0.3930387099732882,-0.46170643997361077,503,227,402
8471218,Blake Wheeler,2668.27,1.3564,0.9894,2.3458,2.0831,0.42635331700321083,0.8884098611391249,-0.46205654413591407,177,511,403
8479383,Boris Katchouk,1747.27,1.2026,0.869,2.0716,1.9123,-0.4549241532369298,0.007639575642142977,-0.46256372887907277,394,326,404
8474715,Cam Atkinson,2282.3,1.0693,0.763,1.8323,1.7633,-1.224033192728052,-0.7607138935560446,-0.46331929917200754,565,138,405
8481042,Nikolai Kovalenko,585.95,1.3206,0.6813,2.0019,1.8714,-0.6789396152199272,-0.203270873285414,-0.4756687419345132,463,276,406
8483690,Noah Laba,514.58,1.0933,0.6875,1.7808,1.7348,-1.389553942973739,-0.9076808322952962,-0.48187311067844274,573,100,407
8479414,Nathan Bastian,2369.3,1.3047,0.716,2.0206999999999997,1.8858,-0.6185165063923765,-0.12901389371189806,-0.48950261268047845,444,292,408
8483515,Juraj Slafkovský,3611.52,1.2708,0.9207,2.1915,1.9923,-0.0695661347037687,0.420178351050565,-0.4897444857543337,283,426,409
8480144,David Kampf,3843.05,1.2827,0.7836,2.0663,1.9148,-0.471958327534059,0.020531412373655914,-0.4924897399077149,403,330,410
8475231,Casey Cizikas,4141.4,1.2211,0.6733,1.8944,1.809,-1.0244440938881076,-0.5250511181039839,-0.4993929757841238,532,189,411
8475760,Nick Bjugstad,3737.13,1.3674,0.8737,2.2411,2.0263,0.0898480247561542,0.5955073305991448,-0.5056593058429907,251,472,412
8476871,Tanner Pearson,2735.93,1.3429,0.9546,2.2975,2.0616,0.271117351238809,0.7775400652481108,-0.5064227140093018,211,499,413
8481554,Kaapo Kakko,3978.07,1.4928,0.9157,2.4085,2.1314,0.6278708129333961,1.1374801467919613,-0.5096093338585652,140,538,414
8484164,Dalibor Dvorsky,546.82,1.0784,0.926,2.0044,1.8801,-0.6709046273439232,-0.15840728145974722,-0.512497345884176,462,284,415
8475235,Nicolas Deslauriers,2334.33,1.2347,0.6989,1.9335999999999998,1.8375,-0.8984554839923627,-0.3780841793647334,-0.5203713046276294,514,232,416
8481601,Simon Holmstrom,3099.07,1.2621,0.7131,1.9752,1.8644,-0.7647532857356518,-0.23936801613365047,-0.5253852696020014,484,264,417
8479981,Jonah Gadjovich,1259.38,1.5235,0.7731,2.2966,2.0649,0.2682247556034485,0.7945572897337099,-0.5263325341302614,212,501,418
8482089,Jake Neighbours,3245.55,1.1152,0.8456,1.9607999999999999,1.8564,-0.8110348159014367,-0.28062189367449275,-0.5304129222269439,494,257,419
8478131,Ondrej Kase,602.35,1.4715,1.042,2.5135,2.2034,0.9653403037255724,1.50876504465954,-0.5434247409339675,98,569,420
8479315,Joey Anderson,1295.42,1.0364,0.7127,1.7490999999999999,1.7292,-1.4914375892414724,-0.9365585465738849,-0.5548790426675875,583,94,421
8471214,Alex Ovechkin,5143.35,1.319,0.8958,2.2148,2.0215,0.005319952300590044,0.57075500407464,-0.56543505177405,269,464,422
8471276,David Krejci,954.37,1.279,1.1137,2.3926999999999996,2.1344,0.577089689557048,1.1529503508697754,-0.5758606613127274,151,540,423
8482667,William Eklund,3387.83,1.1771,0.65,1.8271000000000002,1.783,-1.2407459675101404,-0.6591262201117214,-0.581619747398419,566,162,424
8476438,Brandon Saad,4305.37,1.3014,0.9989,2.3003,2.0805,0.2801165376599341,0.8750023509383503,-0.5948858132784163,207,507,425
8476952,Dominic Toninato,816.67,1.0154,0.6954,1.7108,1.7144,-1.614533603501856,-1.012878220024444,-0.6016553834774121,591,79,426
8477508,Curtis Lazar,2632.2,1.2947,0.7349,2.0296,1.9156,-0.5899119495538012,0.02465680012773969,-0.614568749681541,438,332,427
8476822,Luke Glendening,3568.53,1.1674,0.6772,1.8446,1.8003,-1.1845010523781114,-0.5699147099296494,-0.614586342448462,560,175,428
8481533,Trevor Zegras,4427.98,1.3546,0.8471,2.2016999999999998,2.0234,-0.03678338416967232,0.5805527999905901,-0.6173361841602624,278,468,429
8481540,Cole Caufield,4913.27,1.2025,0.868,2.0705,1.942,-0.458459547902372,0.1607945960125191,-0.6192541439148911,396,374,430
8482177,Marat Khusnutdinov,1491.65,1.0373,0.6899,1.7272,1.7311,-1.5618240830352685,-0.9267607506579348,-0.6350633323773337,589,97,431
8480205,Emil Bemstrom,1604.45,1.1388,0.9972,2.136,1.986,-0.24794286555106157,0.38769092248715187,-0.6356337880382135,335,418,432
8480326,Sheldon Dries,699.42,1.3646,0.8654,2.23,2.045,0.05417267858669591,0.6919382693508633,-0.6377655907641674,261,486,433
8476278,Colin Blackwell,2726.55,1.1505,0.6986,1.8491,1.8076,-1.1700380742013041,-0.5322705466736305,-0.6377675275276736,558,187,434
8481522,Peyton Krebs,4106.82,1.1124,0.897,2.0094000000000003,1.9077,-0.6548346515919137,-0.01608140394384216,-0.6387532476480715,452,319,435
8481024,Linus Karlsson,756.85,1.4504,0.6325,2.0829,1.9549,-0.41860600803739123,0.22731647354712797,-0.6459224815845193,377,386,436
8476858,Phillip Di Giuseppe,1135.3,1.328,0.749,2.077,1.9518,-0.4375685794247612,0.21133059600005105,-0.6488991754248122,384,382,437
8478873,Troy Terry,5185.42,1.2784,0.8349,2.1132999999999997,1.9746,-0.3209005554651809,0.3289041469914512,-0.6498047024566321,356,408,438
8476459,Mika Zibanejad,5759.13,1.2911,0.7662,2.0572999999999997,1.9404,-0.5008842838876751,0.15254382050435042,-0.6534281043920256,412,370,439
8480762,Eric Robinson,3430.78,1.5362,0.8775,2.4137,2.163,0.6445835877154844,1.3004329630782865,-0.6558493753628021,137,552,440
8474040,Sam Gagner,1670.67,1.3008,0.7207,2.0215,1.9206,-0.615945310272054,0.05044047359076671,-0.6663857838628208,443,338,441
8475765,Vladimir Tarasenko,4669.0,1.3568,1.051,2.4078,2.1619,0.6256210163281145,1.2947605549164223,-0.6691395385883078,141,551,442
8482768,Fedor Svechkov,1043.22,1.1423,0.881,2.0233,1.9227,-0.6101601190013317,0.06126961644523776,-0.6714297354465695,441,342,443
8475413,Justin Dowling,673.7,1.2912,0.6196,1.9108,1.8528,-0.9717345734215201,-0.299186138567872,-0.6725484348536481,523,248,444
8474641,Adam Henrique,4219.2,1.4804,0.7613,2.2417,2.0593,0.09177642184639499,0.7656795754551189,-0.6739031536087239,250,496,445
8479322,Wade Allison,735.37,1.604,0.8478,2.4518,2.1922,0.7670368029457885,1.4510096161023625,-0.683972813156574,122,565,446
8476867,Brendan Gaunce,769.32,1.2013,0.7788,1.9801000000000002,1.9006,-0.7490047094986833,-0.05269422026133908,-0.6963104892373442,478,309,447
8480018,Nick Suzuki,6269.3,1.1449,0.7944,1.9393,1.8763,-0.8801357116350723,-0.17800287329164746,-0.7021328383434249,508,279,448
8481618,Alex Newhook,3955.25,1.3099,0.9211,2.231,2.0607,0.05738667373709724,0.7728990040247677,-0.7155123302876705,259,498,449
8474009,Nick Bonino,2315.47,1.1402,0.7179,1.8581,1.8323,-1.1411121178476886,-0.4048991997662802,-0.7362129180814084,553,222,450
8484471,Emmitt Finnie,701.83,1.4113,0.7451,2.1564,2.021,-0.18237736448286737,0.5681766367283364,-0.7505540012112037,318,462,451
8482496,Nils Aman,1300.08,1.3158,0.6786,1.9944000000000002,1.9201,-0.7030445788479392,0.04786210624446321,-0.7509066850924024,471,336,452
8476469,Joel Armia,3407.75,1.1942,0.7533,1.9474999999999998,1.8917,-0.8537809514017793,-0.09858915902552678,-0.7551917923762526,502,299,453
8474141,Patrick Kane,5057.98,1.1692,0.7612,1.9304000000000001,1.8824,-0.908740268473647,-0.14654679166675524,-0.7621934768068918,517,288,454
8473504,Cal Clutterbuck,2042.95,1.1221,0.636,1.7581000000000002,1.7754,-1.462511632887856,-0.6983174037755207,-0.7641942291123354,578,152,455
8484227,Will Smith,1611.45,1.0718,0.9289,2.0007,1.9279,-0.6827964094004088,0.08808463684678458,-0.7708810462471933,465,352,456
8477846,Ryan Carpenter,1475.22,1.0843,0.7151,1.7993999999999999,1.8031,-1.3297736331762677,-0.5554758527903552,-0.7742977803859126,571,179,457
8477454,Adam Erne,2065.05,1.2988,0.6767,1.9754999999999998,1.9139,-0.7637890871905322,0.015890351150310525,-0.7796794383408427,483,329,458
8484911,Collin Graf,1246.0,1.1788,0.7091,1.8879000000000001,1.8601,-1.0453350623657183,-0.261541975311853,-0.7837930870538652,539,259,459
8481704,Juuso Parssinen,1602.4,1.2265,0.7653,1.9918,1.9272,-0.7114009662389842,0.08447492256196128,-0.7958758888009455,472,350,460
8481043,Cole Koepke,1290.67,1.2732,0.6026,1.8758000000000001,1.8563,-1.0842244036855786,-0.28113756714375326,-0.8030868365418253,544,255,461
8478424,Jansen Harkins,1980.95,1.1439,0.7257,1.8696,1.8532,-1.1041511736180698,-0.29712344469083013,-0.8070277289272396,547,249,462
8481556,John Beecher,1373.93,1.1744,0.5777,1.7521,1.7861,-1.4817956037902669,-0.6431403425646445,-0.8386552612256224,581,164,463
8477573,Nathan Walker,2254.48,1.1764,0.8227,1.9990999999999999,1.9401,-0.6879388016410524,0.150996800096569,-0.8389356017376214,467,369,464
8481093,Rafael Harvey-Pinard,1027.18,1.19,0.678,1.8679999999999999,1.861,-1.1092935658587126,-0.2569009140885088,-0.8523926517702038,548,260,465
8480880,Jakub Lauko,1220.88,1.0323,0.7576,1.7899,1.8127,-1.3603065871050832,-0.5059711997413441,-0.8543353873637392,572,195,466
8477380,Jonny Brodzinski,1771.6,1.2801,0.7574,2.0375,1.9699,-0.5645213878656271,0.30466749393620673,-0.8691888818018338,431,404,467
8479415,Michael McLeod,2363.37,1.3319,0.8204,2.1523000000000003,2.0432,-0.19555474459951352,0.6826561469041749,-0.8782108915036884,320,485,468
8477987,Ryan Donato,4264.77,1.1997,0.7963,1.996,1.947,-0.6979021866072972,0.18657826947554612,-0.8844804560828433,470,378,469
8480188,Fabian Zetterlund,3984.4,1.2697,0.8056,2.0753,1.9995,-0.4430323711804442,0.45730684083732354,-0.9003392120177678,388,438,470
8476419,Jean-Gabriel Pageau,4830.95,1.3846,0.7137,2.0983,2.018,-0.3691104827212051,0.55270643265052,-0.921816915371725,365,457,471
8476934,Brock McGinn,2119.25,1.2601,0.8167,2.0768,2.0072,-0.4382113784548415,0.49701369797038447,-0.9352250764252259,385,449,472
8477482,Zachary Sanford,1450.88,1.3473,0.8936,2.2409,2.1126,0.08920522572607394,1.0405335345709812,-0.9513283088449073,253,526,473
8483445,Cutter Gauthier,1587.7,1.3092,0.9579,2.2671,2.1328,0.17341189866659867,1.1446995753616078,-0.9712876766950092,236,539,474
8477953,Kasperi Kapanen,3717.83,1.1931,0.89,2.0831,2.0185,-0.417963209007311,0.5552847999968235,-0.9732480090041344,375,459,475
8482475,Egor Chinakhov,2619.6,1.1453,0.9664,2.1117,2.0372,-0.32604294770582304,0.651715738748542,-0.977758686454365,358,480,476
8477941,Nick Ritchie,1485.02,1.4707,0.9142,2.3849,2.208,0.5520205273839163,1.532486024245526,-0.9804654968616098,156,570,477
8479356,Kieffer Bellows,961.25,1.1862,0.8448,2.0309999999999997,1.9878,-0.5854123563432393,0.3969730449338415,-0.9823854012770807,436,421,478
8470604,Jeff Carter,2652.8,1.2658,0.7791,2.0449,1.9972,-0.5407378237526544,0.44544635104433156,-0.986184174796986,424,433,479
8480216,Jacob Peterson,889.23,1.4265,0.8986,2.3251,2.1764,0.35982361738989554,1.3695332079591989,-1.0097095905693032,187,559,480
8479992,Michael Rasmussen,3869.85,1.2135,0.6837,1.8972,1.9102,-1.0154449074669831,-0.003189567212329219,-1.012255340254654,531,322,481
8481477,Nico Sturm,3205.33,1.3252,0.8462,2.1713999999999998,2.083,-0.1341674372268432,0.8878941876698655,-1.0220616248967087,305,510,482
8482705,Cole Sillinger,4227.18,1.1623,0.9083,2.0706,2.0232,-0.45813814838733113,0.579521453052069,-1.0376596014394002,395,467,483
8483516,Jimmy Snuggerud,643.78,1.2608,1.0586,2.3194,2.1785,0.34150384503260584,1.3803623508136698,-1.038858505781064,193,562,484
8479968,Vinni Lettieri,1020.3,1.1738,0.712,1.8858,1.9101,-1.0520844521815624,-0.0037052406815896908,-1.0483792114999728,540,321,485
8477070,Liam O'Brien,2004.47,1.2095,0.7415,1.951,1.9539,-0.8425319683753725,0.22215973885452212,-1.0646917072298945,498,385,486
8475798,Mikael Granlund,5432.5,1.244,0.8354,2.0794,2.0343,-0.4298549910637966,0.6367612081399872,-1.0666161992037837,381,477,487
8473548,Phil Kessel,2084.05,1.2266,0.8596,2.0862,2.0412,-0.40799982404106616,0.6723426775189631,-1.0803425015600294,372,484,488
8478874,Adam Gaudette,1714.48,1.1904,0.8186,2.009,1.9944,-0.6561202496520756,0.43100749390503607,-1.0871277435571116,454,427,489
8473544,Derick Brassard,1120.95,1.3616,0.7987,2.1603,2.0887,-0.1698427833963015,0.9172875754177136,-1.087130358814015,314,515,490
8480281,Alexey Toropchenko,3189.6,1.2395,0.769,2.0085,1.9953,-0.6577272472272756,0.43564855512838147,-1.093375802355657,456,430,491
8478043,Sam Lafferty,2998.37,1.1893,0.7724,1.9617,1.9704,-0.8081422202660747,0.3072458612825091,-1.1153880815485837,493,405,492
8476981,Josh Anderson,4495.53,1.3075,0.8487,2.1562,2.0918,-0.18302016351294764,0.9332734529647916,-1.1162936164777393,319,517,493
8482222,Alexander Barabanov,2743.08,1.2779,0.8138,2.0917,2.0558,-0.3903228507138567,0.7476310040310011,-1.1379538547448578,369,493,494
8478133,Jake Evans,4150.13,1.2019,0.7699,1.9718,1.9823,-0.7756808692470178,0.3686110041245121,-1.14429187337153,486,416,495
8482691,Aatu Räty,853.1,1.1574,0.6994,1.8568,1.9121,-1.145290311543211,0.006608228703620889,-1.1518985402468318,554,325,496
8480029,Alex Formenton,1005.78,1.3502,0.8183,2.1685,2.1083,-0.14348802316300777,1.0183595753927774,-1.1618475985557852,310,525,497
8476915,Jujhar Khaira,895.07,0.9933,0.758,1.7513,1.8484,-1.484366799910588,-0.3218757712153351,-1.162491028695253,582,245,498
8478458,Jack Roslovic,4192.5,1.2673,0.964,2.2313,2.1481,0.058350872282218344,1.223597616158468,-1.1652467438762497,258,545,499
8471699,Andrew Cogliano,2301.0,1.146,0.8209,1.9668999999999999,1.9859,-0.7914294454839864,0.38717524901789135,-1.1786046945018778,490,417,500
8477979,Nicolas Aube-Kubel,2207.82,1.2657,0.8741,2.1398,2.094,-0.2357296839795351,0.944618269288522,-1.1803479532680572,331,522,501
8477989,Christian Dvorak,3697.83,1.2849,0.7668,2.0517,2.0392,-0.5188826567299241,0.6620292081337538,-1.1809118648636778,415,483,502
8477503,Max Domi,4449.13,1.4914,1.0262,2.5176,2.3344,0.9785176838422186,2.1842972893908335,-1.205779605548615,97,594,503
8470595,Eric Staal,831.82,1.907,0.9312,2.8382,2.5365,2.008924529060998,3.2264733707663624,-1.2175488417053644,24,604,504
8478400,Colin White,1143.05,1.4068,0.818,2.2248,2.1557,0.037459903804607585,1.2627887998222684,-1.225328896017661,265,547,505
8477429,Andrew Copp,4677.45,1.2142,0.8438,2.058,2.0548,-0.4986344872823935,0.7424742693383964,-1.24110875662079,411,490,506
8476905,Chandler Stephenson,5568.57,1.1857,0.7922,1.9779,2.0064,-0.7560754988295676,0.4928883102163007,-1.2489638090458683,481,448,507
8479359,Beck Malenstyn,2247.4,1.0704,0.6751,1.7455,1.8617,-1.503007971782918,-0.2532911998036855,-1.2497167719792324,585,261,508
8479366,Logan Brown,631.63,1.3894,1.0235,2.4129,2.2795,0.6420123915951633,1.9011925547668036,-1.2591801631716404,138,584,509
8483447,Conor Geekie,677.33,1.3266,0.7297,2.0563000000000002,2.059,-0.504098279038075,0.7641325550473386,-1.2682308340854136,413,495,510
8475744,Evgeny Kuznetsov,3356.02,1.2012,0.8422,2.0434,2.0529,-0.5455588164782572,0.7326764734224464,-1.2782352899007035,427,489,511
8480821,Filip Zadina,2085.7,1.4163,0.7421,2.1584,2.1255,-0.17594937418206472,1.10705541210559,-1.2830047862876548,317,535,512
8484136,Max Sasson,702.93,1.2704,0.5347,1.8051,1.906,-1.311453860818978,-0.02484785292127132,-1.2866060078977068,568,317,513
8484210,Gabe Perreault,530.22,1.1332,0.9498,2.083,2.0793,-0.4182846085223504,0.8688142693072246,-1.287098877829575,376,505,514
8474709,Matt Martin,2334.93,1.1599,0.707,1.8668999999999998,1.9449,-1.1128289605241548,0.17574912662107509,-1.28857808714523,549,376,515
8480813,Joe Veleno,3780.53,1.0653,0.6815,1.7468,1.8711,-1.498829778087396,-0.20481789369319542,-1.2940118843942006,584,274,516
8475842,Sam Carrick,3096.63,1.3113,0.6751,1.9864,2.0258,-0.7287565400511534,0.5929289632528414,-1.321685503303995,474,471,517
8482652,Walker Duehr,775.17,1.2876,0.7478,2.0354,2.063,-0.5712707776814706,0.7847594938177598,-1.3560302714992303,433,500,518
8477407,Anthony Duclair,3188.15,1.6554,0.9458,2.6012,2.4178,1.2472076784157995,2.614368962754115,-1.3671612843383154,68,603,519
8482460,Matt Rempe,507.45,1.6317,0.7675,2.3992,2.2922,0.5979806580346602,1.9666830853628892,-1.368702427328229,149,586,520
8471817,Ryan Reaves,2156.28,1.3336,0.6521,1.9857,2.0345,-0.7310063366564343,0.6377925550785081,-1.3687988917349423,475,478,521
8478431,Evgeny Svechnikov,1335.7,1.3532,0.9704,2.3236,2.2456,0.35500262466429283,1.726379248687484,-1.3713766240231913,188,578,522
8477450,Jason Dickinson,4218.65,0.9411,0.7104,1.6515,1.8275,-1.805123515920676,-0.4296515262907863,-1.3754719896298897,601,213,523
8480011,Klim Kostin,1733.18,1.2319,0.9498,2.1817,2.1585,-0.10106328717770455,1.277227656961564,-1.3782909441392686,291,550,524
8479339,Patrik Laine,2626.67,0.9996,0.9209,1.9205,2.0011,-0.9405588204626236,0.46555761634549225,-1.4061164368081158,521,442,525
8475170,Brayden Schenn,5221.9,1.0721,0.8738,1.9459,2.0182,-0.8589233436424214,0.5537377795890432,-1.4126611232314645,504,458,526
8476374,Sean Kuraly,4009.52,1.2266,0.7234,1.95,2.0217,-0.8457459635257746,0.5717863510131609,-1.4175323145389354,499,465,527
8482476,Emil Heineman,1402.25,1.0948,0.8228,1.9176,2.0016,-0.949879406398789,0.46813598369179343,-1.4180153900905825,522,444,528
8477330,Dominik Kubalik,2723.72,1.1003,0.7619,1.8622,1.9745,-1.1279347377310416,0.32838847352219075,-1.4563232112532323,551,407,529
8477527,Ross Johnston,1616.2,1.0551,0.6362,1.6913,1.8685,-1.677206508934689,-0.21822540389396883,-1.4589811050407202,596,271,530
8477473,Justin Bailey,706.05,1.1165,0.7494,1.8659,1.9793,-1.1160429556745561,0.3531408000466968,-1.4691837557212528,550,413,531
8478495,Denis Gurianov,1843.63,1.3158,0.8201,2.1359000000000004,2.1504,-0.24826426506610097,1.23545810595146,-1.4837223710175609,336,546,532
8473604,Jonathan Toews,2356.2,1.0658,0.705,1.7708,1.9232,-1.4216938944777557,0.06384798379154012,-1.485541878269296,576,343,533
8482703,Colton Dach,635.63,1.1996,0.657,1.8566,1.9776,-1.1459331105732913,0.34437435106926767,-1.490307461642559,555,411,534
8484221,Calum Ritchie,604.67,1.1235,0.6337,1.7572,1.9223,-1.465404228523218,0.05920692256819473,-1.5246111510914129,579,340,535
8482070,Mitchell Chaffee,1083.52,1.3042,0.6763,1.9805000000000001,2.072,-0.7477191114385227,0.8311701060512068,-1.5788892174897295,477,503,536
8471794,Darren Helm,684.35,1.2479,1.0891,2.3369999999999997,2.3028,0.3980701596796749,2.021344473104506,-1.6232743134248309,183,588,537
8479316,Luke Kunin,3645.47,1.0883,0.7508,1.8391000000000002,1.999,-1.20217802570532,0.4547284734910212,-1.6569064991963414,562,434,538
8476897,Oskar Sundqvist,3305.3,0.9816,0.6748,1.6564,1.8901,-1.7893749396837073,-0.10683993453369549,-1.6825350051500119,599,297,539
8479543,Michael Pezzetta,1522.98,1.1455,0.6942,1.8397000000000001,2.0095,-1.2002496286150794,0.5088741877633765,-1.709123816378456,561,451,540
8482133,Thomas Bordeleau,558.4,1.0022,0.8789,1.8811,2.0357,-1.06719022938845,0.6439806367096338,-1.711170866098084,542,479,541
8478067,Oskar Lindblom,1619.12,1.1439,0.8638,2.0077,2.1161,-0.660298443347598,1.0585821059950988,-1.7188805493426969,457,529,542
8478146,Matthew Highmore,919.68,1.2049,0.6133,1.8182,2.0,-1.2693505243487158,0.4598852081836259,-1.7292357325323415,567,439,543
8471217,Andrew Ladd,607.02,1.1086,0.7438,1.8524,2.033,-1.1594318902049783,0.6300574530395999,-1.7894893432445782,557,476,544
8482745,Mason McTavish,3650.7,1.3585,0.7593,2.1178,2.1998,-0.30643757728837284,1.4902007997661628,-1.7966383770545358,354,568,545
8476994,Vinnie Hinostroza,2029.12,1.2871,0.7906,2.0777,2.1767,-0.43531878281947956,1.371080228366979,-1.8063990111864585,383,560,546
8480806,Isac Lundeström,3640.13,1.0859,0.6098,1.6957,1.941,-1.6630649302729217,0.1556378613199144,-1.818702791592836,594,371,547
8474849,Antoine Roussel,543.05,1.4748,0.688,2.1628,2.238,-0.16180779552029745,1.6871880650236837,-1.8489958605439811,313,576,548
8479991,Jake Leschyshyn,716.3,1.2821,0.7629,2.045,2.1679,-0.540416424237615,1.3257009630720529,-1.866117387309668,423,556,549
8479328,Julien Gauthier,1211.12,1.3772,0.6529,2.0301,2.1635,-0.5883049519785998,1.3030113304245898,-1.8913162824031895,437,554,550
8479393,Noah Gregor,2803.58,1.2976,0.7858,2.0834,2.1976,-0.41699901046218985,1.4788559834424302,-1.89585499390462,374,567,551
8480798,Philipp Kurashev,3796.75,1.0399,0.733,1.7729,2.0156,-1.4149445046619122,0.5403302693882687,-1.955274774050181,575,456,552
8476624,Barclay Goodrow,4269.92,1.2781,0.6902,1.9683000000000002,2.1403,-0.7869298522734232,1.1833750855561467,-1.9703049378295698,488,543,553
8480074,Alexandre Texier,2147.67,1.1796,0.8298,2.0094,2.172,-0.6548346515919151,1.3468435753117358,-2.001678226903651,453,557,554
8478432,Christian Fischer,2820.8,1.2597,0.662,1.9217,2.1199,-0.936702026282142,1.078177697826999,-2.014879724109141,520,532,555
8479368,Max Jones,1754.02,1.2939,0.6826,1.9765000000000001,2.1567,-0.7605750920401294,1.2679455345148734,-2.028520626555003,482,548,556
8474161,Jakub Voracek,1307.08,1.006,0.9028,1.9088,2.1187,-0.9781625637223235,1.0719896161958733,-2.0501521799181965,524,531,557
8476329,Travis Boyd,2285.48,1.149,0.7064,1.8554,2.0863,-1.1497899047537736,0.9049114121554622,-2.054701316909236,556,512,558
8479291,Kevin Rooney,1638.15,1.1605,0.5805,1.741,2.0246,-1.5174709499597252,0.5867408816217157,-2.104211831581441,586,470,559
8482775,Oliver Kapanen,738.13,1.0522,0.9917,2.0439,2.2151,-0.5439518189030572,1.569098840563023,-2.1130506594660803,426,571,560
8477996,Juho Lammikko,856.35,1.1302,0.8064,1.9366,2.1578,-0.8888134985411567,1.2736179426767396,-2.162431441217896,511,549,561
8470626,Loui Eriksson,814.03,1.1268,0.7797,1.9064999999999999,2.1423,-0.985554752568248,1.1936885549413585,-2.1792433075096067,525,544,562
8475766,Austin Watson,1604.6,1.0939,0.7089,1.8028,2.0795,-1.318846049664902,0.8698456162457455,-2.1886916659106475,570,506,563
8477952,Robby Fabbri,2724.98,1.1732,0.7587,1.9319000000000002,2.1773,-0.9039192757480443,1.3741742691825418,-2.278093544930586,516,561,564
8479772,Zack MacEwen,1602.28,1.1691,0.6916,1.8607,2.1386,-1.1327557304566445,1.1746086365787176,-2.307364367035362,552,542,565
8475098,Tyler Bozak,529.63,1.1306,1.0172,2.1478,2.3208,-0.21001772277632164,2.1141656975714023,-2.324183420347724,323,590,566
8475164,Jakob Silfverberg,2524.4,1.0725,0.5523,1.6248,1.9992,-1.8909371864364006,0.4557598204295421,-2.3466970068659427,603,436,567
8478051,Max Willman,665.05,1.0117,0.7291,1.7408000000000001,2.0725,-1.5181137489898056,0.833748473397508,-2.3518622223873136,587,504,568
8482117,Lukas Reichel,2139.22,1.0326,0.7423,1.7749,2.0939,-1.408516514361109,0.9441025958192627,-2.3526191101803717,574,521,569
8477887,Patrick Brown,1281.35,1.0516,0.6313,1.6829,2.0381,-1.704204068198063,0.6563567999718873,-2.3605608681699506,597,481,570
8479379,Givani Smith,967.92,1.2032,0.6911,1.8943,2.1738,-1.0247654934031476,1.3561256977584242,-2.380891191161572,533,558,571
8484158,Easton Cowan,566.9,1.3086,0.8433,2.1519,2.3353,-0.19684034265967548,2.188938350614179,-2.3857786932738545,321,595,572
8478366,Frank Vatrano,4564.9,1.2621,0.8391,2.1012,2.3052,-0.35978989678504053,2.0337206363667595,-2.3935105331518,364,589,573
8474573,Josh Bailey,1860.7,1.2223,0.7894,2.0117,2.2565,-0.6474424627459914,1.7825876568368813,-2.430030119582873,451,580,574
8475236,Cody Eakin,840.75,0.9326,0.5662,1.4988000000000001,1.9413,-2.295900575387012,0.1571848817276958,-2.4530854571147076,609,372,575
8474870,Tyler Johnson,2055.97,0.9585,0.7413,1.6998,2.0667,-1.6498875501562749,0.8038394121803983,-2.453726962336673,593,502,576
8476960,Andreas Athanasiou,1856.82,1.3073,0.8111,2.1184,2.3283,-0.30450918019813206,2.1528412077659413,-2.4573503879640732,353,591,577
8478104,Sammy Blais,1454.45,1.1027,0.6297,1.7324000000000002,2.088,-1.5451113082531795,0.9136778611328914,-2.458789169386071,588,514,578
8477126,Jayson Megna,676.33,1.2253,0.7533,1.9786000000000001,2.2472,-0.7538257022242859,1.7346300241956516,-2.4884557264199376,479,579,579
8474683,Derek Grant,1394.85,1.3194,0.6152,1.9345999999999999,2.2202,-0.8952414888419606,1.5953981874953105,-2.4906396763372713,512,573,580
8484241,Matthew Wood,510.2,1.149,0.9556,2.1046,2.3343,-0.3488623132736746,2.1837816159215717,-2.5326439291952463,362,593,581
8476458,Ryan Strome,4916.42,1.2651,0.8562,2.1212999999999997,2.3628,-0.2951885942619675,2.3307485546608233,-2.625937148922791,348,598,582
8477460,Laurent Dauphin,637.78,1.3563,0.7711,2.1274,2.3687,-0.27558322384451583,2.3611732893471946,-2.6367565131917106,339,599,583
8474884,Mike Hoffman,2623.8,1.0492,0.6697,1.7188999999999999,2.1177,-1.588500242783603,1.0668328815032686,-2.6553331242868716,590,530,584
8483493,Frank Nazar,1360.33,0.9142,0.7374,1.6516000000000002,2.0808,-1.8048021164056351,0.8765493713461329,-2.681351487751768,600,508,585
8484144,Connor Bedard,3278.65,0.9484,0.7316,1.6800000000000002,2.1045,-1.7135246541342275,0.9987639835608773,-2.7122886376951048,598,524,586
8480853,Liam Foudy,818.93,1.2056,0.7232,1.9287999999999998,2.2598,-0.9138826607142905,1.799604881322478,-2.7134875420367686,518,581,587
8479580,Dylan Gambrell,1198.8,1.0781,0.796,1.8741,2.2379,-1.0896881954412616,1.6866723915544222,-2.7763605869956836,546,575,588
8481517,Brett Leason,2284.92,1.1489,0.608,1.7569,2.1671,-1.466368427068339,1.3215755753179692,-2.7879440023863085,580,555,589
8482451,Mikael Pyyhtia,725.95,0.7677,0.6374,1.4051,1.9661,-2.59705192097965,0.28507190210430655,-2.8821238230839565,610,397,590
8481147,Reese Johnson,1309.17,0.9082,0.7353,1.6435,2.1259,-1.8308354771238895,1.1091181059826318,-2.9399535831065213,602,536,591
8477401,John Hayden,772.58,1.104,0.7784,1.8824,2.2775,-1.0630120356929278,1.8908790853815918,-2.95389112107452,541,582,592
8477944,Jakub Vrana,1182.47,1.1255,0.8717,1.9971999999999999,2.3554,-0.6940453924268155,2.2925887179355438,-2.9866341103623593,468,597,593
8480025,MacKenzie Entwistle,1870.32,0.9977,0.712,1.7097,2.1786,-1.6180689981672982,1.380878024282929,-2.9989470224502273,592,563,594
8478477,Mitchell Stephens,663.47,0.9004,0.6044,1.5048,2.0594,-2.2766166044846026,0.7661952489243805,-3.042811853408983,608,497,595
8480031,Maxime Comtois,1447.45,1.1952,0.745,1.9402,2.332,-0.8772431159997112,2.17192112612858,-3.049164242128291,506,592,596
8481058,Jesse Ylonen,1095.13,1.0985,0.6648,1.7633,2.2325,-1.4457988581057677,1.6588260242143542,-3.104624882320122,577,574,597
8480870,Bo Groulx,821.52,1.0887,0.494,1.5827,2.1207,-2.0262463822683117,1.082303085581083,-3.108549467849395,605,533,598
8483450,Ryan Greene,721.33,1.0645,0.841,1.9055,2.3369,-0.9887687477186493,2.197189126122346,-3.1859578738409953,526,596,599
8475178,Zack Kassian,1062.27,1.4246,0.9478,2.3724,2.6467,0.5118455880038947,3.794745533891464,-3.2828999458875696,162,608,600
8481133,Cole Reinhardt,546.73,0.8904,0.6323,1.5227,2.1282,-2.2190860912924126,1.120978595775624,-3.3400646870680366,607,537,601
8480021,Jack Studnicka,923.12,1.2346,0.6694,1.904,2.3832,-0.993589740444252,2.435945942389971,-3.4295356828342234,527,600,602
8484186,Ryan Leonard,600.47,1.4901,0.8698,2.3599,2.6718,0.47167064862387453,3.924179574675857,-3.4525089260519826,169,609,603
8478075,Anders Bjork,820.7,0.8643,0.6922,1.5565,2.1794,-2.1104530552088354,1.385003412037013,-3.495456467245848,606,564,604
8483499,Liam Ohgren,851.05,0.8136,0.7732,1.5868,2.2164,-2.0130690021516644,1.5758025956634103,-3.588871597815075,604,572,605
8477357,Saku Maenalanen,555.0,1.121,0.6827,1.8037,2.3985,-1.31595345402954,2.5148439831868314,-3.830797437216371,569,602,606
8478967,Lane Pederson,573.9,1.3099,0.7688,2.0787,2.5729,-0.4321047876690782,3.4141785135771947,-3.846283301246273,382,605,607
8476851,Alex Galchenyuk,780.75,1.2725,0.907,2.1795,2.674,-0.10813407650858889,3.935524390999588,-4.043658467508177,297,610,608
8482172,Landon Slaggert,812.6,1.1173,0.5773,1.6945999999999999,2.3851,-1.6666003249383639,2.445743738305921,-4.112344063244285,595,601,609
8479514,Rem Pitlick,1459.45,1.1772,0.7631,1.9403000000000001,2.6237,-0.8769217164846703,3.676140635961542,-4.553062352446212,505,607,610
