rank,player_name,team,pos,GP,on_NZ_fo_shifts,off_NZ_fo_shifts,TNZI_raw,TNZI_L,RelTNZI_raw,RelTNZI_wilson,RelTNZI_score,player_id
1,Cale Fleury,SEA,D,49,191,482,7.2,5.0,0.10073,0.05099,10.0,8479985
2,Mike Reilly,CAR,D,131,657,1405,8.9,5.3,0.06636,0.04375,9.8,8476422
3,Drew Doughty,LAK,D,264,1647,2307,9.3,7.6,0.04504,0.03812,9.6,8474563
4,Alex Pietrangelo,VGK,D,208,1120,2080,8.6,5.7,0.0477,0.03308,9.4,8474565
5,Adam Fox,NYR,D,283,1588,2683,8.6,6.1,0.03664,0.02672,9.2,8479323
6,Ryan Lindgren,SEA,D,286,1383,2858,8.4,6.1,0.04145,0.02709,9.2,8479324
7,Sean Walker,CAR,D,314,1504,3443,9.1,6.5,0.04303,0.02741,9.2,8480336
8,Mikey Anderson,LAK,D,307,1814,2809,8.9,7.9,0.03403,0.0256,9.2,8479998
9,Marco Scandella,STL,D,85,324,909,6.1,3.2,0.06657,0.02705,9.2,8474618
10,Sam Rinzel,CHI,D,63,297,627,7.5,3.7,0.05595,0.02403,9.1,8483506
11,Roman Josi,NSH,D,270,1506,2632,9.0,6.5,0.03142,0.02068,9.0,8474600
12,Damon Severson,CBJ,D,289,1578,2858,8.6,5.6,0.03181,0.02037,9.0,8476923
13,Josh Morrissey,WPG,D,315,1829,2764,8.9,6.6,0.02925,0.02136,9.0,8477504
14,Sebastian Aho,NYI,D,129,532,1374,8.3,5.9,0.05112,0.02161,9.0,8480222
15,Brock Faber,MIN,D,242,1649,1985,8.7,7.2,0.02575,0.02176,9.0,8482122
16,Jackson LaCombe,ANA,D,229,1195,2101,8.2,5.4,0.03342,0.02143,9.0,8481605
17,Trevor van Riemsdyk,WSH,D,295,1428,2888,8.8,4.9,0.03202,0.01801,8.9,8477845
18,Darnell Nurse,EDM,D,320,1894,2913,8.9,6.1,0.0261,0.01816,8.9,8477498
19,Philip Broberg,STL,D,206,961,2170,8.5,5.5,0.03512,0.01599,8.9,8481598
20,Mikhail Sergachev,UTA,D,267,1611,2453,8.9,5.9,0.02353,0.01555,8.8,8479410
21,Alec Martinez,CHI,D,176,876,1833,7.9,5.3,0.035,0.01563,8.8,8474166
22,John Carlson,ANA,D,271,1465,2507,8.8,6.0,0.02527,0.01421,8.8,8474590
23,Scott Mayfield,NYI,D,269,1260,2778,8.6,4.6,0.03051,0.01378,8.8,8476429
24,Marc Staal,PHI,D,117,561,1300,8.5,5.1,0.03999,0.01487,8.8,8471686
25,Rasmus Andersson,VGK,D,319,1908,2953,8.7,5.7,0.02209,0.01427,8.8,8478397
26,Justin Faulk,DET,D,298,1506,2937,8.2,4.8,0.0258,0.01277,8.8,8475753
27,Connor Clifton,PIT,D,280,1204,2893,7.6,4.6,0.02863,0.01047,8.7,8477365
28,Jonas Brodin,MIN,D,234,1404,2076,9.4,6.9,0.0201,0.0119,8.7,8476463
29,Kevin Bahl,CGY,D,273,1466,2733,7.9,5.9,0.02406,0.01163,8.7,8480860
30,Kaedan Korczak,VGK,D,154,719,1662,7.4,5.5,0.03461,0.01154,8.7,8481527
31,Ian Moore,ANA,D,69,256,790,7.3,4.7,0.0593,0.01017,8.7,8482178
32,Erik Karlsson,PIT,D,321,1974,2982,8.6,4.8,0.01659,0.00892,8.6,8474578
33,K'Andre Miller,CAR,D,305,1799,2924,8.3,6.0,0.01578,0.00664,8.6,8480817
34,Nathan Beaulieu,ANA,D,52,197,570,4.8,0.4,0.06141,0.00858,8.6,8476470
35,John Marino,UTA,D,253,1456,2425,8.3,5.7,0.01696,0.00668,8.6,8478507
36,Henri Jokiharju,BOS,D,235,1225,2293,7.9,5.5,0.02205,0.00884,8.6,8480035
37,Miro Heiskanen,DAL,D,277,1655,2591,8.6,5.6,0.01764,0.00897,8.6,8480036
38,Ben Chiarot,DET,D,316,1780,2925,7.6,4.8,0.0189,0.00945,8.6,8475279
39,Dylan DeMelo,WPG,D,320,1818,2828,8.5,7.0,0.01714,0.00869,8.6,8476331
40,Colton Parayko,STL,D,301,1855,2601,8.3,5.1,0.01307,0.00656,8.6,8476892
41,Spencer Stastney,EDM,D,117,513,1295,7.9,4.4,0.03775,0.00835,8.6,8481056
42,Matthew Schaefer,NYI,D,82,440,790,6.9,4.8,0.02946,0.00728,8.6,8485366
43,Jonathan Aspirot,BOS,D,61,300,623,5.5,4.4,0.0398,0.00934,8.6,8481219
44,Johnathan Kovacevic,NJD,D,254,1195,2633,7.8,4.4,0.02048,0.00465,8.5,8480192
45,Adam Larsson,SEA,D,326,1836,2946,8.6,6.1,0.01328,0.00456,8.5,8476457
46,Jan Rutta,SJS,D,179,867,1807,7.0,2.8,0.02273,0.00422,8.5,8480172
47,J.J. Moser,TBL,D,295,1601,2920,9.3,6.1,0.01528,0.00399,8.5,8482655
48,MacKenzie Weegar,UTA,D,322,2017,2926,8.4,4.7,0.01012,0.0036,8.5,8477346
49,Filip Hronek,VAN,D,287,1556,2547,7.9,5.0,0.01582,0.00583,8.5,8479425
50,Chad Ruhwedel,NYR,D,104,307,1290,7.3,3.7,0.05896,0.00566,8.5,8477244
51,Justin Barron,NSH,D,200,968,2147,8.0,4.7,0.0226,0.00391,8.5,8482111
52,Alexandre Carrier,MTL,D,268,1513,2556,8.5,6.0,0.01201,0.00138,8.4,8478851
53,Brett Pesce,NJD,D,261,1462,2582,9.6,7.3,0.01172,0.0005,8.4,8477488
54,Kaiden Guhle,MTL,D,208,1252,1891,8.2,4.9,0.00972,0.00059,8.4,8482087
55,Vince Dunn,SEA,D,282,1618,2566,8.4,6.8,0.00948,0.00056,8.4,8478407
56,Oliver Ekman-Larsson,TOR,D,289,1522,2906,8.2,5.3,0.01392,0.00153,8.4,8475171
57,Juuso Välimäki,UTA,D,189,939,1950,8.1,4.9,0.01936,0.00108,8.4,8479976
58,Charlie McAvoy,BOS,D,260,1316,2439,8.2,4.8,0.01396,0.00128,8.4,8479325
59,Jake Walman,EDM,D,243,1204,2455,8.6,6.0,0.01881,0.00325,8.4,8478013
60,Brayden McNabb,VGK,D,309,1675,3118,9.2,7.3,0.01002,-0.00156,8.3,8475188
61,Jake Bean,CGY,D,166,657,1828,6.9,2.7,0.02548,-0.00177,8.3,8479402
62,Josh Manson,COL,D,230,1214,2348,9.0,7.1,0.01122,-0.00267,8.3,8476312
63,Bowen Byram,BUF,D,279,1556,2738,8.7,5.9,0.01017,-0.00057,8.3,8481524
64,Jacob Bryson,WPG,D,193,780,2184,7.7,4.5,0.02266,-0.00253,8.3,8480196
65,Thomas Chabot,OTT,D,256,1361,2573,8.6,5.9,0.0119,-0.00162,8.3,8478469
66,Esa Lindell,DAL,D,326,1751,3218,8.2,5.2,0.01082,-0.0002,8.3,8476902
67,Noah Hanifin,VGK,D,312,1905,2978,8.6,6.2,0.00853,0.00024,8.3,8478396
68,Ian Mitchell,BOS,D,63,234,702,6.0,2.9,0.04795,-0.00185,8.3,8480070
69,Jacob Moverare,LAK,D,90,330,1018,7.9,5.9,0.04066,-0.00124,8.3,8479421
70,Alex Vlasic,CHI,D,245,1436,2122,7.7,3.1,0.00818,7e-05,8.3,8481568
71,Dante Fabbro,CBJ,D,277,1377,2811,8.5,6.5,0.00989,-0.00462,8.2,8479371
72,Mario Ferraro,SJS,D,309,1640,3036,7.8,2.9,0.00787,-0.00385,8.2,8479983
73,Hampus Lindholm,BOS,D,237,1197,2189,8.4,4.8,0.00885,-0.00449,8.2,8476854
74,Jaccob Slavin,CAR,D,276,1509,2863,10.0,9.8,0.00732,-0.00489,8.2,8476958
75,Zach Werenski,CBJ,D,239,1549,2118,8.6,5.8,0.00186,-0.00515,8.2,8478460
76,TJ Brodie,CHI,D,190,982,1841,8.1,3.9,0.01185,-0.00309,8.2,8474673
77,Devon Toews,COL,D,305,1891,2824,8.4,6.3,0.0017,-0.00547,8.2,8478038
78,Brian Dumoulin,LAK,D,323,1627,3100,8.3,5.0,0.00708,-0.00479,8.2,8475208
79,Artem Zub,OTT,D,259,1503,2478,8.9,7.0,0.00679,-0.00362,8.2,8482245
80,Joshua Mahura,SEA,D,199,807,2263,7.9,5.6,0.02271,-0.00295,8.2,8479372
81,Jared Spurgeon,MIN,D,240,1205,2325,9.2,6.4,0.00906,-0.00547,8.2,8474716
82,Neal Pionk,WPG,D,284,1497,2654,8.5,6.0,0.00588,-0.00564,8.2,8480145
83,Niko Mikkola,FLA,D,307,1726,2989,9.0,5.8,0.00456,-0.00585,8.2,8478859
84,Dylan Samberg,WPG,D,266,1188,2686,8.3,5.0,0.01333,-0.00407,8.2,8480049
85,Cam York,PHI,D,276,1754,2520,9.0,7.4,0.00294,-0.0043,8.2,8481546
86,Erik Cernak,TBL,D,276,1580,2606,9.0,6.8,0.00163,-0.00829,8.1,8478416
87,Nick Jensen,OTT,D,287,1462,2919,8.2,6.1,0.00741,-0.0063,8.1,8475324
88,Dmitry Orlov,SJS,D,305,1629,3036,9.1,6.6,0.00485,-0.00683,8.1,8475200
89,Vladislav Gavrikov,NYR,D,313,1784,2869,8.1,5.2,0.00067,-0.00781,8.1,8478882
90,Arber Xhekaj,MTL,D,230,877,2566,7.6,3.6,0.01648,-0.00856,8.1,8482964
91,Cale Makar,COL,D,291,1680,2797,8.3,6.4,0.00288,-0.00691,8.1,8480069
92,Seth Jones,FLA,D,254,1410,2374,7.7,4.5,0.00495,-0.00634,8.1,8477495
93,Dmitry Kulikov,FLA,D,232,1220,2335,8.5,6.0,0.00565,-0.00805,8.1,8475179
94,Will Borgen,NYR,D,323,1592,3181,7.7,4.7,0.00612,-0.00714,8.1,8478840
95,Travis Sanheim,PHI,D,325,2157,2845,9.1,6.7,-0.00268,-0.00767,8.1,8477948
96,Owen Power,BUF,D,315,1572,3218,8.3,5.3,0.00597,-0.00712,8.1,8482671
97,Aaron Ekblad,FLA,D,250,1350,2567,8.4,6.3,0.00627,-0.00666,8.1,8477932
98,Torey Krug,STL,D,140,640,1413,7.7,4.8,0.01468,-0.00869,8.1,8476792
99,Jake McCabe,TOR,D,295,1731,2779,7.9,4.7,0.0012,-0.00767,8.1,8476931
100,Darren Raddysh,TBL,D,245,1091,2644,9.1,6.9,0.01027,-0.00865,8.1,8478178
101,Simon Edvinsson,DET,D,175,952,1704,8.3,5.0,0.00688,-0.00773,8.1,8482762
102,Ryan Shea,PIT,D,150,643,1681,8.0,4.5,0.01804,-0.0074,8.1,8478854
103,Elias Salomonsson,WPG,D,32,146,302,4.4,4.1,0.03551,-0.00787,8.1,8483510
104,Ryan McDonagh,TBL,D,275,1541,2615,9.0,7.0,0.00132,-0.00899,8.0,8474151
105,Jaycob Megna,VGK,D,110,547,1057,7.0,3.7,0.01036,-0.01158,8.0,8477034
106,Martin Fehérváry,WSH,D,295,1569,2751,8.3,5.9,0.00135,-0.00922,8.0,8480796
107,Derek Forbort,VAN,D,145,636,1416,7.5,3.7,0.01181,-0.01164,8.0,8475762
108,Samuel Girard,PIT,D,268,1508,2680,8.4,6.3,0.00046,-0.01139,8.0,8479398
109,Connor Murphy,EDM,D,273,1388,2669,7.2,2.4,0.00329,-0.00996,8.0,8476473
110,Jamie Oleksiak,SEA,D,317,1492,3160,8.3,4.7,0.00447,-0.01016,8.0,8476467
111,Evan Bouchard,EDM,D,326,1584,3314,9.3,8.0,0.00501,-0.00902,8.0,8480803
112,Quinn Hughes,MIN,D,302,1727,2734,8.7,5.3,-0.00101,-0.00992,8.0,8480800
113,Marcus Pettersson,VAN,D,309,1834,2753,7.9,5.0,-0.00121,-0.00921,8.0,8477969
114,Ivan Provorov,CBJ,D,328,1890,3102,8.2,5.6,-0.00193,-0.01076,8.0,8478500
115,Brendan Smith,CBJ,D,170,610,2053,8.1,5.3,0.02265,-0.01115,8.0,8474090
116,Nick Holden,OTT,D,65,298,679,7.0,4.9,0.02308,-0.01034,8.0,8474207
117,Ryan Suter,STL,D,246,1285,2494,8.1,5.4,0.00409,-0.01004,8.0,8470600
118,Brandt Clarke,LAK,D,184,815,1994,8.4,5.2,0.01157,-0.01147,8.0,8482730
119,Moritz Seider,DET,D,328,1882,3017,8.3,5.7,-0.00283,-0.01137,8.0,8481542
120,Tyler Myers,DAL,D,299,1573,2795,8.5,4.4,-0.00025,-0.01124,8.0,8474574
121,Marcus Bjork,CBJ,D,33,154,310,4.5,2.0,0.02919,-0.01123,8.0,8483620
122,Jakob Chychrun,WSH,D,284,1418,2764,8.3,6.2,0.00416,-0.00935,8.0,8479345
123,Tyler Kleven,OTT,D,166,840,1718,8.0,4.7,0.00733,-0.01142,8.0,8482095
124,Lian Bichsel,DAL,D,88,348,944,7.3,3.6,0.02695,-0.01054,8.0,8483425
125,Brent Burns,COL,D,327,1688,3421,9.7,10.0,-0.00106,-0.01364,7.9,8470613
126,Kyle Burroughs,LAK,D,154,627,1656,6.6,3.3,0.01349,-0.0142,7.9,8477335
127,Egor Zamula,CBJ,D,176,643,2104,7.7,5.6,0.01765,-0.013,7.9,8481178
128,Rasmus Dahlin,BUF,D,309,2063,2611,8.2,5.4,-0.00924,-0.01386,7.9,8480839
129,Erik Brannstrom,VAN,D,178,713,1954,7.8,4.9,0.01181,-0.01466,7.9,8480073
130,Alexander Romanov,NYI,D,236,1244,2291,7.9,5.1,0.00122,-0.01266,7.9,8481014
131,Gustav Forsling,FLA,D,321,1832,3182,8.3,6.3,-0.00267,-0.01232,7.9,8478055
132,Calen Addison,SJS,D,134,472,1464,7.6,3.5,0.02336,-0.01214,7.9,8480884
133,Chris Tanev,TOR,D,226,1382,2084,7.9,5.8,-0.00476,-0.01371,7.9,8475690
134,Nate Schmidt,UTA,D,295,1362,3030,8.1,5.9,0.00341,-0.01284,7.9,8477220
135,Nick Blankenburg,COL,D,168,786,1857,7.1,5.0,0.00839,-0.0135,7.9,8483565
136,Ian Cole,UTA,D,319,1452,3336,8.2,4.9,0.00142,-0.01503,7.9,8474013
137,Matt Kiersted,MIN,D,28,86,311,5.7,5.2,0.07614,-0.01216,7.9,8482641
138,Joel Hanley,CGY,D,189,804,2037,7.1,4.0,0.01117,-0.01242,7.9,8477810
139,Kale Clague,BUF,D,36,156,420,5.7,4.1,0.04437,-0.01296,7.9,8479348
140,Ethan Bear,WSH,D,85,392,905,7.2,5.0,0.01527,-0.01497,7.9,8478451
141,Mike Matheson,MTL,D,288,1642,2697,7.9,5.0,-0.0047,-0.01434,7.9,8476875
142,Mark Friedman,VAN,D,51,188,558,7.3,5.0,0.04207,-0.01423,7.9,8478017
143,Michael Kesselring,BUF,D,190,882,2039,7.8,5.5,0.0081,-0.01371,7.9,8480891
144,Jack Thompson,SJS,D,34,141,359,8.1,3.9,0.0386,-0.01427,7.9,8482144
145,Morgan Rielly,TOR,D,297,1511,2936,7.9,4.3,-0.00513,-0.01782,7.8,8476853
146,Erik Johnson,COL,D,166,661,1813,7.4,4.8,0.01232,-0.01531,7.8,8473446
147,Cody Ceci,LAK,D,325,1795,3193,8.4,6.7,-0.00658,-0.01685,7.8,8476879
148,Radko Gudas,ANA,D,275,1251,2809,8.4,5.2,0.00116,-0.01553,7.8,8475462
149,Simon Benoit,TOR,D,293,1339,3088,7.7,3.7,0.00061,-0.01612,7.8,8481122
150,Noah Juulsen,PHI,D,153,575,1673,6.7,4.5,0.01548,-0.01628,7.8,8478454
151,Jacob MacDonald,SJS,D,92,259,1108,7.4,3.5,0.04032,-0.01717,7.8,8479439
152,Brayden Pachal,CGY,D,174,598,2049,5.9,1.9,0.01471,-0.0181,7.8,8481167
153,Isaak Phillips,WPG,D,55,223,526,4.3,1.2,0.02633,-0.01598,7.8,8482192
154,Emil Lilleberg,TBL,D,163,739,1768,7.0,4.7,0.00623,-0.01694,7.8,8482929
155,Brady Skjei,NSH,D,324,1836,3245,8.8,7.3,-0.00999,-0.0203,7.7,8476869
156,Pierre-Olivier Joseph,VAN,D,205,854,2284,7.1,3.9,0.0026,-0.02024,7.7,8480058
157,Troy Stecher,TOR,D,265,1105,2848,8.1,5.2,0.00151,-0.01916,7.7,8479442
158,Caleb Jones,PIT,D,111,478,1186,6.8,3.1,0.01164,-0.01902,7.7,8478452
159,Olli Määttä,CGY,D,269,1339,2709,7.9,4.7,-0.00581,-0.02004,7.7,8476874
160,Jon Merrill,MIN,D,208,685,2316,7.4,3.8,0.01054,-0.02055,7.7,8475750
161,Daniil Miromanov,CGY,D,83,460,858,7.7,5.7,0.00117,-0.01999,7.7,8482624
162,Wyatt Kaiser,CHI,D,175,844,1767,7.0,1.9,-0.00097,-0.01982,7.7,8482176
163,Mason Lohrei,BOS,D,191,887,2003,7.2,3.8,-1e-05,-0.01974,7.7,8482511
164,Jacob Trouba,ANA,D,308,1821,2749,8.2,5.5,-0.0134,-0.02128,7.6,8476885
165,Alec Regula,EDM,D,33,141,374,5.9,5.7,0.03775,-0.02166,7.6,8480831
166,Jack Johnson,CBJ,D,204,834,2297,7.9,4.9,0.00279,-0.02245,7.6,8471677
167,Cam Fowler,STL,D,312,1654,2879,7.6,4.0,-0.01256,-0.02233,7.6,8475764
168,Kris Letang,PIT,D,294,1860,2657,8.1,5.1,-0.01712,-0.0238,7.6,8471724
169,Nick Seeler,PHI,D,305,1261,3416,7.8,5.7,-0.00464,-0.02429,7.6,8476372
170,Ryan Graves,PIT,D,231,1072,2457,7.9,5.3,-0.00448,-0.02287,7.6,8477435
171,Jake Sanderson,OTT,D,303,1720,2937,8.7,6.7,-0.01132,-0.02125,7.6,8482105
172,Colton White,NJD,D,69,273,774,5.8,1.3,0.02201,-0.02299,7.6,8478841
173,Matt Grzelcyk,CHI,D,289,1414,2799,8.0,4.7,-0.00977,-0.02313,7.6,8476891
174,Jordan Oesterle,NSH,D,112,482,1194,7.1,4.1,0.00641,-0.02324,7.6,8477851
175,Joel Edmundson,LAK,D,268,1372,2718,7.5,5.6,-0.00871,-0.02261,7.6,8476441
176,Daemon Hunt,MIN,D,45,145,517,5.4,3.1,0.04732,-0.02237,7.6,8482094
177,Mattias Ekholm,EDM,D,303,1528,2996,9.2,8.4,-0.01364,-0.02681,7.5,8475218
178,Brandon Carlo,TOR,D,289,1448,2730,7.7,5.2,-0.01321,-0.02588,7.5,8478443
179,Rasmus Sandin,WSH,D,294,1448,2857,8.2,6.0,-0.01284,-0.02668,7.5,8480873
180,Jamie Drysdale,PHI,D,190,942,1976,8.0,5.9,-0.00801,-0.0254,7.5,8482142
181,Brett Kulak,COL,D,328,1617,3315,8.3,5.5,-0.01234,-0.0257,7.5,8476967
182,Shayne Gostisbehere,CAR,D,281,1340,3079,8.6,6.7,-0.01078,-0.02734,7.5,8476906
183,Jonas Siegenthaler,NJD,D,274,1552,2660,7.9,5.2,-0.01454,-0.02513,7.5,8478399
184,Noah Dobson,MTL,D,308,1573,3041,7.8,5.0,-0.0145,-0.02696,7.5,8480865
185,Brandon Montour,SEA,D,290,1535,2849,7.6,6.1,-0.01422,-0.02632,7.5,8477986
186,Jake Middleton,MIN,D,301,1609,2803,8.3,6.9,-0.01631,-0.0272,7.5,8478136
187,Mathew Dumba,PIT,D,229,1104,2298,8.0,5.6,-0.01063,-0.02716,7.5,8476856
188,Nils Lundkvist,DAL,D,210,1003,2187,8.0,5.7,-0.00701,-0.02517,7.5,8480878
189,Robert Hagg,VGK,D,45,183,484,5.7,2.3,0.02275,-0.02632,7.5,8477462
190,Brenden Dillon,NJD,D,323,1508,3307,8.3,5.6,-0.011,-0.02603,7.5,8475455
191,Rasmus Ristolainen,PHI,D,212,1003,2214,8.3,6.4,-0.00777,-0.02613,7.5,8477499
192,Timothy Liljegren,WSH,D,237,1156,2355,7.3,4.8,-0.01081,-0.02644,7.5,8480043
193,Jacob Bernard-Docker,DET,D,194,811,2081,7.3,5.0,-0.00312,-0.02646,7.5,8480879
194,Thomas Harley,DAL,D,233,1249,2280,8.2,5.3,-0.01163,-0.02434,7.5,8481581
195,Luke Hughes,NJD,D,223,1209,2224,8.0,6.2,-0.01303,-0.02627,7.5,8482684
196,Nikolas Matinpalo,OTT,D,95,480,994,6.9,4.9,2e-05,-0.02439,7.5,8484321
197,Jayden Struble,MTL,D,171,660,1861,6.5,4.1,0.00255,-0.02598,7.5,8481593
198,Denton Mateychuk,CBJ,D,120,591,1223,7.6,6.0,-0.00459,-0.0268,7.5,8483485
199,Marc-Edouard Vlasic,SJS,D,162,742,1728,7.6,2.9,-0.00626,-0.02816,7.4,8471709
200,Shea Theodore,VGK,D,239,1321,2378,9.1,8.1,-0.0176,-0.02991,7.4,8477447
201,Justin Holl,STL,D,199,855,2059,7.3,4.4,-0.0055,-0.0276,7.4,8475718
202,Ilya Lyubushkin,DAL,D,275,1298,2832,7.5,4.6,-0.01436,-0.03024,7.4,8480950
203,Nikita Zadorov,BOS,D,319,1625,3218,8.0,4.2,-0.01773,-0.03038,7.4,8477507
204,Parker Wotherspoon,PIT,D,188,947,1829,8.1,5.0,-0.01183,-0.02806,7.4,8478450
205,Simon Nemec,NJD,D,155,662,1719,6.7,4.9,-0.00302,-0.02986,7.4,8483495
206,Olen Zellweger,ANA,D,164,686,1686,7.6,5.1,-0.00239,-0.02783,7.4,8482803
207,Ethan Del Mastro,CHI,D,45,190,489,6.3,2.2,0.01896,-0.02771,7.4,8482807
208,Erik Gustafsson,DET,D,208,860,2202,7.1,4.6,-0.00833,-0.03086,7.3,8476979
209,Nikita Zaitsev,CHI,D,84,356,857,6.9,2.6,0.00061,-0.03311,7.3,8479458
210,Matthew Kessel,STL,D,99,389,1026,6.4,3.5,0.00421,-0.03148,7.3,8482516
211,Kevin Korchinski,CHI,D,105,428,1040,5.9,2.4,-0.00054,-0.03216,7.3,8483466
212,Marc Del Gaizo,NSH,D,55,267,615,7.2,4.0,0.0013,-0.0325,7.3,8481743
213,Oliver Kylington,ANA,D,52,218,568,5.6,3.7,0.01374,-0.03259,7.3,8478430
214,Lane Hutson,MTL,D,166,875,1654,7.7,4.4,-0.01429,-0.03053,7.3,8483457
215,Jeremy Lauzon,VGK,D,242,1208,2484,7.9,6.0,-0.01788,-0.03367,7.2,8478468
216,Jeff Petry,MIN,D,245,1215,2606,7.7,4.9,-0.01826,-0.03434,7.2,8473507
217,Mattias Samuelsson,BUF,D,236,1449,2175,7.9,5.6,-0.02625,-0.03509,7.2,8480807
218,Ryan Pulock,NYI,D,290,1748,2571,7.7,4.8,-0.02879,-0.03653,7.2,8477506
219,Nick Leddy,SJS,D,223,1296,2046,7.6,5.1,-0.0244,-0.03499,7.2,8475181
220,Nick Perbix,NSH,D,298,1432,3121,7.7,5.7,-0.01858,-0.03408,7.2,8480246
221,Kevin Gravel,NSH,D,29,119,317,5.4,2.9,0.02511,-0.03493,7.2,8475857
222,Dakota Mermis,TOR,D,64,207,741,6.0,3.8,0.02292,-0.03654,7.2,8477541
223,Uvis Balinskis,FLA,D,156,713,1714,8.0,5.8,-0.01137,-0.03537,7.2,8484304
224,Scott Perunovich,NYI,D,89,305,965,6.6,3.6,0.0075,-0.03487,7.2,8481059
225,Sam Malinski,COL,D,180,821,1979,8.1,5.8,-0.01276,-0.03515,7.2,8484258
226,Braden Schneider,NYR,D,325,1396,3478,7.0,3.3,-0.02141,-0.03914,7.1,8482073
227,Cal Foote,NJD,D,54,200,592,5.9,4.1,0.01646,-0.03696,7.1,8479984
228,Sean Durzi,UTA,D,238,1207,2415,8.2,6.5,-0.02272,-0.03802,7.1,8480434
229,Zach Whitecloud,CGY,D,271,1351,2869,8.2,4.8,-0.02228,-0.03751,7.1,8480727
230,Adam Boqvist,NYI,D,144,579,1569,7.2,3.8,-0.00726,-0.03699,7.1,8480871
231,David Savard,MTL,D,197,975,2013,7.4,4.3,-0.01946,-0.03676,7.1,8475233
232,Conor Timmins,BUF,D,159,694,1708,7.3,5.1,-0.01607,-0.03913,7.1,8479982
233,Tony DeAngelo,NYI,D,212,1011,2176,7.5,5.8,-0.02106,-0.03948,7.1,8477950
234,Adam Pelech,NYI,D,261,1519,2356,8.2,5.0,-0.03006,-0.0386,7.1,8476917
235,Jani Hakanpää,TOR,D,148,716,1598,7.0,5.5,-0.01753,-0.03952,7.1,8475825
236,Zach Bogosian,MIN,D,233,904,2589,7.9,4.7,-0.01312,-0.03726,7.1,8474567
237,Vincent Desharnais,SJS,D,218,904,2338,7.0,5.0,-0.01526,-0.03838,7.1,8479576
238,Pavel Mintyukov,ANA,D,203,942,1968,7.4,4.6,-0.0217,-0.03911,7.1,8483490
239,Ty Emberson,EDM,D,177,691,1866,7.4,5.5,-0.01175,-0.03855,7.1,8480834
240,Declan Chisholm,WSH,D,123,494,1329,7.1,6.0,-0.00665,-0.03679,7.1,8480990
241,Maxwell Crozier,TBL,D,53,204,612,7.1,3.6,0.01192,-0.03961,7.1,8481719
242,Victor Hedman,TBL,D,266,1342,2719,8.3,6.8,-0.02732,-0.04148,7.0,8475167
243,Jarred Tinordi,CHI,D,96,405,1000,5.6,1.8,-0.01036,-0.04166,7.0,8475797
244,Tom Willander,VAN,D,69,290,667,5.9,2.8,-0.00694,-0.04115,7.0,8484240
245,Jalen Chatfield,CAR,D,301,1616,3184,9.1,8.1,-0.03086,-0.04356,6.9,8478970
246,Jordan Harris,BOS,D,162,676,1798,6.7,3.8,-0.01776,-0.04502,6.9,8480887
247,Joshua Brown,EDM,D,129,513,1462,7.1,4.6,-0.01152,-0.04329,6.9,8477384
248,Nikita Okhotiuk,CGY,D,62,226,686,4.9,2.2,0.007,-0.04332,6.9,8481537
249,Ilya Solovyov,PIT,D,45,185,519,6.4,4.2,0.01034,-0.0442,6.9,8482470
250,Scott Morrow,NYR,D,45,202,508,7.9,4.8,0.00065,-0.04382,6.9,8482666
251,Axel Sandin-Pellikka,DET,D,68,267,768,6.0,3.9,0.00089,-0.04491,6.9,8484223
252,Matt Roy,WSH,D,311,1594,2928,7.9,5.9,-0.03632,-0.04784,6.8,8478911
253,Mark Giordano,TOR,D,124,535,1276,7.5,3.9,-0.0193,-0.04791,6.8,8470966
254,Luke Schenn,BUF,D,259,1195,2783,6.7,4.5,-0.02819,-0.04614,6.8,8474568
255,Colin Miller,WPG,D,202,880,2197,7.3,4.3,-0.02584,-0.04757,6.8,8476525
256,Gustav Lindstrom,ANA,D,82,362,820,6.0,2.5,-0.01539,-0.047,6.8,8480184
257,Jake Christiansen,CBJ,D,144,467,1717,6.1,4.1,-0.00869,-0.04636,6.8,8481161
258,Jordan Spence,OTT,D,229,985,2491,7.8,5.1,-0.02553,-0.04672,6.8,8481606
259,Shakir Mukhamadullin,SJS,D,82,426,803,6.3,3.7,-0.02621,-0.04688,6.8,8482166
260,Jack St. Ivany,PIT,D,53,205,668,6.4,4.5,0.00313,-0.04756,6.8,8481030
261,Artyom Levshunov,CHI,D,86,346,941,4.8,2.8,-0.01067,-0.04783,6.8,8484783
262,Zayne Parekh,CGY,D,37,115,441,5.9,2.3,0.03533,-0.04834,6.8,8484768
263,Ben Hutton,VGK,D,138,548,1547,6.1,4.1,-0.01961,-0.05062,6.7,8477018
264,Andrew Peeke,BOS,D,271,1309,2789,7.0,3.6,-0.03471,-0.04994,6.7,8479369
265,Travis Hamonic,DET,D,208,932,2280,7.6,5.9,-0.03061,-0.05073,6.7,8474612
266,Victor Soderstrom,BOS,D,41,183,459,4.7,1.1,-0.00408,-0.05129,6.7,8481599
267,Declan Carlile,TBL,D,46,187,486,6.5,4.2,0.00255,-0.05055,6.7,8483398
268,Elias Pettersson,VAN,D,97,374,963,5.5,3.5,-0.01636,-0.0517,6.7,8483678
269,Matt Benning,TOR,D,99,460,1079,6.3,3.7,-0.02655,-0.05374,6.6,8476988
270,Jakub Zboril,BOS,D,22,81,223,4.0,4.0,0.01955,-0.05243,6.6,8478415
271,Carson Soucy,NYI,D,269,1230,2811,6.9,4.4,-0.03407,-0.05209,6.6,8477369
272,Tyson Barrie,CGY,D,139,632,1459,6.9,4.5,-0.02978,-0.05468,6.6,8475197
273,Dougie Hamilton,NJD,D,243,1309,2401,8.0,5.6,-0.03989,-0.05326,6.6,8476462
274,Travis Dermott,MIN,D,80,340,889,6.7,4.4,-0.01865,-0.05441,6.6,8478408
275,Ryker Evans,SEA,D,175,782,1749,6.9,5.1,-0.03258,-0.05401,6.6,8482858
276,John Klingberg,SJS,D,147,698,1510,6.4,4.8,-0.03512,-0.05578,6.5,8475906
277,Maveric Lamoureux,UTA,D,20,81,224,4.9,4.6,0.02453,-0.05595,6.5,8483472
278,Calvin de Haan,NYR,D,159,708,1799,8.4,6.2,-0.03445,-0.05976,6.4,8475177
279,Albert Johansson,DET,D,143,570,1566,6.9,4.2,-0.03138,-0.05971,6.4,8481607
280,Radim Simek,SJS,D,44,166,538,6.7,2.8,0.00062,-0.0632,6.3,8480160
281,Haydn Fleury,WPG,D,129,497,1405,6.2,4.3,-0.03323,-0.06358,6.3,8477938
282,Riley Stillman,EDM,D,59,237,671,6.2,4.3,-0.01667,-0.06383,6.3,8479388
283,Tobias Bjornfot,FLA,D,47,208,564,7.1,5.6,-0.01366,-0.0627,6.3,8481600
284,Tim Berni,CBJ,D,59,317,528,5.6,1.7,-0.04106,-0.06334,6.3,8481072
285,Louis Crevier,CHI,D,134,672,1320,6.9,3.3,-0.04387,-0.06337,6.3,8481806
286,Zac Jones,NYR,D,93,367,1053,6.6,3.0,-0.02817,-0.06548,6.2,8481708
287,Erik Gudbranson,CBJ,D,201,1078,1945,6.9,3.0,-0.05375,-0.06732,6.2,8475790
288,Chris Wideman,MTL,D,46,200,490,4.6,3.2,-0.02182,-0.067,6.2,8475227
289,Logan Stanley,BUF,D,183,748,1921,5.9,3.5,-0.03986,-0.0646,6.2,8479378
290,Robert Bortuzzo,UTA,D,87,311,1022,7.3,4.5,-0.02058,-0.06589,6.2,8474145
291,Nick DeSimone,UTA,D,97,382,1112,5.7,4.3,-0.02836,-0.06657,6.2,8480084
292,Andreas Englund,NSH,D,167,591,1914,7.0,4.5,-0.03642,-0.06686,6.2,8477971
293,Urho Vaakanainen,NYR,D,176,731,1812,7.0,3.7,-0.04088,-0.06471,6.2,8480001
294,Henry Thrun,TOR,D,123,617,1246,6.1,3.4,-0.04546,-0.06509,6.2,8481567
295,Emil Andrae,PHI,D,107,410,1217,7.2,5.0,-0.03051,-0.06605,6.2,8482126
296,Yan Kuznetsov,CGY,D,58,353,531,5.6,4.4,-0.05036,-0.06699,6.2,8482165
297,Alexander Petrovic,DAL,D,60,241,673,5.8,3.5,-0.02029,-0.06718,6.2,8475755
298,Owen Pickering,PIT,D,29,130,300,4.9,3.9,-0.01646,-0.06711,6.2,8483503
299,Matthew Robertson,NYR,D,74,313,786,6.8,3.6,-0.02843,-0.06629,6.2,8481525
300,Hunter Brzustewicz,CGY,D,34,154,383,5.2,2.8,-0.01317,-0.06505,6.2,8484150
301,Sam Dickinson,SJS,D,71,326,729,5.8,1.9,-0.03208,-0.06503,6.2,8484806
302,Calle Rosen,STL,D,55,225,621,7.1,4.3,-0.02405,-0.06986,6.1,8480157
303,Michael Callahan,BOS,D,22,80,263,5.1,3.6,0.0072,-0.06885,6.1,8480828
304,Dmitri Simashev,UTA,D,27,131,292,5.3,5.4,-0.01889,-0.06791,6.1,8484386
305,Charle-Edouard D'Astous,TBL,D,70,382,679,6.2,4.8,-0.04802,-0.06983,6.1,8480426
306,Kevin Shattenkirk,BOS,D,136,554,1428,6.3,3.2,-0.04291,-0.07211,6.0,8474031
307,Dennis Gilbert,OTT,D,94,275,1184,6.6,3.7,-0.01769,-0.07161,6.0,8478502
308,Tyler Tucker,STL,D,158,637,1686,6.9,3.9,-0.04518,-0.07257,6.0,8481006
309,Adam Wilsby,NSH,D,80,399,868,6.6,4.8,-0.04456,-0.07283,6.0,8482482
310,Alexander Nikishin,CAR,D,81,414,941,7.0,6.1,-0.04222,-0.07242,6.0,8482100
311,Alexander Edler,LAK,D,64,217,723,7.6,7.3,-0.01955,-0.07608,5.9,8471303
312,Brad Hunt,COL,D,47,146,569,6.4,3.7,-0.00726,-0.07388,5.9,8476779
313,Keaton Middleton,COL,D,44,136,549,6.3,5.5,-0.00783,-0.07559,5.9,8479387
314,Kurtis MacDermid,OTT,D,131,255,1817,6.7,4.7,-0.00877,-0.07815,5.8,8477073
315,Nicolas Hague,NSH,D,284,1419,3002,7.1,5.3,-0.06237,-0.07743,5.8,8479980
316,Drew Helleson,ANA,D,119,567,1194,6.8,4.5,-0.05643,-0.0789,5.8,8481563
317,Logan Mailloux,STL,D,74,329,752,4.6,3.9,-0.04642,-0.0787,5.8,8482733
318,Filip Roos,CHI,D,21,81,221,4.2,1.7,-0.00316,-0.08136,5.7,8483619
319,Justin Braun,PHI,D,51,215,559,5.5,6.0,-0.03443,-0.08057,5.7,8474027
320,Dennis Cholowski,NJD,D,58,165,691,5.7,4.0,-0.00893,-0.0819,5.7,8479395
321,Justin Schultz,SEA,D,143,589,1515,6.6,4.5,-0.05616,-0.08423,5.6,8474602
322,Dylan Coghlan,VGK,D,27,107,311,4.2,4.0,-0.01683,-0.08554,5.6,8479639
323,Patrik Nemeth,UTA,D,75,337,796,6.5,6.2,-0.04951,-0.08359,5.6,8475747
324,John Ludvig,COL,D,41,107,502,5.3,4.0,0.00284,-0.08497,5.6,8481206
325,Victor Mancini,VAN,D,55,181,613,4.4,1.8,-0.02754,-0.08556,5.6,8483768
326,Philippe Myers,TOR,D,91,334,1035,4.7,3.8,-0.04678,-0.08719,5.5,8479026
327,Matt Irwin,WSH,D,61,184,733,4.8,2.3,-0.02321,-0.08686,5.5,8475625
328,Zeev Buium,VAN,D,75,307,764,4.9,3.2,-0.05035,-0.08636,5.5,8484798
329,Alex Goligoski,MIN,D,82,335,900,5.8,4.7,-0.05319,-0.09003,5.4,8471274
330,Samuel Bolduc,NYI,D,52,214,612,5.3,4.6,-0.04407,-0.09322,5.3,8481541
331,Ryan Johnson,BUF,D,47,169,494,5.0,4.0,-0.03857,-0.09401,5.3,8481564
332,Donovan Sebrango,FLA,D,44,212,498,6.0,4.4,-0.0494,-0.09357,5.3,8482131
333,David Jiricek,PHI,D,85,320,969,6.6,3.5,-0.05564,-0.09698,5.2,8483460
334,Vladislav Kolyachonok,BOS,D,55,172,656,4.8,3.4,-0.03227,-0.0951,5.2,8481609
335,William Lagesson,DET,D,47,178,536,5.7,3.1,-0.03804,-0.09519,5.2,8478021
336,Zach Metsa,BUF,D,43,143,537,5.4,3.9,-0.0238,-0.09526,5.2,8484305
337,Scott Harrington,ANA,D,45,239,429,5.3,3.6,-0.07218,-0.09869,5.1,8476449
338,Ville Heinola,WPG,D,32,101,348,4.9,2.4,-0.01954,-0.10082,5.1,8481572
339,Joel Nystrom,CAR,D,38,193,449,6.2,4.8,-0.06058,-0.10422,5.0,8482911
340,Connor Mackey,NYR,D,36,143,406,4.6,0.0,-0.05231,-0.10956,4.8,8482067
341,Nikolai Knyzhov,SJS,D,22,106,230,4.2,2.7,-0.05296,-0.1074,4.8,8481812
342,Ben Harpur,NYR,D,42,148,467,4.0,2.5,-0.04949,-0.11459,4.6,8477433
343,Gavin Bayreuther,CBJ,D,51,192,561,4.1,1.1,-0.06645,-0.11824,4.5,8479945
344,Nolan Allan,CHI,D,43,153,462,2.9,2.5,-0.06679,-0.12107,4.4,8482700
345,Casey Fitzgerald,FLA,D,27,83,344,4.9,3.6,-0.02648,-0.12393,4.3,8479578
346,Isaiah George,NYI,D,37,149,440,4.0,3.9,-0.07078,-0.12827,4.2,8483448
347,Dylan McIlrath,WSH,D,39,132,458,3.2,2.2,-0.05836,-0.12946,4.1,8475795
348,Kyle Capobianco,DAL,D,48,140,583,6.1,2.8,-0.07415,-0.1506,3.4,8478476
349,Alexander Alexeyev,WSH,D,79,287,894,4.8,3.1,-0.11203,-0.15546,3.3,8480823
350,Vincent Iorio,NYR,D,36,146,404,2.5,1.0,-0.09985,-0.15462,3.3,8482861
351,Guillaume Brisebois,VAN,D,20,95,189,5.1,4.1,-0.11776,-0.16232,3.1,8478465
352,Michael Stone,CGY,D,48,145,611,4.5,3.3,-0.10161,-0.17583,2.6,8474628
353,Markus Niemelainen,EDM,D,23,74,281,0.0,2.5,-0.16966,-0.25636,0.0,8479338
