player_id,player_name,team,pos,GP,shifts_O,shifts_D,shifts_N,TDZI_raw_p,TDZI_wilson,IOZL,TDZI,TDZI_L
8475163,Alex Chiasson,DET,R,20,47,51,55,-0.5696661828737299,-0.7509102315425283,0.42552694864597473,0.9,10.0
8477460,Laurent Dauphin,UTA,C,21,51,55,58,-0.49300155520995337,-0.6854301052310288,0.46755150883178087,3.0,9.4
8477846,Ryan Carpenter,SJS,C,84,178,215,221,-0.5881003114243566,-0.6853784964934148,0.48679074505644165,3.0,8.9
8483597,Milos Kelemen,UTA,L,24,44,61,64,-0.5252416756176155,-0.703241680058633,0.49183655435786844,2.4,8.6
8481147,Reese Johnson,MIN,C,102,137,267,265,-0.5358434110460042,-0.6288569740087918,0.5252517207717649,4.8,8.3
8479379,Givani Smith,COL,R,85,152,185,184,-0.5295944464742419,-0.6400425322231744,0.5202035003785986,4.5,8.3
8482133,Thomas Bordeleau,SJS,C,36,103,159,123,-0.6275628831113929,-0.7329919444845209,0.495124678458326,1.5,8.3
8477941,Nick Ritchie,CGY,L,74,241,257,250,-0.5440326898689587,-0.6380724667495623,0.5237358799638065,4.5,8.2
8476439,Brett Ritchie,UTA,R,50,142,124,146,-0.5376028202115158,-0.6682227394668002,0.5208018106999877,3.6,8.1
8477473,Justin Bailey,SJS,R,59,183,200,182,-0.6549466990835983,-0.7470066306258656,0.49643284692217127,1.0,8.1
8484185,Nick Lardis,CHI,L,41,131,93,148,-0.5262267343485617,-0.6758011440732417,0.524616707459057,3.3,7.9
8480025,MacKenzie Entwistle,CHI,R,133,266,393,405,-0.5569978758555582,-0.6334121764699939,0.5432281884576209,4.7,7.8
8477126,Jayson Megna,BOS,C,56,109,178,135,-0.5096670247046187,-0.6243587370501889,0.5444687376042477,5.0,7.8
8479536,Axel Jonsson-Fjallby,WPG,L,76,124,175,209,-0.5375710804224207,-0.6500463500516445,0.5377169160052594,4.2,7.8
8479383,Boris Katchouk,TBL,L,120,254,351,336,-0.5215982721382288,-0.6048404742941926,0.5479066976968102,5.6,7.8
8476858,Phillip Di Giuseppe,VAN,L,101,291,309,343,-0.5500882612533098,-0.635827030570169,0.5392741603091723,4.6,7.8
8474683,Derek Grant,ANA,C,46,89,288,167,-0.6169187675070028,-0.699404419953516,0.5268831975708255,2.6,7.7
8480821,Filip Zadina,SJS,R,102,295,359,327,-0.5159707136535522,-0.5987817973302275,0.553332685927833,5.8,7.7
8480021,Jack Studnicka,FLA,C,89,176,251,298,-0.6409725100151955,-0.7260329846174832,0.5223228717234847,1.7,7.6
8478067,Oskar Lindblom,SJS,L,74,161,217,176,-0.5494524298425736,-0.6503632129547419,0.5495514565420337,4.1,7.5
8480031,Maxime Comtois,CAR,L,65,223,306,212,-0.5507423416651005,-0.637050769575817,0.5503049309992551,4.6,7.5
8475178,Zack Kassian,UTA,R,51,82,156,142,-0.5779796668829764,-0.6912501435337499,0.5396547570882294,2.8,7.4
8478432,Christian Fischer,CBJ,R,205,569,753,737,-0.5572157269895726,-0.6133491475812073,0.562542866590734,5.3,7.4
8481477,Nico Sturm,MIN,C,249,631,1039,800,-0.5575391077636153,-0.6057402625594744,0.5678065799136355,5.6,7.3
8476915,Jujhar Khaira,MIN,L,52,82,166,200,-0.5291073738680465,-0.6450305850432864,0.5571172775831652,4.3,7.3
8480252,Cole Guttman,CHI,C,41,124,136,132,-0.5637691079169518,-0.6860301507128233,0.5483497009685453,3.0,7.2
8484197,Oliver Moore,CHI,C,60,196,171,189,-0.5752983519605985,-0.6843058942975988,0.5507920077890288,3.0,7.2
8479390,Taylor Raddysh,NYR,R,299,878,1153,1022,-0.5274157179783314,-0.5744292788234533,0.5835979874211187,6.6,7.1
8480027,Jason Robertson,DAL,L,328,1474,1433,1479,-0.5205717427157779,-0.5631430776148072,0.5879701363705016,7.0,7.1
8480813,Joe Veleno,MTL,C,296,788,961,915,-0.4799633615754522,-0.5331084308281706,0.5963500832097963,7.9,7.1
8477450,Jason Dickinson,EDM,C,283,799,1400,1222,-0.540983222968388,-0.5833702961130651,0.5820947709451728,6.3,7.1
8482222,Alexander Barabanov,SJS,L,114,464,522,532,-0.518859810787566,-0.588142182363403,0.5815441077747932,6.2,7.1
8479328,Julien Gauthier,NYI,R,85,172,214,277,-0.5226232841891205,-0.6269424411421453,0.5733638769865095,4.9,7.0
8478051,Max Willman,NJD,C,27,45,66,64,-0.46558915537017725,-0.648984571572053,0.5676344475774211,4.2,7.0
8476919,Chris Tierney,NJD,C,88,176,202,242,-0.5595102040816327,-0.6625595826060453,0.5639075619946685,3.8,7.0
8481726,Adam Edstrom,NYR,C,97,150,359,270,-0.5346525368095283,-0.6150870518136861,0.5785356211369549,5.3,7.0
8479316,Luke Kunin,FLA,C,246,717,900,852,-0.519543175907429,-0.5728054981320406,0.5933263794265748,6.7,6.9
8477987,Ryan Donato,CHI,C,311,888,1046,1091,-0.553553641530439,-0.6017007600202084,0.5860143203117948,5.7,6.9
8478512,Austin Czarnik,DET,C,63,149,160,167,-0.6556291390728477,-0.7568141889361889,0.5420250392844811,0.7,6.9
8480870,Bo Groulx,TOR,C,60,120,217,176,-0.46933293538277865,-0.5778691678971596,0.592510510772109,6.5,6.9
8481535,Nils Hoglander,VAN,L,214,720,637,669,-0.5357068714967823,-0.5978028826032988,0.5899055415849778,5.8,6.8
8482496,Nils Aman,VAN,C,132,254,343,413,-0.5961807638472305,-0.6740860369263177,0.569429858833277,3.4,6.8
8479543,Michael Pezzetta,TOR,L,158,229,303,382,-0.4459873168598294,-0.5404650896406741,0.6068985826918435,7.7,6.8
8482460,Matt Rempe,NYR,C,85,115,177,183,-0.5400641025641026,-0.6499172109592253,0.5744302632732623,4.2,6.8
8482172,Landon Slaggert,CHI,L,102,195,305,338,-0.5558544984933276,-0.6415861500139384,0.5781776887980508,4.4,6.8
8485414,Ben Kindel,PIT,C,77,250,204,258,-0.4661143330571665,-0.5779344658378192,0.5945221054823414,6.5,6.8
8478431,Evgeny Svechnikov,SJS,L,59,153,204,180,-0.6134745298521088,-0.7100158949204484,0.5622660021307406,2.2,6.7
8475164,Jakob Silfverberg,ANA,R,162,383,699,572,-0.6346370908377093,-0.6883405829371155,0.5687951856236824,2.9,6.7
8478057,Dakota Joshua,TOR,C,254,682,972,1052,-0.5306978244507365,-0.5817106316965918,0.5977901461424452,6.4,6.7
8477951,Nick Schmaltz,UTA,C,305,1503,1234,1321,-0.5295142778898101,-0.5750824162846936,0.6003795856101409,6.6,6.7
8477070,Liam O'Brien,UTA,C,196,470,600,656,-0.5399894841385756,-0.6036122373208315,0.5931876633699951,5.7,6.7
8480289,Morgan Barron,WPG,C,289,495,893,972,-0.49140374774509443,-0.5462001988303675,0.6091899428082517,7.5,6.7
8484144,Connor Bedard,CHI,C,219,1196,893,998,-0.5418295543393277,-0.5942978335624834,0.5940374294117424,6.0,6.7
8483450,Ryan Greene,CHI,C,83,342,369,318,-0.5528094421466762,-0.631789086334132,0.5824848231445259,4.7,6.7
8474053,Logan Couture,SJS,C,88,353,437,429,-0.5469549430599109,-0.6204066315878803,0.5894780285820828,5.1,6.6
8476960,Andreas Athanasiou,CHI,C,117,427,430,435,-0.5389392882065597,-0.613452822938066,0.5928325010492551,5.3,6.6
8478856,Conor Garland,CBJ,R,315,1142,1293,1234,-0.534690894427783,-0.5790488768622362,0.6026518054004223,6.5,6.6
8478444,Brock Boeser,VAN,R,304,1351,1244,1236,-0.5785998039519166,-0.622030953854586,0.5937953422140031,5.1,6.5
8480012,Elias Pettersson,VAN,C,299,1299,1214,1140,-0.5068054658919734,-0.5535247689080625,0.6138973699421929,7.3,6.5
8477508,Curtis Lazar,EDM,C,212,477,745,696,-0.5314831117082889,-0.5892337951214935,0.6033427640152326,6.1,6.5
8481517,Brett Leason,WSH,R,190,423,676,574,-0.503608347961771,-0.5654768150691787,0.6100168864819838,6.9,6.5
8475842,Sam Carrick,BUF,C,282,472,1087,791,-0.5640877412724412,-0.6108250001647081,0.5982709300053269,5.4,6.5
8482117,Lukas Reichel,BOS,L,187,584,548,602,-0.5224802654158562,-0.5898406365250933,0.6016473184104987,6.1,6.5
8484136,Max Sasson,VAN,C,95,216,190,307,-0.47154165096117606,-0.5863716614601557,0.6023931602766194,6.2,6.5
8482703,Colton Dach,EDM,C,85,211,235,270,-0.573481384715872,-0.6676392335136034,0.5805099342375591,3.6,6.5
8480876,Curtis Douglas,VAN,C,42,80,53,118,-0.46618705035971225,-0.66667884212368,0.5793400428158514,3.6,6.5
8473422,Nick Foligno,MIN,L,266,671,1063,1036,-0.5142916138167016,-0.5637360552123241,0.6125035840394445,6.9,6.4
8476468,J.T. Miller,NYR,C,302,1376,1397,1385,-0.5964834822356119,-0.6368243106156439,0.5946667608153052,4.6,6.4
8477454,Adam Erne,DAL,L,130,317,378,416,-0.544677404841177,-0.6233904317567887,0.5977784276579917,5.0,6.4
8479315,Joey Anderson,CHI,R,111,275,407,417,-0.5304300574444961,-0.607342856935155,0.6002938496728648,5.5,6.4
8483395,Arshdeep Bains,VAN,L,49,115,108,137,-0.5500495540138751,-0.6865616312110364,0.5801486013481217,3.0,6.4
8483493,Frank Nazar,CHI,C,122,430,482,430,-0.5246391886620725,-0.5957632372700017,0.6037361217592085,5.9,6.4
8474009,Nick Bonino,NYR,C,107,290,456,327,-0.568367089671401,-0.6389399438716304,0.5953343941940185,4.5,6.3
8480833,Vitali Kravtsov,VAN,R,44,140,106,123,-0.5226089339545081,-0.6644048373333881,0.5902739001378133,3.7,6.3
8477527,Ross Johnston,ANA,L,189,339,481,483,-0.4636231115822953,-0.5385148080412435,0.6251157337770188,7.8,6.3
8477380,Jonny Brodzinski,NYR,C,180,460,553,578,-0.52493961352657,-0.5917408000249631,0.6110135362804839,6.0,6.3
8475968,Alex Belzile,MTL,R,31,64,93,98,-0.48689002184996355,-0.6424142153379409,0.5965855468775904,4.4,6.3
8474613,Derek Stepan,CAR,C,73,273,172,187,-0.6029307492318601,-0.7081853963377013,0.5794227666930541,2.3,6.2
8474870,Tyler Johnson,BOS,C,132,478,525,473,-0.5819701926572156,-0.6470994963887395,0.5985439766491425,4.3,6.2
8478445,Mathew Barzal,NYI,C,249,1277,798,969,-0.4577997222650826,-0.5170624961287222,0.6360551692218281,8.5,6.2
8477357,Saku Maenalanen,WPG,R,64,94,175,196,-0.5854037267080745,-0.6920962401243826,0.5846175024861724,2.8,6.2
8480806,Isac Lundeström,CBJ,C,254,529,1047,853,-0.578125,-0.6250883397603462,0.6095455332619122,5.0,6.1
8476329,Travis Boyd,MIN,C,101,320,402,363,-0.662829086599509,-0.7296022487856467,0.5779436223631798,1.6,6.1
8482740,Wyatt Johnston,DAL,C,328,1455,1375,1306,-0.5244545304115548,-0.5677601447668912,0.6253051626410067,6.8,6.1
8481624,Ilya Mikheyev,CHI,R,281,850,1177,1115,-0.5740600818113129,-0.6187785159388997,0.6106046170154199,5.2,6.1
8482157,Will Cuylle,NYR,L,249,895,841,934,-0.49184738300994624,-0.5480654649239313,0.6287211967138939,7.5,6.1
8482765,Isak Rosen,WPG,R,51,138,122,153,-0.479028059010703,-0.6181670245262065,0.609482346612426,5.2,6.1
8480840,Oskar Back,DAL,C,145,261,444,471,-0.46007746164159097,-0.5375982951569719,0.6312602891771705,7.8,6.1
8478099,Kevin Labanc,CBJ,R,152,484,546,502,-0.5801312687185369,-0.6439830558720276,0.6061037634343813,4.4,6.0
8471698,T.J. Oshie,WSH,R,110,506,377,442,-0.5065406363406194,-0.5880887993361825,0.6221107457954791,6.2,6.0
8480798,Philipp Kurashev,SJS,C,238,932,932,905,-0.5618251713187363,-0.6123993646045147,0.6145259841977593,5.4,6.0
8477444,Andre Burakovsky,CHI,L,252,1009,818,919,-0.5208546813920832,-0.5766998807341414,0.6269775124350764,6.5,6.0
8474586,Jordan Eberle,SEA,R,281,1240,1099,1148,-0.5273175791214644,-0.5755609823889652,0.6243403431845287,6.6,6.0
8475235,Nicolas Deslauriers,CAR,L,202,385,347,503,-0.4473067915690866,-0.5358018063172111,0.6359034367681624,7.9,6.0
8478424,Jansen Harkins,ANA,C,173,244,585,488,-0.47737969987263973,-0.5448102761491023,0.6333316149895201,7.6,6.0
8481013,Jonatan Berggren,STL,R,204,644,652,656,-0.5295280454657771,-0.5911225789390664,0.6195603858347187,6.1,6.0
8482652,Walker Duehr,WPG,R,94,210,196,225,-0.4805816307748942,-0.592308012480124,0.622336880154424,6.0,6.0
8483476,Jonathan Lekkerimäki,VAN,R,37,112,70,109,-0.5236609464378575,-0.6913905162076351,0.5910473757643845,2.8,6.0
8482132,Brett Berard,NYR,L,48,116,131,141,-0.45798014046984736,-0.5917936635688923,0.6218800113868147,6.0,6.0
8482758,Ville Koivunen,PIT,R,47,186,97,146,-0.45003265839320705,-0.6073177289228923,0.6162117112958431,5.5,6.0
8479393,Noah Gregor,FLA,C,209,475,670,699,-0.5477826358525921,-0.6077168854364613,0.621321117733354,5.5,5.9
8478043,Sam Lafferty,CHI,C,238,521,699,788,-0.5411903637222485,-0.6001041516228016,0.6210938236849176,5.8,5.9
8480855,Jack McBain,UTA,C,306,943,1125,1183,-0.5092768256214026,-0.5576506607578972,0.6340889911875339,7.1,5.9
8478463,Anthony Beauvillier,WSH,L,305,1129,1042,1088,-0.48916105327617876,-0.5400927667865032,0.6410722987813123,7.7,5.9
8480459,Pius Suter,STL,C,290,904,1092,1075,-0.5749165533440475,-0.6213052616206971,0.6166660401496941,5.1,5.9
8480326,Sheldon Dries,DET,C,68,168,185,189,-0.6836882365102337,-0.7747077549404315,0.5727032974929986,0.1,5.9
8477952,Robby Fabbri,MIN,C,161,438,604,521,-0.5017692499377024,-0.5671019970615243,0.6299304098938846,6.8,5.9
8483690,Noah Laba,NYR,C,74,188,238,244,-0.47811816192560175,-0.5813063203486337,0.6286435617500976,6.4,5.9
8482877,Jaroslav Chmelar,NYR,R,28,52,57,80,-0.46347769877181644,-0.6584307199097648,0.6051944235869446,3.9,5.9
8478440,Dylan Strome,WSH,C,325,1765,816,1220,-0.5311302867314167,-0.5865356999291607,0.6311227091721955,6.2,5.8
8483524,Shane Wright,SEA,C,168,662,449,536,-0.5194444444444444,-0.5934483387908068,0.6269447988459441,6.0,5.8
8479992,Michael Rasmussen,DET,C,272,894,1093,1061,-0.5356215043247043,-0.5835600314826974,0.6297217888535568,6.3,5.8
8483464,Marco Kasper,DET,C,159,525,606,599,-0.4493792808219178,-0.51714609051167,0.6499088754052669,8.5,5.8
8478904,Steven Lorentz,TOR,C,269,416,778,800,-0.5240296924708376,-0.5807354896661643,0.6346250664159565,6.4,5.7
8478498,Jake DeBrusk,VAN,L,306,1328,1297,1131,-0.5346044833805721,-0.5788917139646341,0.6367069081587632,6.5,5.7
8476278,Colin Blackwell,DAL,C,230,478,748,725,-0.5446955457446343,-0.6015103922531596,0.6285146217292983,5.7,5.7
8479368,Max Jones,EDM,L,168,417,548,607,-0.5698551066085522,-0.6343524217958145,0.6210382804410103,4.7,5.7
8479343,Clayton Keller,UTA,R,322,1702,1307,1508,-0.5556903075579703,-0.5990400857320972,0.6285771238115572,5.8,5.7
8477946,Dylan Larkin,DET,C,304,1224,1411,1373,-0.5424876568374326,-0.5846359162291327,0.6331327442506484,6.3,5.7
8476952,Dominic Toninato,CHI,C,33,69,74,80,-0.5569143932267169,-0.715427236405407,0.5971190154566643,2.0,5.7
8481789,Tye Kartye,NYR,L,204,503,605,644,-0.44881676074685195,-0.5168202511898973,0.6542989673219857,8.5,5.7
8479981,Jonah Gadjovich,FLA,L,126,251,266,317,-0.5049283742935997,-0.6004842909948802,0.6334345384552199,5.8,5.6
8481554,Kaapo Kakko,SEA,R,286,1112,922,1175,-0.5064147422439935,-0.5597077471496036,0.6466381041788357,7.1,5.6
8476918,Jimmy Vesey,COL,L,204,513,795,775,-0.5220922677063028,-0.5786319045415584,0.6411454586227694,6.5,5.6
8477839,Conor Sheary,NYR,L,206,711,644,769,-0.4968937773704043,-0.5607155651848739,0.6446199467095277,7.0,5.6
8474884,Mike Hoffman,SJS,L,133,422,513,487,-0.5653205206179297,-0.6322776011471312,0.6237743903383356,4.7,5.6
8482665,Matty Beniers,SEA,C,320,1430,1305,1360,-0.5405222346786248,-0.5844433013510674,0.6389806562538236,6.3,5.6
8479066,Ryan Lomberg,CGY,L,294,632,788,834,-0.48480930833872005,-0.5430908260349399,0.6494123597284518,7.6,5.6
8476419,Jean-Gabriel Pageau,NYI,C,305,975,1521,1221,-0.5817493211376304,-0.6210391590360946,0.6290034867298804,5.1,5.6
8477479,Tyler Bertuzzi,CHI,L,291,1143,1118,1178,-0.5065162574651626,-0.5550636694286127,0.6462316969350966,7.2,5.6
8477429,Andrew Copp,DET,C,296,1093,1281,1268,-0.5351324085750315,-0.5796553228924132,0.6412979964938462,6.4,5.6
8479644,Matt Luff,STL,R,24,54,56,57,-0.5977301387137453,-0.7657635330218866,0.5851810317839644,0.4,5.6
8476867,Brendan Gaunce,CBJ,C,66,129,240,191,-0.4664519592055824,-0.5701182565006466,0.6427251961075893,6.7,5.6
8478874,Adam Gaudette,SJS,C,149,376,385,431,-0.4976347277618032,-0.578572736842569,0.6381097190946071,6.5,5.6
8476442,Matt Nieto,PIT,L,135,288,592,427,-0.5390762786596119,-0.6030304601235068,0.6376554879893725,5.7,5.5
8476624,Barclay Goodrow,SJS,C,321,746,1304,1115,-0.5251225490196079,-0.5695673717399449,0.6445536977106836,6.8,5.5
8478366,Frank Vatrano,ANA,R,294,1175,1280,1119,-0.5280291109362706,-0.5727341582470347,0.6439617203645773,6.7,5.5
8481711,Matias Maccelli,TOR,L,272,945,978,1117,-0.5186678467237027,-0.5700912419182211,0.646042186573761,6.7,5.5
8478474,Lawson Crouse,UTA,L,319,1093,1272,1471,-0.5319961795606494,-0.5767958171370506,0.6443743592233852,6.5,5.5
8479414,Nathan Bastian,DAL,R,192,382,573,538,-0.5230714623757691,-0.588833887981996,0.638836218174989,6.1,5.5
8481019,David Gustafsson,WPG,C,121,174,334,307,-0.574183651106728,-0.6548298422428828,0.6207684693331349,4.0,5.5
8482055,Drew O'Connor,VAN,L,290,877,981,1045,-0.49575385859675136,-0.547945814691496,0.651284258737298,7.5,5.5
8478831,Kevin Stenlund,UTA,C,296,722,1290,906,-0.5354051680883091,-0.5797443861061802,0.6431173114733726,6.4,5.5
8481024,Linus Karlsson,VAN,C,105,265,301,307,-0.5320070216500877,-0.6204268912453828,0.6322409639856162,5.1,5.5
8476459,Mika Zibanejad,NYR,C,326,1450,1424,1579,-0.5412458706937234,-0.5832649236620259,0.6477272888506125,6.3,5.4
8483570,Ben Meyers,SEA,C,121,178,357,352,-0.4765738060781476,-0.5621416518955537,0.6512687614465309,7.0,5.4
8483630,Pavol Regenda,SJS,L,42,104,139,140,-0.4811297784270757,-0.6124818710576655,0.636243902334258,5.4,5.4
8476458,Ryan Strome,CGY,C,294,1275,1194,1177,-0.5273293236256199,-0.5735826431137877,0.6472062772807898,6.6,5.4
8482116,Tim Stützle,OTT,L,315,1681,1068,1296,-0.4631483166515014,-0.5144720447913331,0.6656431701377533,8.5,5.4
8480448,Parker Kelly,COL,L,296,594,882,978,-0.45389760331236567,-0.510275380258516,0.6671962016885753,8.7,5.4
8478449,Roope Hintz,DAL,C,282,1264,1206,1279,-0.5654499500382061,-0.6099339191589209,0.637364199845222,5.5,5.4
8482078,Lucas Raymond,DET,L,318,1245,1493,1428,-0.54861942212344,-0.5894485130676093,0.644682692843307,6.1,5.4
8476927,Teddy Blueger,VAN,C,247,556,1046,927,-0.5015851449275361,-0.5519874154243319,0.6541145507431182,7.3,5.4
8479367,William Lockwood,FLA,R,39,96,99,110,-0.47852760736196315,-0.6312990973539738,0.6337139986715784,4.8,5.4
8481601,Simon Holmstrom,NYI,R,279,964,1025,997,-0.5429719135702484,-0.5922018639037052,0.6430494107293085,6.0,5.4
8479619,Michael Carcone,UTA,L,214,656,686,743,-0.5029440628066733,-0.5645889527933061,0.6524502445695601,6.9,5.4
8476880,Tom Wilson,WSH,R,260,1151,1031,1075,-0.4815236759851605,-0.5328687194049659,0.6594177302557527,7.9,5.4
8482667,William Eklund,SJS,L,242,945,1080,1002,-0.4865358155729649,-0.536672029913703,0.658342421177267,7.8,5.4
8482747,Brennan Othmann,CGY,L,44,115,77,127,-0.5188940092165899,-0.6819872443237295,0.618271191011294,3.1,5.4
8485702,Max Shabanov,NYI,R,44,135,143,145,-0.5252100840336135,-0.6496388300892728,0.6264488522413673,4.2,5.4
8475184,Chris Kreider,ANA,L,303,1317,1136,1351,-0.5247628766958818,-0.5722282752369238,0.6529909556601788,6.7,5.3
8477956,David Pastrnak,BOS,R,323,1938,1182,1150,-0.4751049635525333,-0.5234939190895429,0.6675169122891257,8.3,5.3
8474141,Patrick Kane,DET,R,262,1206,1042,1095,-0.4823810355873959,-0.5335999199209234,0.6633937680532612,7.9,5.3
8480849,Barrett Hayton,UTA,C,264,1065,1124,1021,-0.559898306123074,-0.6062838069920435,0.6420307056740219,5.6,5.3
8475314,Anders Lee,NYI,L,327,1472,1217,1296,-0.5117462053876658,-0.5582434976211489,0.6584397145507005,7.1,5.3
8480848,Ty Dellandrea,SJS,C,238,658,831,786,-0.5046039781560171,-0.5605466355946884,0.6572809221847654,7.1,5.3
8482699,Dylan Guenther,UTA,R,227,869,744,829,-0.4547464239271782,-0.5161464825008834,0.6702993491717154,8.5,5.3
8477947,Sonny Milano,WSH,L,147,461,348,437,-0.5055238445958387,-0.5902314219346625,0.6458950938090412,6.1,5.3
8479547,Matthew Phillips,WSH,C,33,72,64,74,-0.4200206398348813,-0.6134657205353578,0.640605440695995,5.3,5.3
8481237,Kyle MacLean,NYI,C,172,444,436,548,-0.4121390872399876,-0.4933960777590305,0.6748375566314407,9.2,5.3
8481043,Cole Koepke,WPG,L,164,287,523,539,-0.5192793284651607,-0.5876381908346417,0.6538871484584806,6.2,5.2
8479336,Carl Grundstrom,PHI,R,211,560,519,647,-0.4484286389413989,-0.5210981018750547,0.6699937310290915,8.3,5.2
8482745,Mason McTavish,ANA,C,294,1168,1139,1143,-0.5105387065503393,-0.5585393876610909,0.6600600898807578,7.1,5.2
8481533,Trevor Zegras,PHI,C,250,1105,776,950,-0.4965591785263916,-0.5548473294054546,0.6612627237818112,7.2,5.2
8476934,Brock McGinn,ANA,L,125,243,531,385,-0.5690206153267748,-0.6345212451142992,0.6397951891924875,4.7,5.2
8479550,Tanner Laczynski,VGK,C,51,101,109,140,-0.5244624493611717,-0.6642903051056435,0.6316773911882101,3.7,5.2
8470610,Zach Parise,COL,L,112,352,471,423,-0.5958718861209964,-0.6633899672278111,0.6323143844785798,3.7,5.2
8470794,Joe Pavelski,DAL,C,164,786,696,726,-0.579952620669233,-0.6370669308904817,0.6369858836935834,4.6,5.2
8473473,Milan Lucic,BOS,L,81,286,212,248,-0.5433819911431852,-0.6457896718470095,0.6352272916503221,4.3,5.2
8478104,Sammy Blais,MTL,L,145,374,340,429,-0.5168977077104286,-0.601660715179191,0.6473841135243056,5.7,5.2
8478466,Daniel Sprong,NJD,R,172,427,383,430,-0.5836332476435304,-0.6588406949219814,0.6325446797728214,3.9,5.2
8477392,Hudson Fasching,NYI,R,137,320,446,547,-0.5034296555750146,-0.578893501673869,0.6531447433155867,6.5,5.2
8484958,Maxim Tsyplakov,NJD,R,126,422,361,420,-0.4377121520706042,-0.5248561999533774,0.6694075298193176,8.2,5.2
8484829,Justin Hryckowian,DAL,C,86,182,247,288,-0.4899608865710561,-0.5902219922969172,0.6524461270584597,6.1,5.2
8478414,Timo Meier,NJD,R,304,1445,1432,1479,-0.4960104929500492,-0.5394374993446811,0.6678757968041613,7.7,5.1
8478873,Troy Terry,ANA,R,283,1291,1160,1185,-0.5283008983996438,-0.5751496669779835,0.6591413505817918,6.6,5.1
8479322,Wade Allison,PHI,R,60,198,224,243,-0.4136475074911468,-0.5249585381608608,0.6744854443148643,8.2,5.1
8480208,Drake Batherson,OTT,R,325,1541,1121,1385,-0.49476341873948004,-0.5437169567138375,0.6689100780587314,7.6,5.1
8478472,Mathieu Joseph,LAK,R,238,606,808,927,-0.4758423807258099,-0.5339512304252475,0.6725938720744756,7.9,5.1
8475766,Austin Watson,DET,L,121,173,364,312,-0.519322174002893,-0.601170060717533,0.6529979421749585,5.7,5.1
8475231,Casey Cizikas,NYI,C,314,761,1285,1191,-0.5179113539769278,-0.5630188238724021,0.6644323894792267,7.0,5.1
8478975,Mason Marchment,CBJ,L,279,1259,1047,1115,-0.48092460305081575,-0.5320634427848274,0.6718378088175873,8.0,5.1
8474102,David Perron,DET,L,266,879,944,1053,-0.5607979062035793,-0.6111645480783925,0.6511436968951115,5.4,5.1
8477330,Dominik Kubalik,OTT,L,155,477,483,495,-0.6138993398168524,-0.6792571812700929,0.6288678337873652,3.2,5.1
8480822,Martin Kaut,SJS,R,36,89,108,90,-0.5309763217645151,-0.6708252759614552,0.6325037781861099,3.5,5.1
8477887,Patrick Brown,BOS,C,87,129,367,232,-0.5195943284757779,-0.6007149042423936,0.6528578154103468,5.8,5.1
8482092,Ridly Greig,OTT,C,247,864,1098,1016,-0.5311520828523368,-0.5790148447447591,0.657997321346253,6.5,5.1
8481065,Angus Crookshank,NJD,L,29,75,79,61,-0.4242831541218638,-0.5995320613001983,0.6530356252051315,5.8,5.1
8477149,Scott Sabourin,TBL,R,30,46,61,89,-0.4263990267639902,-0.6227399596957752,0.645246777310074,5.0,5.1
8482859,Zack Ostapchuk,SJS,C,121,227,307,394,-0.5213975847109861,-0.6091170274991229,0.6484411390088056,5.5,5.1
8484210,Gabe Perreault,NYR,R,54,220,200,274,-0.5608108108108107,-0.6637971211774862,0.6336776030117931,3.7,5.1
8484177,Lenni Hameenaho,NJD,R,33,103,144,115,-0.46775580395528804,-0.5982257566545826,0.6532795087723211,5.8,5.1
8475168,Matt Duchene,DAL,C,290,1314,1119,1157,-0.49973750379928716,-0.5485740037899912,0.6721677618880678,7.4,5.0
8478421,A.J. Greer,FLA,L,279,601,657,881,-0.49770393684536396,-0.5607198941736415,0.6687822072691229,7.0,5.0
8474189,Lars Eller,OTT,C,314,797,1380,1046,-0.514998357382932,-0.5586105103231256,0.6678400320373525,7.1,5.0
8471669,Paul Stastny,CAR,C,73,306,198,232,-0.6180193596425911,-0.7152850744319247,0.6232535116938234,2.0,5.0
8474149,Evgenii Dadonov,NJD,R,228,827,818,858,-0.5602240896358543,-0.6140382511786174,0.6520246624088006,5.3,5.0
8478046,Danton Heinen,CBJ,L,264,721,875,864,-0.4794310312558488,-0.5351990868311929,0.6739475060509698,7.9,5.0
8477353,Tyler Motte,DET,L,186,364,522,612,-0.48893129770992366,-0.559713000791031,0.6665125800294516,7.1,5.0
8478400,Colin White,SJS,C,99,237,250,311,-0.5181215625440699,-0.6156184659129808,0.653084779429237,5.3,5.0
8476393,Nick Cousins,OTT,C,279,812,814,972,-0.5016846084312597,-0.5584156261382798,0.6682321826785208,7.1,5.0
8479987,Morgan Geekie,BOS,C,303,1259,1043,1080,-0.4902682136905324,-0.5411351399564132,0.6735145847160191,7.7,5.0
8481725,Elmer Soderblom,PIT,L,106,297,395,324,-0.5197198365713332,-0.5980450119054004,0.6586368076869064,5.8,5.0
8482149,Cole Perfetti,WPG,C,271,1186,679,857,-0.5083561764965956,-0.5700019160051895,0.6654818188108728,6.7,5.0
8478967,Lane Pederson,PHI,C,32,87,98,99,-0.49301106581246357,-0.6440556083794848,0.642893787820156,4.4,5.0
8482751,Ryan Winterton,SEA,C,88,193,281,271,-0.47358643910368053,-0.5694268467751802,0.663593754848239,6.8,5.0
8484938,Arttu Hyry,DAL,R,25,57,73,70,-0.44163887565507387,-0.6209196260630441,0.6491505718389242,5.1,5.0
8475798,Mikael Granlund,ANA,C,289,1170,1284,1247,-0.5191613336985483,-0.5641880479773388,0.671843803335039,6.9,4.9
8475799,Nino Niederreiter,WPG,R,297,917,1203,1338,-0.4954740352548833,-0.5427518254478598,0.6773655465318826,7.6,4.9
8482109,Alexis Lafrenière,NYR,L,327,1499,888,1283,-0.5002077850117745,-0.5547327321091846,0.6735066551476846,7.2,4.9
8476432,Boone Jenner,CBJ,C,219,946,1063,973,-0.4878720745285162,-0.5384491026635493,0.6756523636031782,7.8,4.9
8480068,Ryan Poehling,ANA,C,272,681,1057,1029,-0.46302861483919977,-0.5144999404032646,0.6842321493209073,8.5,4.9
8475726,Tyler Toffoli,SJS,R,319,1447,1163,1341,-0.5007012622720898,-0.5485416219644781,0.6728022690152691,7.4,4.9
8479346,Dillon Dube,CGY,C,125,482,346,457,-0.5414735180984318,-0.6237253792072123,0.6528187333158519,5.0,4.9
8479772,Zack MacEwen,NJD,C,110,262,239,273,-0.5278518518518518,-0.6263996721663637,0.6524230325956448,4.9,4.9
8476881,Tomas Hertl,VGK,C,289,1486,1167,1182,-0.5242710626644472,-0.5712523124639083,0.6710885683090604,6.7,4.8
8481032,Paul Cotter,NJD,C,289,858,924,923,-0.46602819542577767,-0.5208047719658634,0.6863085288047991,8.3,4.8
8478115,Pierre Engvall,NYI,L,212,660,685,776,-0.4763287286349801,-0.5393155285385253,0.6813463413770262,7.7,4.8
8477021,Alexander Kerfoot,UTA,C,278,872,1047,1050,-0.5139799038881607,-0.5638583647143638,0.6741221577690566,6.9,4.8
8481186,Logan O'Connor,COL,R,231,486,978,892,-0.44650485115401173,-0.5005323721965057,0.6921061992393012,9.0,4.8
8477505,Alexander Wennberg,SJS,C,319,1225,1475,1350,-0.5276693901308557,-0.5694753637020171,0.6735157085290265,6.8,4.8
8477955,Jared McCann,SEA,L,293,1229,1086,1057,-0.5759470050382534,-0.622388862226276,0.6572819943341486,5.1,4.8
8479337,Alex DeBrincat,DET,R,328,1464,1316,1338,-0.49678333093283406,-0.5420422808009229,0.6806690328452545,7.7,4.8
8480355,Mark Kastelic,BOS,C,271,469,1037,868,-0.4901841151347665,-0.5409532716650983,0.6809039817032437,7.7,4.8
8474709,Matt Martin,NYI,L,170,318,517,534,-0.516928,-0.586590123617212,0.6680849543827283,6.2,4.8
8479370,Tyson Jost,NSH,C,221,637,665,679,-0.5221291866028708,-0.5836186258811751,0.6702210981558606,6.3,4.8
8480188,Fabian Zetterlund,OTT,L,316,1214,1219,1328,-0.5270989149899926,-0.5729716472267148,0.6701512490379136,6.7,4.8
8480789,Oliver Wahlstrom,BOS,R,110,351,234,311,-0.5299546142208774,-0.6291960177005013,0.6551368726453716,4.8,4.8
8480281,Alexey Toropchenko,STL,R,295,563,1005,1084,-0.4823669860936341,-0.5342053402157674,0.6813767291593744,7.9,4.8
8480011,Klim Kostin,SJS,C,144,407,431,461,-0.5545412703283216,-0.6276801659450553,0.6567557420693699,4.9,4.8
8482241,Radim Zohorna,PIT,L,43,65,119,95,-0.4766955065587496,-0.6177174047691526,0.6586232665134852,5.2,4.8
8482148,Hendrix Lapierre,WSH,C,152,346,240,377,-0.45936264822134387,-0.5636722062781714,0.6746614579862283,7.0,4.8
8484911,Collin Graf,SJS,R,120,392,499,423,-0.5245901639344263,-0.5948484955901947,0.6648133185922335,5.9,4.8
8482742,Zachary L'Heureux,NSH,L,86,207,337,326,-0.43768996960486317,-0.5270800346394271,0.6851172178775555,8.1,4.8
8484471,Emmitt Finnie,DET,C,82,308,340,342,-0.5381495803074601,-0.6212414418542594,0.6585130230679126,5.1,4.8
8480748,Kiefer Sherwood,SJS,L,249,711,877,1032,-0.43936249073387695,-0.4966503013623269,0.6949130933478075,9.1,4.7
8478550,Artemi Panarin,LAK,L,321,1709,914,1295,-0.49939270590552476,-0.5532330771631175,0.6821556447205587,7.3,4.7
8475191,Reilly Smith,VGK,R,302,1182,1130,1202,-0.5334281650071123,-0.5807053814981178,0.6749100053967155,6.4,4.7
8478020,Michael Amadio,OTT,C,293,869,1210,1164,-0.49619830464937065,-0.5432924166362623,0.6820068723392632,7.6,4.7
8475744,Evgeny Kuznetsov,CAR,C,144,649,419,552,-0.5332529938992243,-0.6090974532171092,0.6661115432309835,5.5,4.7
8477931,Tomas Nosek,FLA,L,182,314,561,628,-0.5130967741935484,-0.5801188931807097,0.6725986711287258,6.4,4.7
8477511,Anthony Mantha,PIT,R,235,730,655,790,-0.4942279275951238,-0.5576213988449367,0.6797128779276391,7.1,4.7
8475225,Craig Smith,DET,C,198,480,584,695,-0.5121292251092205,-0.5779442311063003,0.6754036087563698,6.5,4.7
8479514,Rem Pitlick,CHI,C,55,148,152,183,-0.5665227225992185,-0.6824698340617436,0.644194465506826,3.1,4.7
8477456,J.T. Compher,DET,L,317,1303,1482,1247,-0.5231239374179526,-0.5650346702397571,0.6758364322002387,6.9,4.7
8473604,Jonathan Toews,WPG,C,134,541,473,496,-0.6352558895207149,-0.699598271039087,0.6396497735062344,2.6,4.7
8477500,Bo Horvat,NYI,C,309,1482,1329,1292,-0.53187210939071,-0.5757525493311989,0.6729629409365588,6.6,4.7
8483808,Andrei Kuzmenko,LAK,L,271,1069,738,939,-0.5157132694480479,-0.5744841809989036,0.6732390898386459,6.6,4.7
8471675,Sidney Crosby,PIT,C,312,2105,1314,1937,-0.5236508630107057,-0.5680000186316354,0.6753264705999694,6.8,4.7
8475810,Bryan Rust,PIT,R,286,1709,1090,1529,-0.5185007208073042,-0.5672397548644,0.6764265593600085,6.8,4.7
8479415,Michael McLeod,NJD,C,125,364,624,457,-0.536407481472768,-0.5991858855540484,0.668918739287099,5.8,4.7
8479356,Kieffer Bellows,NSH,L,47,93,116,125,-0.4191176470588236,-0.567661301793503,0.6760071377811572,6.8,4.7
8473994,Jamie Benn,DAL,L,304,1288,1184,1137,-0.5812567389481251,-0.6254904588390285,0.6614122463526159,5.0,4.7
8473453,Trevor Lewis,LAK,C,224,628,541,641,-0.4855405317978909,-0.5548386939472182,0.6819571921394528,7.2,4.7
8479291,Kevin Rooney,UTA,C,121,188,297,233,-0.5220848056537102,-0.6108266637052271,0.6661336785207528,5.4,4.7
8475172,Nazem Kadri,COL,C,323,1877,1146,1495,-0.5119331742243437,-0.5596885983046489,0.677784782366057,7.1,4.7
8478891,Mason Appleton,DET,C,259,741,1164,1204,-0.4955364217421161,-0.5435788025967909,0.6845890299609405,7.6,4.7
8478569,Noel Acciari,PIT,C,278,420,1483,852,-0.4978466070113583,-0.5404522015683705,0.6827750924062521,7.7,4.7
8481580,Connor McMichael,WSH,C,246,950,894,1024,-0.48753832281334536,-0.542371785299165,0.6828931737428596,7.6,4.7
8483445,Cutter Gauthier,ANA,L,158,646,603,596,-0.46938321086617674,-0.5363182979324218,0.6852643786136144,7.8,4.7
8484241,Matthew Wood,NSH,R,76,264,182,212,-0.549621142117908,-0.6586590315089114,0.6523038488306919,3.9,4.7
8476887,Filip Forsberg,NSH,L,295,1620,1144,1383,-0.5324857492464261,-0.5795401083078326,0.6773772880846202,6.4,4.6
8476389,Vincent Trocheck,NYR,C,313,1475,1336,1236,-0.5150714190361767,-0.5593517135861481,0.6841525898548027,7.1,4.6
8480078,Filip Chytil,VAN,C,152,556,385,531,-0.4978821717366192,-0.5790053832730022,0.6788756232084959,6.5,4.6
8482705,Cole Sillinger,CBJ,C,288,1122,1107,1161,-0.4967107112735451,-0.5458878878094968,0.6877039007273527,7.5,4.6
8475151,Kyle Palmieri,NYI,C,244,1078,906,978,-0.5275339185953711,-0.5804708353351812,0.6786482882082442,6.4,4.6
8477496,Elias Lindholm,BOS,C,306,1474,1405,1243,-0.5419681989603506,-0.5842295310156398,0.6776891943772944,6.3,4.6
8479365,Trent Frederic,EDM,C,292,725,958,1110,-0.4861481918102701,-0.5392398041887166,0.6895118907566105,7.7,4.6
8473504,Cal Clutterbuck,NYI,R,131,249,534,492,-0.5346996753246753,-0.6023568652381363,0.6720478436357797,5.7,4.6
8477482,Zachary Sanford,CHI,L,45,126,123,127,-0.5983512708953516,-0.7204769621827203,0.6363787619314492,1.9,4.6
8478028,Fredrik Olofsson,COL,L,85,126,212,237,-0.5053533190578158,-0.6114885955514779,0.6698960720818758,5.4,4.6
8482145,Mavrik Bourque,DAL,C,156,449,553,565,-0.5346399810516342,-0.6004693991274304,0.6729726837672092,5.8,4.6
8484901,Jacob Quillan,TOR,C,24,30,61,77,-0.4160177975528365,-0.6136711268504151,0.6661710164481288,5.3,4.6
8483500,Noah Ostlund,BUF,C,68,266,190,230,-0.48560096568373856,-0.5988122070665933,0.6734747821073582,5.8,4.6
8484230,Otto Stenberg,STL,C,32,99,126,110,-0.5407239819004525,-0.6702230031038292,0.6532906384445756,3.5,4.6
8476480,Vladislav Namestnikov,WPG,C,293,1114,746,1000,-0.4986600968188105,-0.5580565172252785,0.6872842292749514,7.1,4.5
8476882,Teuvo Teravainen,CHI,L,301,1121,1077,1182,-0.5255546870302447,-0.5742641191237942,0.6815235221062046,6.6,4.5
8474679,Gustav Nyquist,WPG,L,262,1194,907,966,-0.5243977764051884,-0.5773593928286886,0.6814100046996406,6.5,4.5
8475768,Jaden Schwartz,SEA,C,264,1107,1141,1123,-0.5500509740170281,-0.596498324396147,0.6765250177535266,5.9,4.5
8476483,Rickard Rakell,PIT,R,293,1711,1011,1537,-0.5297741273100616,-0.579789184257812,0.6822505308057941,6.4,4.5
8471215,Evgeni Malkin,PIT,C,288,1405,739,1161,-0.5260427923060298,-0.5843464511568186,0.6797062738851555,6.3,4.5
8477953,Kasperi Kapanen,EDM,R,246,732,857,873,-0.4460405688298563,-0.5036902301035958,0.7041806550920945,8.9,4.5
8481559,Jack Hughes,NJD,C,263,1471,683,1020,-0.44310118265440207,-0.5075084208157197,0.7002219509403267,8.8,4.5
8475193,Tomas Tatar,NJD,L,226,758,757,904,-0.5360952162966355,-0.5932603908725903,0.6781447097736579,6.0,4.5
8476889,Radek Faksa,DAL,C,283,548,1032,1016,-0.5108444091780731,-0.560932343940009,0.6871018190388118,7.0,4.5
8475752,Tyler Pitlick,MIN,C,127,200,321,368,-0.5104106972301815,-0.5980031990445328,0.6760876647110876,5.8,4.5
8481543,Nikita Alexandrov,STL,C,51,116,78,137,-0.4815924657534246,-0.6493953330464433,0.6627769955570526,4.2,4.5
8478078,Rourke Chartier,OTT,C,43,85,101,129,-0.5624538063562454,-0.701394089859218,0.648360864404196,2.5,4.5
8478146,Matthew Highmore,OTT,C,50,116,108,178,-0.5195473251028807,-0.6594428853779406,0.6591735629938212,3.9,4.5
8481556,John Beecher,CGY,C,165,180,771,529,-0.5088249876053546,-0.5662530429796787,0.685842057751644,6.9,4.5
8481553,Bobby Brink,MIN,R,204,644,699,779,-0.5225337775310013,-0.5822926439412826,0.6818887296756271,6.3,4.5
8475413,Justin Dowling,NYR,C,56,116,119,171,-0.4541217593941159,-0.5957423165551863,0.6780327522722625,5.9,4.5
8479638,Justin Brazeau,PIT,R,159,422,417,536,-0.4982020268061459,-0.5754802397818991,0.6829302899850995,6.6,4.5
8482659,Josh Doan,BUF,R,144,560,524,564,-0.4893309697327818,-0.5599074343323056,0.6853210621182091,7.1,4.5
8483499,Liam Ohgren,VAN,L,96,273,295,320,-0.4569887101608552,-0.5518219136074407,0.6892204716958399,7.3,4.5
8482768,Fedor Svechkov,NSH,C,121,418,275,372,-0.5387808041504539,-0.630009495285882,0.6659030557139559,4.8,4.5
8483497,Jani Nyman,SEA,R,39,124,78,102,-0.49170616113744076,-0.6574060743585624,0.6585582966411149,3.9,4.5
8483513,Reid Schaefer,NSH,L,46,105,161,148,-0.47999080036798525,-0.6029924229842094,0.6732278622316822,5.7,4.5
8479293,Brandon Tanev,UTA,L,282,843,983,977,-0.537207782779149,-0.5876710353790058,0.6832192243955778,6.2,4.4
8482125,Alexander Holtz,VGK,R,183,559,425,487,-0.5812401883830455,-0.6530668737752418,0.6647966383912783,4.1,4.4
8479351,Sam Steel,DAL,C,294,933,948,1100,-0.4872503328894806,-0.5405544631520046,0.6970299727212886,7.7,4.4
8476474,Stefan Noesen,NJD,R,275,1026,824,1005,-0.5238095238095237,-0.5791390929999248,0.6864527160054749,6.5,4.4
8473419,Brad Marchand,FLA,L,278,1344,1178,1008,-0.5505442350868219,-0.5962248751880673,0.6793137845745012,5.9,4.4
8479991,Jake Leschyshyn,NYR,C,36,77,76,118,-0.5518937530742745,-0.7098999551512393,0.6496830869814222,2.2,4.4
8474157,Max Pacioretty,TOR,L,89,311,274,328,-0.46114843452909116,-0.5583355630076473,0.6913796804572624,7.1,4.4
8475780,Chris Wagner,COL,R,42,43,89,96,-0.4555233760860571,-0.6146264939551955,0.675265769277314,5.3,4.4
8481058,Jesse Ylonen,MTL,R,96,202,281,284,-0.5098676573020664,-0.6030431491949267,0.6783226530945845,5.7,4.4
8481518,Nolan Foote,FLA,L,29,79,66,62,-0.5884509624197983,-0.7477357052466289,0.6373960867565132,1.0,4.4
8477401,John Hayden,SEA,C,32,54,53,91,-0.4527162977867203,-0.6559144317069185,0.6617099910121127,4.0,4.4
8482159,Tyson Foerster,PHI,R,195,683,835,914,-0.5024290058849086,-0.5582263321309396,0.6910632790346304,7.1,4.4
8483930,Ivan Ivan,COL,C,49,57,119,138,-0.45099118942731276,-0.5925374395929541,0.6803671921108797,6.0,4.4
8484801,Macklin Celebrini,SJS,C,152,802,643,700,-0.48189415041782735,-0.5460238311118328,0.693043780734307,7.5,4.4
8484800,Berkly Catton,SEA,C,65,287,121,177,-0.5528718703976436,-0.6828177739484633,0.6545778708777714,3.1,4.4
8470638,Patrice Bergeron,BOS,C,78,533,360,234,-0.6189557199528252,-0.6932954290082035,0.6576092916160494,2.8,4.3
8476871,Tanner Pearson,BUF,L,203,510,686,746,-0.47564645039962394,-0.5384423032242744,0.6990112715401738,7.8,4.3
8475760,Nick Bjugstad,NJD,C,281,860,1167,1202,-0.5724508050089445,-0.6174449270513718,0.676126766962816,5.2,4.3
8478439,Travis Konecny,PHI,R,295,1489,1176,1318,-0.4796345641416064,-0.5280709942042799,0.7033885402972535,8.1,4.3
8476872,Scott Laughton,LAK,C,303,906,1343,1217,-0.5126841668395933,-0.5569170604450967,0.6957642965975517,7.2,4.3
8482110,Dawson Mercer,NJD,C,328,1282,1379,1392,-0.5160676193316054,-0.55960138729004,0.6924785268788055,7.1,4.3
8480028,Morgan Frost,CGY,C,314,1461,853,1221,-0.4714856816513013,-0.5283452275435843,0.7029833365543778,8.1,4.3
8481596,Shane Pinto,OTT,C,265,900,1295,1179,-0.5341393641712096,-0.578297914421395,0.6905075084110716,6.5,4.3
8474573,Josh Bailey,NYI,R,64,242,172,218,-0.6040007768498739,-0.7092693947324042,0.6529071607797935,2.2,4.3
8481641,Joel Kiviranta,COL,L,255,498,819,884,-0.47769647360370415,-0.535159546611521,0.7021411523001407,7.9,4.3
8482660,Kent Johnson,CBJ,C,265,1005,824,924,-0.533059988179669,-0.5881094457532048,0.6847907098777534,6.2,4.3
8477494,Jonathan Drouin,STL,L,244,1101,819,1026,-0.45439675987226424,-0.5130980194572159,0.7067449570968014,8.6,4.3
8480205,Emil Bemstrom,PIT,R,125,382,325,360,-0.5514146341463415,-0.6351451591180934,0.6733453524886928,4.6,4.3
8479591,Michael Eyssimont,BOS,C,268,697,830,1030,-0.49925966334164595,-0.5554354468973705,0.6965879553035403,7.2,4.3
8482691,Aatu Räty,VAN,C,113,360,414,295,-0.5933108487914558,-0.6650303520072315,0.663984702845288,3.7,4.3
8473563,Nicklas Backstrom,WSH,C,47,197,174,205,-0.5502912621359223,-0.6614235587008492,0.6665311342296106,3.8,4.3
8482146,Luke Evangelista,NSH,R,252,1000,712,925,-0.46178128523111606,-0.5241703403475098,0.7056520480069732,8.2,4.3
8481754,Nikita Nesterenko,ANA,C,61,155,205,220,-0.5514763318231527,-0.6541273699286309,0.6660355699043036,4.0,4.3
8482451,Mikael Pyyhtia,CBJ,L,71,193,259,196,-0.4450522732798443,-0.5464924744888289,0.6994474904253494,7.5,4.3
8484153,Leo Carlsson,ANA,C,200,829,677,841,-0.5151712281027833,-0.5764346827632216,0.6888168088160387,6.5,4.3
8482476,Emil Heineman,NYI,L,148,462,502,554,-0.5024217585692996,-0.5735332295907734,0.691878778873828,6.6,4.3
8483609,Adam Klapka,CGY,R,115,254,273,309,-0.4255738465105494,-0.5255229413764974,0.704732602167906,8.2,4.3
8481655,Cole Schwindt,FLA,R,76,152,144,253,-0.5154565061107117,-0.6403259670603616,0.6701819881855058,4.5,4.3
8484227,Will Smith,SJS,C,143,660,517,580,-0.493212382643999,-0.5639785837147329,0.6932855381329478,6.9,4.3
8482726,Samuel Helenius,LAK,C,102,155,186,260,-0.37811801135386197,-0.49997713740508015,0.712169323384365,9.0,4.3
8483733,Nikita Grebenkin,PHI,R,62,138,184,224,-0.5032967032967033,-0.6164841251450798,0.6788841234055876,5.2,4.3
8480880,Jakub Lauko,BOS,C,139,177,444,502,-0.4796191609639988,-0.5557427314118852,0.6971759334080538,7.2,4.2
8481656,Aliaksei Protas,WSH,C,288,1021,1167,1120,-0.5024990888738481,-0.5502458353836508,0.7006871827571814,7.4,4.2
8480144,David Kampf,WSH,C,259,466,1079,875,-0.5126535851824684,-0.5618072835586831,0.6965406331847344,7.0,4.2
8480003,Jesper Boqvist,FLA,C,268,822,767,932,-0.4906013401792708,-0.5494041688281365,0.7009720923373873,7.4,4.2
8480015,Owen Tippett,PHI,R,313,1422,1189,1337,-0.4833319291150616,-0.531399403820039,0.707408070967186,8.0,4.2
8480064,Josh Norris,BUF,C,158,646,733,746,-0.5700355079760454,-0.626167973091987,0.6784479923753532,4.9,4.2
8482175,JJ Peterka,UTA,R,317,1322,1080,1260,-0.48449731175307126,-0.5347100227035568,0.7046917886474443,7.9,4.2
8475754,Brock Nelson,COL,C,324,1523,1299,1342,-0.5219980069755854,-0.5667330170038073,0.6966866183695766,6.9,4.2
8475158,Ryan O'Reilly,NSH,C,294,1417,1273,1334,-0.536094797567694,-0.5807214849178717,0.6920776050627917,6.4,4.2
8481582,Nicholas Robertson,TOR,L,218,652,571,691,-0.4783157135992312,-0.5467348925100114,0.7020810125378699,7.5,4.2
8473544,Derick Brassard,OTT,C,62,156,216,208,-0.5787240985478871,-0.676812582573915,0.6637038539263572,3.3,4.2
8480008,Adam Ruzicka,UTA,C,86,230,210,239,-0.6042743881420201,-0.7003414763800344,0.6595726707802299,2.5,4.2
8480007,Jonas Rondbjerg,VGK,R,50,91,123,168,-0.4986353711790392,-0.6348983747164282,0.6780113910619949,4.6,4.2
8483431,Logan Cooley,UTA,C,210,859,710,730,-0.47859714628617145,-0.5402977017246606,0.7031697489741214,7.7,4.2
8471817,Ryan Reaves,SJS,R,207,304,490,556,-0.46405315614617937,-0.538400792182457,0.7076669446903505,7.8,4.1
8476448,William Karlsson,VGK,C,220,926,823,781,-0.5109616626771534,-0.5671058333128505,0.6995164433832224,6.8,4.1
8476346,Johnny Gaudreau,CBJ,L,161,770,741,737,-0.5098090998264544,-0.5689814968294908,0.6986218181188518,6.8,4.1
8479339,Patrik Laine,MTL,L,130,556,359,443,-0.5056773992844921,-0.5889731537835259,0.6917791212478621,6.1,4.1
8481618,Alex Newhook,MTL,C,261,947,830,894,-0.53241036830819,-0.5872257878522982,0.6942019290527652,6.2,4.1
8476913,Devin Shore,MIN,C,123,255,292,315,-0.46698113207547165,-0.5610063325651358,0.7009878227470987,7.0,4.1
8477425,Miles Wood,CBJ,L,241,622,945,831,-0.5086003854114624,-0.5612401454900202,0.701021005655144,7.0,4.1
8476292,Ondrej Palat,NYI,L,277,1042,921,1115,-0.5075404631259275,-0.5607834355972985,0.7011695748055883,7.0,4.1
8474037,James van Riemsdyk,DET,L,275,858,865,882,-0.5255974031053228,-0.5797070720833614,0.6946830609166297,6.4,4.1
8481068,Yegor Sharangovich,CGY,C,307,1264,990,1068,-0.486320907617504,-0.5386738392430542,0.7080739728201965,7.8,4.1
8481522,Peyton Krebs,BUF,C,317,1003,1191,1202,-0.49279515084722414,-0.5403367706111051,0.7063813537481867,7.7,4.1
8479999,Casey Mittelstadt,BOS,C,314,1308,1245,1186,-0.532723572251784,-0.5779022129747113,0.6955691449909601,6.5,4.1
8479420,Tage Thompson,BUF,R,306,1612,1175,1478,-0.4957450358751878,-0.5435861181364564,0.7052310999841367,7.6,4.1
8476897,Oskar Sundqvist,STL,C,257,572,940,824,-0.5103418836586596,-0.5629102689962892,0.6989687792821715,7.0,4.1
8474040,Sam Gagner,EDM,C,76,222,183,193,-0.528023097826087,-0.639320593631163,0.6776915852833505,4.5,4.1
8476994,Vinnie Hinostroza,FLA,C,143,352,475,458,-0.49989948401795886,-0.5731426301062181,0.697072606600597,6.6,4.1
8480853,Liam Foudy,NYI,C,78,196,254,260,-0.5039397859578971,-0.6020413847058388,0.6899017548192842,5.7,4.1
8479994,Jaret Anderson-Dolan,WPG,C,84,246,191,255,-0.4588470509830057,-0.5747005269405215,0.6983845527891779,6.6,4.1
8476469,Joel Armia,LAK,R,256,660,881,934,-0.5166789177080051,-0.5705441900054096,0.6968168314261415,6.7,4.1
8480845,Rasmus Kupari,WPG,C,153,316,397,408,-0.5092701456091164,-0.5884374544927409,0.6917247955917918,6.2,4.1
8479580,Dylan Gambrell,OTT,C,60,65,150,187,-0.5855416085541609,-0.6995712513703812,0.6621845971087909,2.6,4.1
8480835,Jack Drury,COL,C,265,877,812,909,-0.4815227165674646,-0.5390850774537648,0.7092073156151635,7.7,4.1
8481422,Jake Lucchini,NSH,C,54,59,120,131,-0.461049723756906,-0.6034688990946231,0.6886423891966007,5.7,4.1
8482713,Mackie Samoskevich,FLA,R,156,584,458,602,-0.43290862759373866,-0.511155441246586,0.715718771559553,8.7,4.1
8481716,Dmitri Voronkov,CBJ,L,211,1024,691,875,-0.4874015748031496,-0.5493899801703301,0.7051865872070674,7.4,4.1
8481703,Valtteri Puustinen,PIT,R,65,141,155,200,-0.5391140433553252,-0.6572604145351204,0.6756022553158989,3.9,4.1
8484762,Beckett Sennecke,ANA,R,81,372,294,381,-0.4388150319271433,-0.535258254851299,0.7081308368855946,7.9,4.1
8474564,Steven Stamkos,NSH,C,323,1586,1272,1289,-0.4794959145513691,-0.5261535131377897,0.7147014560011831,8.2,4.0
8478458,Jack Roslovic,EDM,C,285,1235,917,1072,-0.519494597066495,-0.5723450990186719,0.7031474764284857,6.7,4.0
8482475,Egor Chinakhov,PIT,R,185,742,585,743,-0.5263157894736843,-0.5915350486643791,0.6948591599662781,6.1,4.0
8474641,Adam Henrique,EDM,C,289,935,1191,1075,-0.528785947802959,-0.5750660902493835,0.7012601349900189,6.6,4.0
8480901,Karson Kuhlman,WPG,C,47,126,132,146,-0.5589155370177268,-0.6833620976126211,0.6690138289953254,3.1,4.0
8470604,Jeff Carter,PIT,C,151,232,823,411,-0.5759769114480737,-0.6290123634288431,0.6871073866710158,4.8,4.0
8475763,Kevin Hayes,PIT,C,252,874,970,807,-0.5106648246116521,-0.5625164757321496,0.7051469062822294,7.0,4.0
8478211,Dryden Hunt,CGY,L,73,170,164,179,-0.48788994380933925,-0.609100982532261,0.6918935860803708,5.5,4.0
8478495,Denis Gurianov,PHI,R,84,253,288,343,-0.542693610559514,-0.6320993292278496,0.6843709237337913,4.7,4.0
8477573,Nathan Walker,STL,L,219,369,652,814,-0.493032893032893,-0.5560191687973836,0.7061748608014574,7.2,4.0
8479359,Beck Malenstyn,BUF,L,247,269,1065,860,-0.46906087162482235,-0.5201270220379828,0.7149414239445228,8.4,4.0
8480893,Kirill Marchenko,CBJ,R,292,1500,1101,1304,-0.49979354199355847,-0.548949519861925,0.7092325062686305,7.4,4.0
8483397,Marc McLaughlin,NJD,C,24,44,78,68,-0.4676593764541648,-0.6371092753907945,0.681719652091578,4.6,4.0
8477407,Anthony Duclair,NYI,L,199,820,781,831,-0.5553960479648709,-0.610787460255324,0.6890538147989603,5.4,4.0
8482118,Sam Colangelo,ANA,R,44,134,156,130,-0.440421052631579,-0.5677945356044773,0.7042583837516673,6.8,4.0
8483471,Brad Lambert,WPG,C,30,62,53,72,-0.5690954773869347,-0.7471948185318598,0.652360413831843,1.0,4.0
8484221,Calum Ritchie,NYI,C,72,246,165,244,-0.5111587982832618,-0.6292726313061476,0.6847996037592575,4.8,4.0
8483447,Conor Geekie,TBL,C,66,192,205,264,-0.35273122284295466,-0.47152964803791764,0.7288037280172511,9.9,4.0
8484387,Matvei Michkov,PHI,R,161,724,418,565,-0.49543453448556996,-0.5734468681112639,0.6998571700630787,6.6,4.0
8483573,Ethen Frank,WSH,C,86,178,280,264,-0.4184570856061449,-0.5181499505036906,0.7189151122678581,8.4,4.0
8483455,Isaac Howard,EDM,L,29,71,53,69,-0.4803975704030922,-0.6777149556099049,0.6707941787672748,3.3,4.0
8482947,Zakhar Bardakov,COL,C,59,104,109,111,-0.49027011327330816,-0.6345274372699082,0.6825964196654548,4.7,4.0
8484994,Igor Chernyshov,SJS,L,27,131,95,118,-0.4027919645897174,-0.5680559714776475,0.701844650482846,6.8,4.0
8478508,Yakov Trenin,MIN,C,311,721,1218,1101,-0.45828044136314816,-0.5064469676209218,0.7236978677102208,8.8,3.9
8473986,Alex Killorn,ANA,L,308,1155,1196,1213,-0.5132082161943115,-0.5600237527128692,0.7108274709474613,7.1,3.9
8480113,Alex Iafallo,WPG,L,302,1022,934,1080,-0.4981140664628992,-0.5515028332057725,0.7120468718744237,7.3,3.9
8477903,Garnet Hathaway,PHI,R,299,553,1113,1095,-0.4845151867417806,-0.5339301333180584,0.7148898508014672,7.9,3.9
8475791,Taylor Hall,CAR,L,228,949,709,868,-0.45363349503131917,-0.5163246020868535,0.721031721094137,8.5,3.9
8475745,Charlie Coyle,CBJ,C,329,1068,1694,1317,-0.5039077037588389,-0.5437012601414386,0.7123647359101591,7.6,3.9
8479671,Mathieu Olivier,CBJ,R,263,704,1156,1040,-0.4596573126094107,-0.5090439650309382,0.7240181217009388,8.7,3.9
8475722,Jason Zucker,BUF,L,282,1103,952,996,-0.49323896049017535,-0.5461990802179072,0.7125208492550763,7.5,3.9
8481528,Dylan Cozens,OTT,C,324,1295,1211,1321,-0.5217146985630569,-0.5678368538240264,0.7076822521240582,6.8,3.9
8480801,Brady Tkachuk,OTT,L,295,1549,1148,1545,-0.5332213275851138,-0.5801842974097392,0.7031396001392739,6.4,3.9
8475794,Tyler Seguin,DAL,C,191,821,771,753,-0.5280530973451327,-0.5851309601879203,0.7025221084170835,6.3,3.9
8477446,Michael McCarron,MIN,R,255,423,1150,996,-0.4686823737389131,-0.5177720041770577,0.722760590188451,8.4,3.9
8479968,Vinni Lettieri,BOS,C,73,132,225,201,-0.4941667866916319,-0.5981687962721639,0.6965805399472879,5.8,3.9
8484166,Adam Fantilli,CBJ,C,213,1077,653,899,-0.48350756599360345,-0.5473321443502536,0.7121228275926708,7.5,3.9
8479996,Cody Glass,NJD,C,248,852,868,906,-0.5256303159173754,-0.579551641908436,0.7074121973913416,6.4,3.8
8474034,Patrick Maroon,CHI,L,199,483,570,660,-0.44695093026933014,-0.517034005271905,0.723353477310365,8.5,3.8
8481481,Blake Lizotte,PIT,C,257,586,941,807,-0.48898831200360693,-0.5424045232110657,0.7192158894090045,7.6,3.8
8477015,Connor Brown,NJD,R,232,664,742,855,-0.44430645036094085,-0.5060047984167417,0.7283396613726686,8.8,3.8
8471214,Alex Ovechkin,WSH,L,299,1834,523,1199,-0.5890520162093935,-0.6536982282882711,0.6865184349223341,4.0,3.8
8476981,Josh Anderson,MTL,R,300,847,1195,1279,-0.4732435106949837,-0.5214375863126215,0.7245549311828059,8.3,3.8
8478133,Jake Evans,MTL,C,286,661,1327,1135,-0.48807057920981967,-0.533361555426166,0.721543008897863,7.9,3.8
8476826,Yanni Gourde,TBL,C,300,1064,1219,1383,-0.4361669944032672,-0.4850934685231793,0.7352027449162081,9.5,3.8
8480185,Eetu Luostarinen,FLA,C,317,1319,1097,1397,-0.4940957294353683,-0.5436210099824512,0.7159618811740853,7.6,3.8
8478233,Andrew Mangiapane,CHI,L,300,1115,1096,1203,-0.5134545245685076,-0.5622129324905928,0.7134227932251911,7.0,3.8
8478398,Kyle Connor,WPG,L,310,1879,1085,1207,-0.48108582339887496,-0.5313825067745737,0.7225412472955021,8.0,3.8
8476392,Adam Lowry,WPG,C,305,826,1570,1456,-0.539585398439857,-0.5797736895094093,0.7083093837373616,6.4,3.8
8471218,Blake Wheeler,NYR,R,126,565,410,422,-0.5587101009272175,-0.6334891185418002,0.6913254249588046,4.7,3.8
8479400,Pierre-Luc Dubois,WSH,L,266,1188,1067,1042,-0.5002517399674219,-0.5501237137600066,0.7153557681184537,7.4,3.8
8480002,Nico Hischier,NJD,C,309,1542,1647,1694,-0.5368071593533488,-0.5761648433049944,0.7089188245984214,6.5,3.8
8480995,Pontus Holmberg,TBL,R,229,605,738,846,-0.4061991608870622,-0.4694666436306455,0.7385867584111315,10.0,3.8
8481577,Philip Tomasino,PIT,C,142,454,379,453,-0.49598133264194977,-0.5776398657597241,0.7090780900383205,6.5,3.8
8484145,Zach Benson,BUF,L,211,729,709,786,-0.4635047602486633,-0.5258242608050672,0.7218135416862282,8.2,3.8
8476461,Sean Couturier,PHI,C,231,964,1060,948,-0.5056262387315389,-0.5555568283765773,0.7134541940982306,7.2,3.8
8482074,Connor Zary,CGY,C,191,793,599,741,-0.4621968616262482,-0.52974853371067,0.7198252651369931,8.0,3.8
8481133,Cole Reinhardt,FLA,L,76,149,194,229,-0.544047619047619,-0.6500435124563994,0.6884777706258489,4.2,3.8
8482103,Ozzy Wiesblatt,NSH,C,44,61,173,147,-0.4948732830334688,-0.6118743265713987,0.6986362692725661,5.4,3.8
8482090,Jack Finley,STL,C,44,86,164,131,-0.5820710206108766,-0.692420226298264,0.6750767141832893,2.8,3.8
8484142,Denver Barkey,PHI,C,43,133,139,160,-0.45799457994579945,-0.5919146455983162,0.7038090898365462,6.0,3.8
8476374,Sean Kuraly,BOS,C,297,559,1305,997,-0.484611516218255,-0.5304311552730909,0.7244847353244851,8.0,3.7
8478047,Michael Bunting,DAL,L,313,1381,884,1165,-0.49842140870480345,-0.5531564126218474,0.7186669409673334,7.3,3.7
8475166,John Tavares,TOR,C,317,1503,1376,1303,-0.510432416087088,-0.5542434838192313,0.7162825153811667,7.3,3.7
8476310,Lukas Sedlak,PHI,C,30,69,80,93,-0.5884387351778656,-0.7354183130112597,0.6651388622707786,1.4,3.7
8479344,Jesse Puljujarvi,FLA,R,128,413,392,452,-0.49110169491525424,-0.5720765547311958,0.7123879938556691,6.7,3.7
8477404,Jake Guentzel,TBL,L,306,1800,1186,1538,-0.5105094813799407,-0.5575728878299753,0.7176007364012131,7.1,3.7
8480797,Joel Farabee,CGY,L,326,1375,1167,1251,-0.49445160567169194,-0.5424990549004802,0.7206215473781054,7.6,3.7
8475287,Erik Haula,NSH,L,306,1222,1253,1194,-0.537205642668465,-0.5820479007112194,0.7094352812978437,6.4,3.7
8477949,Alex Tuch,BUF,R,310,1540,1237,1466,-0.5141842119011546,-0.5602238883683901,0.717028606128951,7.1,3.7
8480980,Connor Dewar,PIT,C,281,421,1031,797,-0.4718563248959669,-0.5237141295234364,0.7253501166267868,8.2,3.7
8476822,Luke Glendening,PHI,C,298,647,1195,912,-0.5547629462633332,-0.5999135329003861,0.7045780299888955,5.8,3.7
8470595,Eric Staal,FLA,C,72,240,271,260,-0.564073936236199,-0.6539619416800745,0.6890905319087863,4.0,3.7
8478438,Tommy Novak,PIT,C,258,1001,525,851,-0.46765168186105,-0.5394435772424204,0.723908809499971,7.7,3.7
8482259,Bobby McMann,SEA,C,217,740,857,811,-0.5139782600792526,-0.5687004817913857,0.714915105802154,6.8,3.7
8479533,Joona Koppanen,PIT,L,33,37,153,96,-0.5051674245556015,-0.6264972215038906,0.697819881751276,4.9,3.7
8483424,Owen Beck,MTL,C,28,83,62,69,-0.4385882352941176,-0.629349209671968,0.6952369726762602,4.8,3.7
8482070,Mitchell Chaffee,TBL,R,107,293,316,391,-0.4747506234413965,-0.5641155351161687,0.7146779365778683,6.9,3.7
8483487,Rutger McGroarty,PIT,R,32,119,71,114,-0.6338797814207651,-0.7785015316450546,0.6550774588278798,0.0,3.7
8484509,Josh Samanski,EDM,C,23,62,55,72,-0.4938846825859057,-0.6857117106812117,0.6818339615219544,3.0,3.7
8479661,Tanner Jeannot,BOS,L,275,717,877,998,-0.4557536584480192,-0.5122219903315648,0.7345481738072007,8.6,3.6
8480009,Eeli Tolvanen,SEA,R,300,1058,1164,1149,-0.4876384168402587,-0.5360303274742645,0.7263077904097553,7.8,3.6
8478401,Pavel Zacha,BOS,C,320,1418,1171,1063,-0.5190397575035861,-0.5661025080766519,0.7202021306482618,6.9,3.6
8480829,Jesperi Kotkaniemi,CAR,C,281,1218,802,1066,-0.4417094158530531,-0.501389040034137,0.7379408089134516,9.0,3.6
8479318,Auston Matthews,TOR,C,282,1567,1118,1427,-0.4601192798617691,-0.510310026485078,0.7345999198518943,8.7,3.6
8477497,Sean Monahan,CBJ,C,240,1042,1112,981,-0.5185780525502318,-0.5668685298672733,0.7185044649488601,6.8,3.6
8479944,Zachary Aston-Reese,CBJ,C,186,387,658,598,-0.5050571791613723,-0.5672678906906523,0.716990493981171,6.8,3.6
8481617,Vasily Podkolzin,EDM,R,221,863,657,862,-0.47700042287271527,-0.5407752617699223,0.7240769572729931,7.7,3.6
8476326,Josh Archibald,PIT,R,62,73,185,152,-0.4868975627634231,-0.6018505510447693,0.7093559177731084,5.7,3.6
8480220,Noah Cates,PHI,L,301,1040,1276,1366,-0.5640403925148334,-0.6074074321125643,0.7069516829176744,5.5,3.6
8473449,Kyle Okposo,FLA,R,142,461,534,525,-0.523082223242995,-0.5913892446151328,0.7111049211111008,6.1,3.6
8473512,Claude Giroux,OTT,R,327,1558,1410,1399,-0.5463825443409468,-0.5884663527010274,0.7115441305141694,6.1,3.6
8477409,Carter Verhaeghe,FLA,C,315,1488,1209,1390,-0.481884621365262,-0.5296023515714121,0.7293892566157197,8.1,3.6
8476399,Blake Coleman,CGY,C,310,1249,1643,1443,-0.4732242797949845,-0.5144974213093509,0.734942982554514,8.5,3.6
8479423,Alex Nylander,TOR,L,42,176,144,145,-0.523747560182173,-0.6480763892038062,0.6958119477345327,4.2,3.6
8482088,Justin Sourdif,WSH,R,82,224,350,306,-0.49402282195254477,-0.5792528709408064,0.7158919007324486,6.4,3.6
8482201,Gage Goncalves,TBL,C,136,459,369,488,-0.46867428175839393,-0.552394616370465,0.7206294575264666,7.3,3.6
8475958,Michael Sgarbossa,WSH,C,28,46,80,84,-0.38345031400073887,-0.5638167277076582,0.7176389433200022,6.9,3.6
8482702,Logan Stankoven,CAR,C,183,781,603,703,-0.4710526315789474,-0.5377830871094503,0.7255228184943638,7.8,3.6
8482177,Marat Khusnutdinov,BOS,C,168,496,544,569,-0.48885991941218304,-0.5576651714105367,0.720366999190499,7.1,3.6
8482775,Oliver Kapanen,MTL,C,100,331,257,306,-0.48962194217939214,-0.5881760251669544,0.7121482837529598,6.2,3.6
8482874,Jacob Melanson,SEA,R,37,40,82,126,-0.43965517241379315,-0.6099673031287696,0.7043445775153352,5.5,3.6
8483516,Jimmy Snuggerud,STL,R,76,322,285,283,-0.4094823004145849,-0.5092324653145258,0.7355160211213458,8.7,3.6
8485402,Michael Misa,SJS,C,44,131,141,126,-0.5142520612485276,-0.6408732524985672,0.6986981567266562,4.5,3.6
8479525,Ross Colton,COL,C,294,939,1109,1137,-0.4760225026607876,-0.5259222378730815,0.7347660437399545,8.2,3.5
8475343,Nic Dowd,VGK,C,286,354,1710,1079,-0.46294835336207696,-0.5036813089635731,0.7391740424562677,8.9,3.5
8475714,Calle Jarnkrok,TOR,C,200,541,723,664,-0.5211481035789098,-0.58034607191227,0.7199527266622088,6.4,3.5
8477503,Max Domi,TOR,C,314,1322,1086,1207,-0.5552573121066271,-0.6025100643600922,0.7133365575609111,5.7,3.5
8478109,Victor Olofsson,CGY,L,260,919,793,843,-0.5487795604896966,-0.6040835483007184,0.7111610814999789,5.6,3.5
8476438,Brandon Saad,VGK,L,274,1031,1081,1052,-0.511573808156232,-0.5608005379920041,0.7232188583978805,7.0,3.5
8475765,Vladimir Tarasenko,MIN,R,300,1275,1237,1330,-0.5394288852278968,-0.5844983909087961,0.7168658066409712,6.3,3.5
8480468,James Hamblin,EDM,L,41,80,88,88,-0.5180055401662049,-0.6724224904664218,0.6940421013732315,3.4,3.5
8482679,Matt Coronato,CGY,R,191,869,864,762,-0.46309228805286473,-0.5196489300453127,0.7362457653923106,8.4,3.5
8481028,Martin Pospisil,CGY,C,166,814,518,722,-0.5130386663899841,-0.5822944779641819,0.7178746079504982,6.3,3.5
8482153,Brendan Brisson,NYR,C,27,58,67,114,-0.459636024265049,-0.6426288342447625,0.7010466288714348,4.4,3.5
8483432,Luca Del Bel Belluz,CBJ,C,30,83,96,76,-0.576896551724138,-0.7147146435505132,0.6793471954503997,2.1,3.5
8484164,Dalibor Dvorsky,STL,C,72,273,206,246,-0.5461930551130934,-0.6497578766441297,0.7005266733900284,4.2,3.5
8484984,Ivan Demidov,MTL,R,84,296,191,255,-0.47194837784549204,-0.5866169757188169,0.7155999736349207,6.2,3.5
8481721,Arseny Gritsyuk,NJD,R,66,247,229,272,-0.47357723577235766,-0.5788380688714971,0.7183626854209826,6.5,3.5
8477996,Juho Lammikko,NJD,C,24,59,56,73,-0.46054181389870436,-0.6573677099021088,0.6963629630201729,3.9,3.5
8476905,Chandler Stephenson,SEA,C,313,1410,1657,1194,-0.5151440250974428,-0.5551156711690629,0.7289606920262844,7.2,3.4
8479353,Brett Howden,VGK,C,265,892,948,1108,-0.4467552077971104,-0.5016444207337826,0.7443096769144295,9.0,3.4
8479941,Justin Danforth,BUF,R,142,435,573,518,-0.4691260825553931,-0.5377405336502575,0.7351773857689796,7.8,3.4
8475848,Brendan Gallagher,MTL,R,273,773,912,1077,-0.5027816177214337,-0.5564280789132436,0.7300475091918309,7.2,3.4
8478843,Denis Malgin,COL,C,65,173,180,190,-0.5457475380483437,-0.6556949006557286,0.7010005300675437,4.0,3.4
8477501,Valeri Nichushkin,COL,R,221,1113,935,986,-0.4837474768566854,-0.5376649130908542,0.7341922501175193,7.8,3.4
8479335,Rasmus Asplund,FLA,C,52,99,184,154,-0.5919549743419964,-0.695560145808397,0.6907347495804564,2.7,3.4
8476456,Jonathan Huberdeau,CGY,C,291,1753,1054,1390,-0.5363434686154247,-0.585101738506886,0.721248183957519,6.3,3.4
8476460,Mark Scheifele,WPG,C,318,1951,1180,1200,-0.49649308224442734,-0.5442525998005066,0.7304293751583314,7.6,3.4
8482089,Jake Neighbours,STL,L,270,1016,928,984,-0.48772487137875076,-0.5415488620458706,0.73218025830942,7.7,3.4
8481704,Juuso Parssinen,NYR,C,157,447,462,566,-0.5357556456282571,-0.6078269398292627,0.7133085553751126,5.5,3.4
8477993,Justin Kirkland,CGY,C,50,84,152,115,-0.4782833505687694,-0.6033223599595565,0.7165591050897963,5.7,3.4
8481592,Jakob Pelletier,TBL,L,91,308,242,302,-0.5135210482297184,-0.6120114030025953,0.7128594425477908,5.4,3.4
8481042,Nikolai Kovalenko,SJS,R,58,170,195,189,-0.48477070499657765,-0.5944246984552068,0.7173571023361895,6.0,3.4
8479022,Rodrigo Abols,PHI,C,64,143,144,186,-0.5166778598612044,-0.6410890903979809,0.704805014689683,4.4,3.4
8485512,Tim Washe,ANA,C,40,82,173,108,-0.5257871354066062,-0.6398736072006479,0.7066184407379682,4.5,3.4
8484160,Nate Danielson,DET,C,28,66,73,94,-0.45892473118279575,-0.6357051555895243,0.7081147795839934,4.6,3.4
8480014,Gabriel Vilardi,WPG,C,262,1332,796,996,-0.49160706466209314,-0.5495339995494469,0.7351222394442785,7.4,3.3
8478420,Mikko Rantanen,DAL,R,308,2216,1354,1617,-0.48427317853530005,-0.5293433568160603,0.7405944740286791,8.1,3.3
8477933,Sam Reinhart,FLA,C,307,1386,1283,1367,-0.48847272998582403,-0.5346344263965443,0.7376777799490187,7.9,3.3
8477940,Nikolaj Ehlers,CAR,L,278,1375,877,1021,-0.5104732350659427,-0.564955172417192,0.7293601763872483,6.9,3.3
8478477,Mitchell Stephens,SEA,C,51,90,99,94,-0.5981635330126803,-0.7311245864294262,0.6839136509925723,1.5,3.3
8484186,Ryan Leonard,WSH,R,84,233,283,336,-0.4986201567501932,-0.5920851550743593,0.72107147285754,6.0,3.3
8484388,Daniil But,UTA,L,29,101,70,83,-0.5254848894903021,-0.693041829878877,0.6942837462658608,2.8,3.3
8476453,Nikita Kucherov,TBL,R,317,1835,1165,1281,-0.47935228945533426,-0.5279562911528921,0.7434293195797801,8.1,3.2
8477416,Oliver Bjorkstrand,TBL,R,322,1130,1013,1233,-0.49516762307459977,-0.5466030960295646,0.7409413445326736,7.5,3.2
8479407,Jesper Bratt,NJD,L,327,1684,1088,1471,-0.5108561177780527,-0.5599806821010883,0.7345368403492272,7.1,3.2
8480245,Olle Lycksell,OTT,R,52,131,105,141,-0.5226490066225166,-0.6641436960549432,0.7062492455917982,3.7,3.2
8479977,Kailer Yamamoto,UTA,R,187,564,550,652,-0.4771840450899632,-0.5470082586523648,0.7385819767772236,7.5,3.2
8478409,Anthony Richard,PHI,C,38,98,99,118,-0.53125,-0.6750037115522074,0.7024780213832189,3.3,3.2
8479546,Oskar Steen,BOS,C,37,40,107,131,-0.5105132962275819,-0.6537168603859653,0.7079991777656035,4.0,3.2
8475793,Ryan Johansen,COL,C,118,418,430,402,-0.5624509033778476,-0.6353226964146298,0.7189659552898489,4.6,3.1
8471685,Anze Kopitar,LAK,C,310,1418,1375,1325,-0.49160458387442185,-0.5361168234710914,0.7461435326371498,7.8,3.1
8477939,William Nylander,TOR,R,311,1707,1203,1410,-0.5171864804906694,-0.5636320942876,0.7381638139317228,7.0,3.1
8477492,Nathan MacKinnon,COL,C,312,2513,1354,1796,-0.46695168460174413,-0.5125946313207238,0.7520845549892853,8.6,3.1
8475784,Jeff Skinner,SJS,L,257,1124,765,990,-0.5472,-0.6035141802949755,0.7254531051612336,5.7,3.1
8482113,Anton Lundell,FLA,C,294,1222,1019,1219,-0.5010987590486039,-0.5520971237153981,0.7394520145297545,7.3,3.1
8475170,Brayden Schenn,NYI,C,326,1358,1425,1314,-0.4897259480621771,-0.5334803361084011,0.7460342509660183,7.9,3.1
8478413,Jordan Greenway,BUF,L,203,675,826,816,-0.5092893182618219,-0.5653828710894326,0.7388575038621168,6.9,3.1
8477406,Mattias Janmark,EDM,C,260,644,857,957,-0.5011284255776464,-0.556446698687419,0.7405781330132952,7.2,3.1
8481604,Pavel Dorofeyev,VGK,L,230,1099,749,790,-0.5260180094031397,-0.5840412484233133,0.7326249670735422,6.3,3.1
8475278,Byron Froese,VGK,C,25,31,66,80,-0.5078895463510849,-0.6833136227533969,0.7045046838480901,3.1,3.1
8481077,John Leonard,DET,L,23,63,70,56,-0.609538002980626,-0.7612216352350887,0.6824754663584018,0.6,3.1
8483489,Fraser Minten,BOS,C,107,345,317,439,-0.5082034877721597,-0.5960587283984243,0.7277009336720198,5.9,3.1
8483505,Matthew Poitras,BOS,C,69,240,153,221,-0.5461711711711712,-0.662659009968775,0.7106001792669364,3.7,3.1
8483491,Ivan Miroshnichenko,WSH,L,52,126,132,150,-0.5258620689655172,-0.6535444449822663,0.7117106838770306,4.0,3.1
8484149,Gavin Brindley,COL,C,57,133,133,151,-0.5466863759546687,-0.6723328254208671,0.7085582530832698,3.4,3.1
8480259,Ben Jones,MIN,C,54,65,166,125,-0.5366048274486335,-0.6512905772373836,0.711811521362468,4.1,3.1
8476925,Colton Sissons,VGK,C,301,707,1334,1243,-0.5105638300590144,-0.5550061708918254,0.745142734317869,7.2,3.0
8481560,Arthur Kaliyev,OTT,R,123,398,284,355,-0.5389194139194139,-0.6291902004073332,0.7228560151153147,4.8,3.0
8478434,Keegan Kolesar,VGK,R,318,714,1116,1484,-0.45257206468244665,-0.5031155649841187,0.7575831795881544,8.9,3.0
8478462,Nicolas Roy,COL,C,279,718,1130,1219,-0.47099941749188645,-0.520624676915274,0.7536240251709497,8.3,3.0
8477942,Kevin Fiala,LAK,L,288,1249,1102,1196,-0.4704909140222403,-0.5206955158908395,0.7532836191378903,8.3,3.0
8480830,Andrei Svechnikov,CAR,R,274,1425,1011,1098,-0.4780584215462951,-0.5301428295690973,0.7505090285888086,8.0,3.0
8477989,Christian Dvorak,PHI,C,256,846,1175,1018,-0.5456542013899335,-0.5915157708307034,0.7343434603645048,6.1,3.0
8478542,Evan Rodrigues,FLA,C,300,1333,1113,1192,-0.5086520675457963,-0.557309880800107,0.7430976436013266,7.2,3.0
8480802,Ryan McLeod,BUF,C,298,1006,1122,1215,-0.44366995353054517,-0.49436839010279465,0.7632039492960137,9.2,3.0
8482077,Dylan Holloway,STL,L,224,809,679,797,-0.4233583194936936,-0.48855267126567964,0.764888839223681,9.4,3.0
8476878,Zemgus Girgensons,TBL,L,299,839,1102,1216,-0.4996502681277687,-0.5487321946654858,0.7451348526687913,7.4,3.0
8482623,Josh Dunne,BUF,C,44,50,134,141,-0.49033816425120774,-0.6225585231158095,0.7238807226414569,5.0,3.0
8481093,Rafael Harvey-Pinard,PIT,L,81,212,259,281,-0.47390062821245005,-0.5734917680890614,0.7408302048939897,6.6,3.0
8483512,Matt Savoie,EDM,C,86,357,239,305,-0.49900765523107454,-0.6000912681783467,0.7313785446103646,5.8,3.0
8482749,Joshua Roy,MTL,R,38,112,97,120,-0.6083505866114561,-0.7412162412779357,0.693051044575355,1.2,3.0
8481491,Noah Philp,CAR,C,32,73,82,79,-0.4473347547974414,-0.6158511573395037,0.7255800152708454,5.3,3.0
8482062,Cole Smith,VGK,L,283,495,1135,1195,-0.48500546825533875,-0.5338939627153144,0.7523984318369754,7.9,2.9
8481523,Kirby Dach,MTL,C,154,626,472,603,-0.4481382149317034,-0.524459849149939,0.7569018123510554,8.2,2.9
8479314,Matthew Tkachuk,FLA,L,242,1235,881,1122,-0.49344742522355844,-0.5485495756099767,0.7499135207445307,7.4,2.9
8479385,Jordan Kyrou,STL,C,314,1472,1078,1235,-0.4857326816705201,-0.5359557603610461,0.752687794214074,7.8,2.9
8481532,Alex Turcotte,LAK,C,154,464,430,525,-0.47340916077466955,-0.5514727024766788,0.7490770327081141,7.3,2.9
8482634,Alex Steeves,BOS,C,54,133,156,196,-0.547142261159783,-0.6637602719627045,0.7161951898705011,3.7,2.9
8482720,Matthew Knies,TOR,L,240,1026,942,974,-0.47856154910096815,-0.5323313021048597,0.7562897029899175,8.0,2.9
8484158,Easton Cowan,TOR,R,66,220,193,227,-0.49417535254445133,-0.6062092590456948,0.7329528391337096,5.6,2.9
8477426,Nick Paul,TBL,L,289,983,1220,1189,-0.5052363733761885,-0.5517497705603834,0.7529199106782875,7.3,2.8
8477960,Adrian Kempe,LAK,C,320,1485,1375,1382,-0.4971469975545693,-0.5414708416409466,0.7562742592041907,7.7,2.8
8482093,Seth Jarvis,CAR,C,307,1512,1079,1204,-0.486717951799988,-0.5369031168344558,0.7584553194712673,7.8,2.8
8480039,Martin Necas,COL,C,316,1725,1099,1356,-0.4876892536517437,-0.5373717699695474,0.7573459196084854,7.8,2.8
8477979,Nicolas Aube-Kubel,MIN,R,141,214,713,459,-0.47264024662312903,-0.5345325264631574,0.7591160249807177,7.9,2.8
8477493,Aleksander Barkov,FLA,C,208,977,902,986,-0.4958281992606935,-0.5502263549516644,0.7520585737753489,7.4,2.8
8477935,Sam Bennett,FLA,C,284,1367,1023,1253,-0.5005142269454919,-0.551507300792219,0.7523502109922722,7.3,2.8
8479520,Brandon Duhaime,WSH,R,295,480,1240,1009,-0.49842052759920197,-0.5447840934921521,0.7561570843814592,7.6,2.8
8477944,Jakub Vrana,NSH,L,85,276,218,249,-0.5835723992148574,-0.680216985329771,0.718319260484455,3.2,2.8
8480023,Robert Thomas,STL,C,288,1465,1326,1202,-0.495311167945439,-0.540470430178839,0.7577593120360445,7.7,2.8
8477402,Pavel Buchnevich,STL,L,299,1346,1272,1226,-0.5100739165904429,-0.55561706553436,0.7515076188486429,7.2,2.8
8480844,Grigori Denisenko,VGK,L,25,51,69,86,-0.6215119228817859,-0.7715775150096573,0.6917739385663335,0.2,2.8
8476539,Jonathan Marchessault,NSH,C,298,1466,1110,1116,-0.5195975029218095,-0.5678830449456154,0.7501335885643862,6.8,2.7
8478042,Viktor Arvidsson,BOS,L,231,857,893,925,-0.4912380633271905,-0.5458592824746564,0.7563288312924342,7.5,2.7
8480762,Eric Robinson,CAR,L,268,862,926,1003,-0.46983916547465365,-0.5245222676109103,0.7637182909348145,8.2,2.7
8478483,Mitch Marner,VGK,R,311,1576,1198,1392,-0.484532641901779,-0.5322187636033819,0.7638506598195116,8.0,2.7
8482097,Jack Quinn,BUF,R,258,988,855,825,-0.503306804169936,-0.558670097678665,0.7532524558696622,7.1,2.7
8474150,Mikael Backlund,CGY,C,321,1248,1829,1480,-0.49203226092351326,-0.5306943135794886,0.763636117846666,8.0,2.7
8481550,Adam Beckman,MIN,L,20,37,58,49,-0.34050880626223096,-0.5545340084798466,0.7560669131496401,7.2,2.7
8480441,Trey Fix-Wolansky,CBJ,R,20,71,55,54,-0.5961017866811045,-0.7659657379072473,0.6948010976409844,0.4,2.7
8482896,Tyson Kozak,BUF,C,67,110,262,295,-0.5400552486187846,-0.6331655054322747,0.7350165764565099,4.7,2.7
8483756,Jared Wright,LAK,R,22,38,104,76,-0.5198209718670077,-0.6633358401816996,0.7235199882129437,3.7,2.7
8479542,Brandon Hagel,TBL,L,316,1333,1267,1426,-0.4822131624927199,-0.5287532183636335,0.7649504214215598,8.1,2.6
8470621,Corey Perry,TBL,R,288,902,646,816,-0.46965562664659394,-0.5345903843903059,0.7642750712753194,7.9,2.6
8478427,Sebastian Aho,CAR,C,311,1655,1037,1125,-0.5016659791197283,-0.5522122082242658,0.7606531240437129,7.3,2.6
8475169,Evander Kane,VAN,L,189,897,806,824,-0.4601423231742381,-0.5190631478583803,0.7692254421081952,8.4,2.6
8477962,Brendan Lemieux,CAR,L,77,182,136,210,-0.5673707210487983,-0.6889573040473125,0.7198082605254733,2.9,2.6
8480292,Carson Meyer,CBJ,R,28,57,76,66,-0.5557877141663184,-0.7129124574075796,0.7145602746992809,2.1,2.6
8482155,Alex Laferriere,LAK,R,239,954,921,993,-0.49974113830117695,-0.5533032829831612,0.7607624568794635,7.3,2.6
8483468,Jiri Kulich,BUF,C,75,333,305,301,-0.45223913523053166,-0.545436836561602,0.761149956525316,7.5,2.6
8483406,Taylor Ward,LAK,R,36,41,80,99,-0.3746788990825688,-0.5555200597070333,0.7589861942757065,7.2,2.6
8476479,Phillip Danault,MTL,C,315,1159,1321,1322,-0.4735697557711609,-0.5195035449659005,0.7727122168459383,8.4,2.5
8480074,Alexandre Texier,MTL,C,160,498,552,610,-0.5415756860430805,-0.6077173133243277,0.7482612935217597,5.5,2.5
8482737,Zachary Bolduc,MTL,C,175,483,505,588,-0.4493375858684985,-0.5233457781182901,0.7713295514211617,8.3,2.5
8483752,Dominic James,TBL,C,43,125,97,136,-0.5440281780339418,-0.6879601336098482,0.7245928290035814,2.9,2.5
8478403,Jack Eichel,VGK,C,282,1561,1083,1121,-0.45493669480231,-0.5061637733737676,0.7794690325200052,8.8,2.4
8473533,Jordan Staal,CAR,C,311,1335,1448,1637,-0.4722202187762953,-0.5161890294496536,0.7792220627484103,8.5,2.4
8476921,Jordan Martinook,CAR,L,320,1388,1428,1670,-0.47013243167089325,-0.5144585390087953,0.777986154785675,8.5,2.4
8471699,Andrew Cogliano,COL,C,154,267,522,496,-0.5687662814775232,-0.6349857763987364,0.7425822250953785,4.6,2.4
8478585,Derek Ryan,EDM,C,186,450,616,566,-0.5061547836684948,-0.5708551613333943,0.7629612966897128,6.7,2.4
8475220,Marcus Foligno,MIN,L,253,753,997,1010,-0.454070697618257,-0.5072841095070204,0.7797148980398536,8.8,2.4
8476873,Mark Jankowski,CAR,C,210,666,649,726,-0.5016960280118175,-0.564908639113102,0.7647790346885394,6.9,2.4
8479705,Jeffrey Viel,ANA,L,53,151,181,208,-0.5320295350229495,-0.6430174255049634,0.7419784131746335,4.4,2.4
8477930,Pierre-Edouard Bellemare,SEA,L,113,215,253,288,-0.462422520661157,-0.5641003012343416,0.7678649828641801,6.9,2.3
8482124,Quinton Byfield,LAK,C,292,1246,1274,1299,-0.5150497481266134,-0.560403378232272,0.7707320938548287,7.1,2.3
8477964,Ivan Barbashev,VGK,C,316,1513,1136,1281,-0.4663770405476567,-0.5160549584746963,0.7822767400318174,8.5,2.3
8476410,Josh Leivo,STL,L,51,143,148,168,-0.6711979609175871,-0.7732324791522975,0.7082669782949783,0.2,2.3
8478519,Anthony Cirelli,TBL,C,288,1104,1355,1304,-0.4884223596771598,-0.5333039122855443,0.7772011687999335,7.9,2.3
8476455,Gabriel Landeskog,COL,L,60,286,253,255,-0.507764765784114,-0.6056414335872791,0.7562386908782367,5.6,2.3
8477998,Warren Foegele,OTT,L,299,1128,1135,1243,-0.4718827805282889,-0.5213696305549328,0.7856308811493248,8.3,2.2
8483890,Braeden Bowman,VGK,R,54,234,156,191,-0.4328717639975918,-0.5623988580077846,0.7716750211429744,7.0,2.2
8478010,Brayden Point,TBL,C,303,1698,1084,1204,-0.5107456332196075,-0.5598433817822961,0.7754282343752027,7.1,2.1
8471276,David Krejci,BOS,C,70,321,223,186,-0.524529964747356,-0.6267480126936258,0.759754510908261,4.9,2.1
8478402,Connor McDavid,EDM,C,306,1898,1170,1429,-0.45283161529349497,-0.5022943382095786,0.7941661132457979,8.9,2.1
8477919,Frederick Gaudreau,SEA,C,298,953,1300,1025,-0.49588106263709486,-0.5414168527030301,0.7810269981132002,7.7,2.1
8479718,Alex Barré-Boulet,COL,C,40,106,67,119,-0.5030030030030029,-0.6786095125475614,0.7431014091621323,3.2,2.1
8474715,Cam Atkinson,TBL,R,109,376,310,363,-0.5587484035759898,-0.643633748883871,0.7512671914886411,4.4,2.1
8482809,Jackson Blake,CAR,R,162,716,405,609,-0.45601677148846964,-0.5369899948384556,0.7835218415404724,7.8,2.1
8483553,Marc Gatcomb,NYI,C,88,243,203,317,-0.43466322080439346,-0.5490725489776302,0.7812853194855434,7.4,2.1
8479675,Trevor Moore,LAK,C,280,1086,1158,1258,-0.48859020949123566,-0.5370111232107754,0.7875709636721933,7.8,2.0
8483515,Juraj Slafkovský,MTL,L,282,1195,1040,1123,-0.42744635310905005,-0.48054183020456376,0.8037124107092489,9.6,2.0
8477476,Artturi Lehkonen,COL,L,247,1394,971,1247,-0.5122068303387739,-0.5639998403912336,0.7799879125362579,6.9,2.0
8479972,Mason Shaw,MIN,C,79,112,200,173,-0.47571707953063885,-0.5877505446766852,0.7713150818682754,6.2,2.0
8473548,Phil Kessel,VGK,C,82,275,238,260,-0.5955205972536994,-0.687631625197114,0.7474768464210848,2.9,1.9
8475149,Marcus Johansson,MIN,L,305,1141,1215,1236,-0.4802807403152085,-0.5279171060987667,0.7921774847859808,8.1,1.9
8475913,Mark Stone,VGK,R,226,1226,883,915,-0.4543473749740611,-0.5108677427060018,0.801528952813657,8.7,1.8
8477478,William Carrier,CAR,L,208,676,753,1040,-0.46637102734663705,-0.5269570660240808,0.7985992194828162,8.1,1.8
8482408,Jeff Malott,LAK,L,70,133,158,205,-0.4747588063719991,-0.5987772083740363,0.7773312209833484,5.8,1.8
8477934,Leon Draisaitl,EDM,C,297,1818,1365,1438,-0.45953903280381425,-0.5051714530867548,0.8055328941199437,8.8,1.7
8482079,Marco Rossi,VAN,C,232,983,780,841,-0.4428626394767218,-0.5032541849328546,0.8165053477260363,8.9,1.5
8480018,Nick Suzuki,MTL,C,328,1548,1394,1542,-0.4521375858851472,-0.49751556101031,0.8206335051154436,9.1,1.4
8475786,Zach Hyman,EDM,L,289,1637,1106,1228,-0.4697356523589171,-0.5199656259081492,0.8159065909314975,8.4,1.4
8480851,Akil Thomas,LAK,C,32,64,92,90,-0.44045437889336747,-0.599798946827325,0.7902664974460959,5.8,1.4
8483525,Danila Yurov,MIN,R,73,267,221,279,-0.4647778493238892,-0.5727275466266619,0.7988537255589327,6.7,1.4
8476454,Ryan Nugent-Hopkins,EDM,C,311,1367,1212,1213,-0.5050569545895693,-0.5518714750498446,0.8087265304683572,7.3,1.3
8481557,Matt Boldy,MIN,L,314,1342,1355,1405,-0.45874820667651656,-0.5046065532856006,0.823686693137963,8.9,1.3
8475855,Jesper Fast,CAR,R,153,649,600,747,-0.5109183019856752,-0.5762472551223972,0.804149622788192,6.5,1.2
8478864,Kirill Kaprizov,MIN,L,261,1627,988,1320,-0.4364717151228307,-0.4907038310310373,0.8288511346643465,9.3,1.2
8484180,Samuel Honzek,CGY,L,23,76,112,83,-0.497504159733777,-0.6391333287636418,0.7983501650752376,4.5,0.9
8484860,Matvei Gridin,CGY,R,36,192,80,144,-0.5532183424484645,-0.7078834473486368,0.7783861060773994,2.3,0.9
8477451,Ryan Hartman,MIN,R,278,1163,1180,1152,-0.4909713912759709,-0.538885051932183,0.832375248356865,7.8,0.8
8475692,Mats Zuccarello,MIN,R,275,1465,954,1191,-0.4528030390238287,-0.5073204021459787,0.8464749391741614,8.8,0.6
8478493,Joel Eriksson Ek,MIN,C,271,1025,1237,1297,-0.48395985539853886,-0.5310867157527707,0.8434129771957372,8.0,0.5
8481540,Cole Caufield,MTL,R,291,1368,1015,1353,-0.4600764829351045,-0.5127130427407605,0.8691131050321952,8.6,0.0
