season,team,gp,total_zone_sec,oz_sec,nz_sec,dz_sec,oz_pct,nz_pct,dz_pct
20222023,ANA,82,223419.0,81003.0,41521.0,100895.0,36.26,18.58,45.16
20222023,BOS,82,211418.0,89621.0,38110.0,83687.0,42.39,18.03,39.58
20222023,BUF,82,223676.0,91041.0,42033.0,90602.0,40.7,18.79,40.51
20222023,CAR,82,217817.0,95857.0,41404.0,80556.0,44.01,19.01,36.98
20222023,CBJ,82,227431.0,89497.0,38223.0,99711.0,39.35,16.81,43.84
20222023,CGY,82,217001.0,94699.0,40947.0,81355.0,43.64,18.87,37.49
20222023,CHI,82,223242.0,83626.0,40443.0,99173.0,37.46,18.12,44.42
20222023,COL,82,219640.0,91488.0,40987.0,87165.0,41.65,18.66,39.69
20222023,DAL,82,219563.0,87383.0,40605.0,91575.0,39.8,18.49,41.71
20222023,DET,82,214714.0,86276.0,39171.0,89267.0,40.18,18.24,41.57
20222023,EDM,82,217700.0,90720.0,38695.0,88285.0,41.67,17.77,40.55
20222023,FLA,82,207925.0,84175.0,40551.0,83199.0,40.48,19.5,40.01
20222023,LAK,82,217728.0,90095.0,38356.0,89277.0,41.38,17.62,41.0
20222023,MIN,82,213541.0,92193.0,37957.0,83391.0,43.17,17.78,39.05
20222023,MTL,82,217762.0,86572.0,39012.0,92178.0,39.76,17.91,42.33
20222023,NJD,82,226191.0,94229.0,39904.0,92058.0,41.66,17.64,40.7
20222023,NSH,82,211484.0,87232.0,38154.0,86098.0,41.25,18.04,40.71
20222023,NYI,82,224389.0,89039.0,38514.0,96836.0,39.68,17.16,43.16
20222023,NYR,82,223348.0,93288.0,40235.0,89825.0,41.77,18.01,40.22
20222023,OTT,82,205855.0,84658.0,38120.0,83077.0,41.13,18.52,40.36
20222023,PHI,82,222500.0,95604.0,39251.0,87645.0,42.97,17.64,39.39
20222023,PIT,82,215057.0,87629.0,39797.0,87631.0,40.75,18.51,40.75
20222023,SEA,82,222847.0,92863.0,41330.0,88654.0,41.67,18.55,39.78
20222023,SJS,82,222146.0,88955.0,41671.0,91520.0,40.04,18.76,41.2
20222023,STL,82,224580.0,92654.0,41526.0,90400.0,41.26,18.49,40.25
20222023,TBL,82,216010.0,90249.0,38121.0,87640.0,41.78,17.65,40.57
20222023,TOR,82,216667.0,92784.0,37144.0,86739.0,42.82,17.14,40.03
20222023,UTA,82,213703.0,81619.0,40133.0,91951.0,38.19,18.78,43.03
20222023,VAN,82,221436.0,87847.0,41397.0,92192.0,39.67,18.69,41.63
20222023,VGK,82,233212.0,95751.0,39999.0,97462.0,41.06,17.15,41.79
20222023,WPG,82,214141.0,88406.0,36679.0,89056.0,41.28,17.13,41.59
20222023,WSH,82,220525.0,91737.0,39098.0,89690.0,41.6,17.73,40.67
20232024,ANA,82,208237.0,84581.0,35920.0,87736.0,40.62,17.25,42.13
20232024,BOS,82,216750.0,88449.0,38536.0,89765.0,40.81,17.78,41.41
20232024,BUF,82,220907.0,92550.0,35611.0,92746.0,41.9,16.12,41.98
20232024,CAR,82,218860.0,96714.0,39948.0,82198.0,44.19,18.25,37.56
20232024,CBJ,82,224539.0,93227.0,38320.0,92992.0,41.52,17.07,41.41
20232024,CGY,82,219699.0,94272.0,37883.0,87544.0,42.91,17.24,39.85
20232024,CHI,82,224050.0,89043.0,36751.0,98256.0,39.74,16.4,43.85
20232024,COL,82,215752.0,91558.0,36765.0,87429.0,42.44,17.04,40.52
20232024,DAL,82,224611.0,90872.0,39127.0,94612.0,40.46,17.42,42.12
20232024,DET,82,219397.0,85812.0,38920.0,94665.0,39.11,17.74,43.15
20232024,EDM,82,222103.0,97536.0,36281.0,88286.0,43.91,16.34,39.75
20232024,FLA,82,207981.0,87601.0,37164.0,83216.0,42.12,17.87,40.01
20232024,LAK,82,217007.0,92168.0,37328.0,87511.0,42.47,17.2,40.33
20232024,MIN,82,214076.0,90712.0,38082.0,85282.0,42.37,17.79,39.84
20232024,MTL,82,216970.0,87048.0,36448.0,93474.0,40.12,16.8,43.08
20232024,NJD,82,218648.0,87433.0,40629.0,90586.0,39.99,18.58,41.43
20232024,NSH,82,217681.0,91294.0,39481.0,86906.0,41.94,18.14,39.92
20232024,NYI,82,227984.0,94023.0,36766.0,97195.0,41.24,16.13,42.63
20232024,NYR,82,221302.0,91654.0,37190.0,92458.0,41.42,16.81,41.78
20232024,OTT,82,216698.0,91316.0,37742.0,87640.0,42.14,17.42,40.44
20232024,PHI,82,214286.0,93374.0,36506.0,84406.0,43.57,17.04,39.39
20232024,PIT,82,219493.0,87450.0,36989.0,95054.0,39.84,16.85,43.31
20232024,SEA,82,223000.0,94299.0,36348.0,92353.0,42.29,16.3,41.41
20232024,SJS,82,224022.0,85439.0,37567.0,101016.0,38.14,16.77,45.09
20232024,STL,82,221261.0,91019.0,37300.0,92942.0,41.14,16.86,42.01
20232024,TBL,82,221109.0,92466.0,39850.0,88793.0,41.82,18.02,40.16
20232024,TOR,82,224567.0,94595.0,36689.0,93283.0,42.12,16.34,41.54
20232024,UTA,82,219048.0,87494.0,38033.0,93521.0,39.94,17.36,42.69
20232024,VAN,82,215293.0,90799.0,36963.0,87531.0,42.17,17.17,40.66
20232024,VGK,82,224492.0,94073.0,37748.0,92671.0,41.9,16.81,41.28
20232024,WPG,82,223991.0,93226.0,38302.0,92463.0,41.62,17.1,41.28
20232024,WSH,82,224096.0,89358.0,37813.0,96925.0,39.87,16.87,43.25
20242025,ANA,82,220535.0,72462.0,67684.0,80389.0,32.86,30.69,36.45
20242025,BOS,82,220380.0,71447.0,74107.0,74826.0,32.42,33.63,33.95
20242025,BUF,82,219673.0,71629.0,72506.0,75538.0,32.61,33.01,34.39
20242025,CAR,82,221915.0,79957.0,71052.0,70906.0,36.03,32.02,31.95
20242025,CBJ,82,232786.0,78504.0,73045.0,81237.0,33.72,31.38,34.9
20242025,CGY,82,224504.0,79112.0,69497.0,75895.0,35.24,30.96,33.81
20242025,CHI,82,230856.0,74419.0,72531.0,83906.0,32.24,31.42,36.35
20242025,COL,82,224623.0,81130.0,68801.0,74692.0,36.12,30.63,33.25
20242025,DAL,82,221658.0,71862.0,70048.0,79748.0,32.42,31.6,35.98
20242025,DET,82,232788.0,79077.0,73311.0,80400.0,33.97,31.49,34.54
20242025,EDM,82,229950.0,86509.0,67939.0,75502.0,37.62,29.55,32.83
20242025,FLA,82,219775.0,88497.0,55536.0,75742.0,40.27,25.27,34.46
20242025,LAK,82,224498.0,74862.0,74473.0,75163.0,33.35,33.17,33.48
20242025,MIN,82,229108.0,76037.0,73458.0,79613.0,33.19,32.06,34.75
20242025,MTL,82,218152.0,70638.0,73374.0,74140.0,32.38,33.63,33.99
20242025,NJD,82,223293.0,73008.0,75271.0,75014.0,32.7,33.71,33.59
20242025,NSH,82,219083.0,74569.0,72786.0,71728.0,34.04,33.22,32.74
20242025,NYI,82,229723.0,88607.0,54294.0,86822.0,38.57,23.63,37.79
20242025,NYR,82,223761.0,71107.0,73516.0,79138.0,31.78,32.85,35.37
20242025,OTT,82,217546.0,68617.0,76619.0,72310.0,31.54,35.22,33.24
20242025,PHI,82,226726.0,78112.0,74348.0,74266.0,34.45,32.79,32.76
20242025,PIT,82,228777.0,77632.0,72586.0,78559.0,33.93,31.73,34.34
20242025,SEA,82,227728.0,85560.0,53427.0,88741.0,37.57,23.46,38.97
20242025,SJS,82,223789.0,71729.0,72901.0,79159.0,32.05,32.58,35.37
20242025,STL,82,231328.0,77863.0,77122.0,76343.0,33.66,33.34,33.0
20242025,TBL,82,226905.0,75975.0,73792.0,77138.0,33.48,32.52,34.0
20242025,TOR,82,224439.0,72925.0,73601.0,77913.0,32.49,32.79,34.71
20242025,UTA,82,220961.0,88473.0,53684.0,78804.0,40.04,24.3,35.66
20242025,VAN,82,222273.0,84562.0,54370.0,83341.0,38.04,24.46,37.49
20242025,VGK,82,242704.0,94527.0,62193.0,85984.0,38.95,25.63,35.43
20242025,WPG,82,229915.0,86475.0,58845.0,84595.0,37.61,25.59,36.79
20242025,WSH,82,224808.0,77281.0,71915.0,75612.0,34.38,31.99,33.63
20252026,ANA,82,214966.0,90360.0,41382.0,83224.0,42.03,19.25,38.71
20252026,BOS,82,216010.0,84600.0,40174.0,91236.0,39.16,18.6,42.24
20252026,BUF,82,217683.0,89295.0,40635.0,87753.0,41.02,18.67,40.31
20252026,CAR,82,221772.0,99896.0,40864.0,81012.0,45.04,18.43,36.53
20252026,CBJ,82,228224.0,95599.0,41624.0,91001.0,41.89,18.24,39.87
20252026,CGY,82,220055.0,88203.0,39433.0,92419.0,40.08,17.92,42.0
20252026,CHI,82,222173.0,84656.0,39590.0,97927.0,38.1,17.82,44.08
20252026,COL,82,217414.0,92096.0,39449.0,85869.0,42.36,18.14,39.5
20252026,DAL,82,215686.0,85138.0,39812.0,90736.0,39.47,18.46,42.07
20252026,DET,82,222257.0,88700.0,40166.0,93391.0,39.91,18.07,42.02
20252026,EDM,82,229944.0,98221.0,40689.0,91034.0,42.72,17.7,39.59
20252026,FLA,82,215213.0,88137.0,42857.0,84219.0,40.95,19.91,39.13
20252026,LAK,82,225516.0,92774.0,41406.0,91336.0,41.14,18.36,40.5
20252026,MIN,82,222187.0,93341.0,38891.0,89955.0,42.01,17.5,40.49
20252026,MTL,82,214259.0,88424.0,38884.0,86951.0,41.27,18.15,40.58
20252026,NJD,82,230649.0,93876.0,41167.0,95606.0,40.7,17.85,41.45
20252026,NSH,82,220166.0,87805.0,40871.0,91490.0,39.88,18.56,41.56
20252026,NYI,82,217630.0,89178.0,39752.0,88700.0,40.98,18.27,40.76
20252026,NYR,82,224673.0,90338.0,39082.0,95253.0,40.21,17.4,42.4
20252026,OTT,82,216883.0,89758.0,42330.0,84795.0,41.39,19.52,39.1
20252026,PHI,82,218941.0,87740.0,43022.0,88179.0,40.07,19.65,40.28
20252026,PIT,82,222368.0,90998.0,40024.0,91346.0,40.92,18.0,41.08
20252026,SEA,82,228241.0,91525.0,40735.0,95981.0,40.1,17.85,42.05
20252026,SJS,82,216503.0,85996.0,41274.0,89233.0,39.72,19.06,41.22
20252026,STL,82,225713.0,92963.0,41170.0,91580.0,41.19,18.24,40.57
20252026,TBL,82,215504.0,87905.0,42717.0,84882.0,40.79,19.82,39.39
20252026,TOR,82,223816.0,87038.0,39983.0,96795.0,38.89,17.86,43.25
20252026,UTA,82,220701.0,91038.0,40214.0,89449.0,41.25,18.22,40.53
20252026,VAN,82,225159.0,90490.0,39243.0,95426.0,40.19,17.43,42.38
20252026,VGK,82,229310.0,94787.0,43122.0,91401.0,41.34,18.81,39.86
20252026,WPG,82,225757.0,90946.0,40084.0,94727.0,40.28,17.76,41.96
20252026,WSH,82,214891.0,89174.0,37628.0,88089.0,41.5,17.51,40.99
