player_name,team,pos,GP,seasons_qualified,IOZC,OZI,OZI_C,DZI,DZI_C,NZI,NZI_C,TNZI,TNZI_C,DTNZI_23_24,DTNZI_24_25,DTNZI_25_26,DTNZI_trend,DTNZI_recent,DTNZI_flag
Jaccob Slavin,CAR,D,276,4,0.7923,8.2,6.9,8.4,8.3,9.9,9.5,10.0,10.0,0.0121,-0.1279,-0.1616,-0.0925,-0.1616,DECLINING
Brent Burns,COL,D,327,4,0.7903,8.6,7.4,8.2,8.0,9.1,8.7,9.7,9.7,-0.05,-0.1156,-0.1135,-0.093,-0.1135,DECLINING
Brett Pesce,NJD,D,261,4,0.797,8.5,7.1,7.9,7.5,8.7,7.9,9.6,9.5,-0.0183,-0.2276,0.136,-0.0366,0.136,RISING
Jonas Brodin,MIN,D,234,4,0.7969,8.6,7.4,9.2,9.0,8.2,7.3,9.4,9.3,0.0734,0.0761,0.1265,0.092,0.1265,RISING
Evan Bouchard,EDM,D,326,4,0.8039,9.2,7.3,9.6,9.1,10.0,8.8,9.3,9.1,0.0351,0.0112,-0.0398,0.0022,-0.0398,STABLE
J.J. Moser,TBL,D,295,4,0.7943,8.7,7.3,7.2,6.8,8.7,8.2,9.3,9.3,0.074,-0.1537,0.184,0.0348,0.184,RISING
Drew Doughty,LAK,D,264,4,0.7948,8.1,6.5,8.8,8.5,9.7,8.7,9.3,9.2,0.004,-0.475,0.4708,-0.0001,0.4708,RISING
Jared Spurgeon,MIN,D,240,3,0.7898,9.2,8.5,8.6,8.5,7.9,7.5,9.2,9.2,,,0.1198,0.1198,0.1198,RISING
Brayden McNabb,VGK,D,310,4,0.7955,9.4,8.2,9.2,9.1,9.4,8.9,9.2,9.1,-0.1242,0.3158,-0.1454,0.0154,-0.1454,DECLINING
Mattias Ekholm,EDM,D,303,4,0.8009,9.9,7.8,9.0,8.5,9.4,8.4,9.2,9.1,-0.068,-0.1231,0.1144,-0.0256,0.1144,RISING
Jalen Chatfield,CAR,D,301,4,0.788,8.2,7.7,7.9,7.8,8.4,8.1,9.1,9.2,0.0254,0.0029,-0.1218,-0.0312,-0.1218,DECLINING
Dmitry Orlov,SJS,D,305,4,0.7899,7.6,6.9,8.8,8.7,9.4,9.1,9.1,9.2,0.0286,0.0014,-0.2036,-0.0579,-0.2036,DECLINING
Sean Walker,CAR,D,314,4,0.7883,7.4,7.3,9.5,9.6,8.9,8.7,9.1,9.2,-0.0106,0.1729,0.0917,0.0847,0.0917,RISING
Shea Theodore,VGK,D,240,4,0.7955,9.2,8.0,9.1,8.9,9.1,8.7,9.1,9.0,-0.0481,0.0366,0.2095,0.066,0.2095,RISING
Travis Sanheim,PHI,D,325,4,0.7943,9.6,9.0,8.0,7.7,8.2,7.6,9.1,9.1,0.2101,-0.0267,-0.0199,0.0545,-0.0199,STABLE
Darren Raddysh,TBL,D,245,3,0.7924,7.9,7.2,7.6,7.4,9.1,8.8,9.1,9.1,,0.0414,0.2625,0.152,0.2625,RISING
Niko Mikkola,FLA,D,307,4,0.7976,8.6,7.2,8.5,8.3,8.6,8.0,9.0,8.9,-0.2001,0.4332,-0.0496,0.0612,-0.0496,STABLE
Josh Manson,COL,D,230,4,0.7882,8.1,8.1,8.9,9.0,8.2,7.7,9.0,9.1,0.2744,-0.0912,0.0062,0.0631,0.0062,STABLE
Cam York,PHI,D,276,4,0.7924,10.0,9.5,7.8,7.6,8.0,7.5,9.0,9.0,0.1461,-0.023,0.0332,0.0521,0.0332,STABLE
Ryan McDonagh,TBL,D,275,4,0.793,8.6,7.4,8.6,8.5,7.8,7.5,9.0,9.0,-0.1,0.1858,0.0606,0.0488,0.0606,RISING
Erik Cernak,TBL,D,276,4,0.7931,8.9,7.8,7.4,7.2,7.9,7.6,9.0,9.0,0.0648,0.0273,0.036,0.0427,0.036,STABLE
Roman Josi,NSH,D,270,4,0.7923,8.1,6.7,8.4,8.2,8.2,7.8,9.0,9.0,-0.0011,0.0269,-0.1914,-0.0552,-0.1914,DECLINING
Mikhail Sergachev,UTA,D,267,4,0.796,9.1,7.8,8.3,8.0,8.4,7.8,8.9,8.8,-0.1369,0.0721,-0.0161,-0.027,-0.0161,STABLE
Mikey Anderson,LAK,D,307,4,0.7922,7.4,6.3,8.3,8.0,9.0,8.4,8.9,8.9,-0.0464,-0.2225,0.2008,-0.0227,0.2008,RISING
Mike Reilly,CAR,D,131,2,0.7906,9.5,9.3,6.8,6.6,9.0,8.7,8.9,9.0,,,,,,
Darnell Nurse,EDM,D,320,4,0.7958,7.9,6.9,9.3,9.1,9.5,8.7,8.9,8.8,-0.0232,0.1266,-0.0018,0.0339,-0.0018,STABLE
Josh Morrissey,WPG,D,315,4,0.7961,9.4,8.1,8.6,8.3,9.0,8.5,8.9,8.9,-0.0244,0.2285,-0.2953,-0.0304,-0.2953,DECLINING
Artem Zub,OTT,D,259,4,0.7916,8.3,7.2,8.4,8.3,7.9,7.8,8.9,8.9,0.0443,0.0397,-0.0311,0.0177,-0.0311,STABLE
Brady Skjei,NSH,D,324,4,0.7927,9.0,7.6,8.5,8.3,7.9,7.4,8.8,8.8,-0.0251,-0.2281,-0.0938,-0.1157,-0.0938,DECLINING
Trevor van Riemsdyk,WSH,D,295,4,0.7919,8.8,8.0,7.8,7.7,8.6,8.4,8.8,8.8,-0.2225,0.1156,0.1406,0.0113,0.1406,RISING
John Carlson,ANA,D,271,4,0.7957,7.8,6.9,8.5,8.3,8.2,7.5,8.8,8.7,0.0252,0.0895,0.0385,0.0511,0.0385,STABLE
Quinn Hughes,MIN,D,302,4,0.7947,9.2,8.2,8.8,8.5,9.4,8.9,8.7,8.7,0.0144,0.037,0.2204,0.0906,0.2204,RISING
Bowen Byram,BUF,D,279,4,0.7897,7.6,7.0,8.7,8.8,8.0,7.9,8.7,8.8,0.0933,0.0503,0.1358,0.0931,0.1358,RISING
Jake Sanderson,OTT,D,303,4,0.795,8.8,7.6,7.8,7.6,7.3,6.9,8.7,8.7,-0.0174,0.0349,0.0242,0.0139,0.0242,STABLE
Brock Faber,MIN,D,242,3,0.7954,8.2,7.3,9.6,9.3,8.1,7.2,8.7,8.7,,-0.11,0.3336,0.1118,0.3336,RISING
Rasmus Andersson,VGK,D,319,4,0.7925,9.9,9.0,7.3,6.9,6.6,5.8,8.7,8.7,-0.2091,0.0454,0.0559,-0.0359,0.0559,RISING
Adam Fox,NYR,D,283,4,0.7988,9.1,7.8,9.2,8.9,7.7,7.0,8.6,8.5,-0.1336,-0.0558,0.0911,-0.0328,0.0911,RISING
Miro Heiskanen,DAL,D,277,4,0.8009,8.6,6.5,8.3,7.7,8.4,7.2,8.6,8.4,0.0858,-0.3082,0.2519,0.0098,0.2519,RISING
Scott Mayfield,NYI,D,269,4,0.7894,8.0,7.5,7.8,7.8,9.0,9.1,8.6,8.7,-0.0304,0.2253,-0.1677,0.0091,-0.1677,DECLINING
Adam Larsson,SEA,D,326,4,0.7928,8.2,7.0,8.7,8.4,8.7,8.4,8.6,8.6,-0.2543,0.2347,-0.1946,-0.0714,-0.1946,DECLINING
Shayne Gostisbehere,CAR,D,281,4,0.7879,7.7,7.0,8.2,8.3,7.8,7.7,8.6,8.7,-0.2052,0.2497,-0.1439,-0.0331,-0.1439,DECLINING
Damon Severson,CBJ,D,289,4,0.7973,8.3,7.3,9.5,9.5,8.6,7.8,8.6,8.6,-0.06,-0.1626,0.1541,-0.0228,0.1541,RISING
Jake Walman,EDM,D,243,4,0.7975,7.4,6.2,8.2,7.8,7.8,6.9,8.6,8.5,0.0491,-0.0538,0.1537,0.0496,0.1537,RISING
Noah Hanifin,VGK,D,313,4,0.7919,9.3,8.3,8.7,8.4,7.9,7.5,8.6,8.6,-0.1234,0.0777,-0.0329,-0.0262,-0.0329,STABLE
Zach Werenski,CBJ,D,239,3,0.8012,7.2,6.3,9.2,8.9,9.3,8.5,8.6,8.5,,0.0986,0.0446,0.0716,0.0446,STABLE
Thomas Chabot,OTT,D,256,4,0.7889,7.5,6.8,8.3,8.3,8.3,8.5,8.6,8.7,-0.1507,0.1913,0.0204,0.0203,0.0204,STABLE
Alex Pietrangelo,VGK,D,209,3,0.8011,8.7,7.1,9.9,9.6,9.1,8.4,8.6,8.4,0.0658,-0.2606,,-0.0974,-0.2606,DECLINING
Erik Karlsson,PIT,D,321,4,0.7972,8.5,7.0,8.6,8.4,8.5,7.9,8.6,8.6,-0.2095,0.168,0.0425,0.0003,0.0425,STABLE
Alexandre Carrier,MTL,D,268,4,0.7933,7.6,6.7,8.4,8.3,7.9,7.4,8.5,8.6,-0.1903,0.028,-0.0223,-0.0615,-0.0223,STABLE
Dmitry Kulikov,FLA,D,232,3,0.7952,8.4,7.4,7.1,6.9,7.3,6.9,8.5,8.5,-0.0056,0.0811,,0.0377,0.0811,RISING
Dante Fabbro,CBJ,D,277,4,0.7911,7.6,6.9,8.2,8.1,8.4,8.1,8.5,8.6,-0.1032,-0.0622,-0.0721,-0.0792,-0.0721,DECLINING
Philip Broberg,STL,D,206,3,0.7879,7.8,7.6,8.8,8.8,8.3,7.8,8.5,8.7,,,0.0737,0.0737,0.0737,RISING
Marc Staal,PHI,D,117,2,0.7941,9.3,7.2,6.6,6.4,6.9,6.7,8.5,8.5,0.0246,,,0.0246,,
Neal Pionk,WPG,D,284,4,0.7934,8.8,7.8,7.4,7.2,7.9,7.6,8.5,8.5,-0.2435,0.4412,-0.2731,-0.0251,-0.2731,DECLINING
Dylan DeMelo,WPG,D,320,4,0.7946,9.0,8.0,8.2,7.9,8.2,7.8,8.5,8.5,0.0741,0.0863,-0.2099,-0.0165,-0.2099,DECLINING
Tyler Myers,DAL,D,299,4,0.7921,8.9,7.9,8.2,8.0,7.6,7.3,8.5,8.6,0.1111,-0.3024,0.227,0.0119,0.227,RISING
Calvin de Haan,NYR,D,159,3,0.7816,7.7,7.6,7.5,7.6,7.7,8.1,8.4,8.7,0.0604,-0.1589,,-0.0492,-0.1589,DECLINING
Ryan Lindgren,SEA,D,286,4,0.7934,8.6,8.2,8.0,7.9,7.1,6.6,8.4,8.4,-0.0807,0.084,-0.0379,-0.0115,-0.0379,STABLE
Samuel Girard,PIT,D,268,4,0.7871,8.7,8.4,9.1,9.4,7.6,7.5,8.4,8.5,0.0375,-0.0267,-0.0141,-0.0011,-0.0141,STABLE
Radko Gudas,ANA,D,275,4,0.7882,6.9,6.5,7.7,7.6,8.0,7.9,8.4,8.5,-0.1713,0.2056,-0.0678,-0.0112,-0.0678,DECLINING
Hampus Lindholm,BOS,D,237,3,0.7907,9.6,8.3,8.1,8.1,8.0,8.0,8.4,8.4,-0.1229,,,-0.1229,,
Cody Ceci,LAK,D,326,4,0.7955,7.1,5.8,8.6,8.2,8.5,7.7,8.4,8.4,-0.0492,-0.0955,0.0545,-0.0301,0.0545,RISING
MacKenzie Weegar,UTA,D,322,4,0.7929,9.3,8.5,8.7,8.5,6.3,5.5,8.4,8.4,0.0287,-0.1595,-0.0572,-0.0627,-0.0572,DECLINING
Aaron Ekblad,FLA,D,250,4,0.8051,9.8,7.7,8.4,7.8,7.4,6.0,8.4,8.2,-0.2792,-0.0244,0.3543,0.0169,0.3543,RISING
Devon Toews,COL,D,305,4,0.7968,9.3,8.0,9.1,9.0,7.1,6.3,8.4,8.3,-0.1482,0.0754,0.1086,0.0119,0.1086,RISING
Vince Dunn,SEA,D,282,4,0.7928,8.0,6.8,8.6,8.4,8.6,8.3,8.4,8.4,-0.2046,0.1634,-0.0897,-0.0437,-0.0897,DECLINING
Brandt Clarke,LAK,D,184,2,0.7887,8.1,8.5,8.8,8.5,8.4,8.0,8.4,8.5,,,0.1246,0.1246,0.1246,RISING
Victor Hedman,TBL,D,266,4,0.7943,8.1,6.9,8.4,8.3,8.2,8.1,8.3,8.3,-0.0695,-0.0334,-0.3302,-0.1444,-0.3302,DECLINING
Brian Dumoulin,LAK,D,323,4,0.7923,7.5,6.9,8.6,8.4,7.5,7.0,8.3,8.3,-0.056,-0.1418,0.1669,-0.0103,0.1669,RISING
Jakob Chychrun,WSH,D,284,4,0.7947,7.2,6.5,9.0,8.9,8.3,7.9,8.3,8.3,-0.124,0.1252,0.1325,0.0446,0.1325,RISING
Brenden Dillon,NJD,D,323,4,0.7898,7.3,6.8,7.6,7.5,8.0,7.8,8.3,8.4,-0.2168,0.1775,0.0506,0.0038,0.0506,RISING
Dylan Samberg,WPG,D,266,4,0.7912,8.3,7.8,8.6,8.4,8.1,7.6,8.3,8.4,-0.0534,-0.0223,0.1055,0.0099,0.1055,RISING
Cale Makar,COL,D,291,4,0.7999,9.1,7.6,9.5,9.3,7.7,6.8,8.3,8.1,-0.1476,0.0663,0.1675,0.0288,0.1675,RISING
Sebastian Aho,NYI,D,129,2,0.7926,9.1,7.7,5.9,5.9,8.7,8.9,8.3,8.3,-0.0442,,,-0.0442,,
Jamie Oleksiak,SEA,D,317,4,0.7875,7.9,7.1,8.0,7.9,8.3,8.5,8.3,8.4,-0.2723,0.0037,0.099,-0.0565,0.099,RISING
Martin Fehérváry,WSH,D,295,4,0.7896,7.3,6.3,9.0,9.0,7.3,7.1,8.3,8.4,-0.1201,0.1329,-0.1781,-0.0551,-0.1781,DECLINING
K'Andre Miller,CAR,D,305,4,0.7968,8.4,7.1,8.8,8.6,8.3,7.6,8.3,8.2,-0.1366,-0.0206,0.3315,0.0581,0.3315,RISING
Colton Parayko,STL,D,301,4,0.7936,9.3,8.1,9.0,8.9,7.8,7.2,8.3,8.3,-0.176,0.1641,0.074,0.0207,0.074,RISING
Brett Kulak,COL,D,328,4,0.7907,7.3,7.0,9.8,9.9,8.2,7.6,8.3,8.3,-0.3257,0.301,-0.0473,-0.024,-0.0473,STABLE
Moritz Seider,DET,D,328,4,0.7984,8.1,6.9,8.3,7.9,7.2,6.5,8.3,8.2,0.011,0.0336,0.1013,0.0486,0.1013,RISING
Rasmus Ristolainen,PHI,D,212,4,0.7904,9.2,8.8,7.0,6.8,7.0,6.7,8.3,8.4,-0.1123,0.1305,-0.1533,-0.045,-0.1533,DECLINING
Gustav Forsling,FLA,D,321,4,0.8033,9.3,7.5,8.7,8.2,7.6,6.6,8.3,8.1,-0.022,-0.0496,0.1383,0.0223,0.1383,RISING
Jake Middleton,MIN,D,301,4,0.7907,8.6,7.6,9.4,9.4,7.4,7.0,8.3,8.4,-0.1804,-0.0667,0.1153,-0.0439,0.1153,RISING
John Marino,UTA,D,253,4,0.7959,8.9,7.7,8.5,8.3,8.1,7.5,8.3,8.3,-0.2105,-0.0838,0.079,-0.0718,0.079,RISING
Owen Power,BUF,D,315,4,0.7916,8.5,7.9,8.4,8.3,7.3,7.0,8.3,8.4,0.049,0.0626,0.076,0.0625,0.076,RISING
Simon Edvinsson,DET,D,175,2,0.7953,7.2,7.2,7.6,7.3,7.6,6.9,8.3,8.3,,,0.1529,0.1529,0.1529,RISING
Oliver Ekman-Larsson,TOR,D,289,4,0.7957,8.9,8.3,6.8,6.5,6.9,6.3,8.2,8.2,0.1754,-0.1328,-0.0062,0.0121,-0.0062,STABLE
Charlie McAvoy,BOS,D,260,4,0.796,9.3,7.9,6.9,6.7,7.2,6.8,8.2,8.1,-0.0373,-0.1341,0.0046,-0.0556,0.0046,STABLE
Nick Jensen,OTT,D,287,4,0.789,6.9,6.2,7.7,7.8,7.6,7.6,8.2,8.3,-0.4311,0.254,0.0329,-0.048,0.0329,STABLE
Justin Faulk,DET,D,298,4,0.7917,8.8,8.0,8.3,8.2,7.4,7.0,8.2,8.3,-0.1743,0.2142,-0.1214,-0.0272,-0.1214,DECLINING
Sean Durzi,UTA,D,238,4,0.7919,8.2,7.2,8.2,8.1,9.0,8.6,8.2,8.3,0.0573,-0.1455,0.0455,-0.0142,0.0455,STABLE
Zach Whitecloud,CGY,D,272,4,0.7909,6.8,6.5,8.3,8.1,8.7,8.6,8.2,8.3,0.0771,0.1744,-0.0984,0.051,-0.0984,DECLINING
Rasmus Dahlin,BUF,D,309,4,0.7968,9.4,8.3,8.5,8.2,7.1,6.4,8.2,8.2,-0.0583,0.0835,0.1321,0.0524,0.1321,RISING
Rasmus Sandin,WSH,D,294,4,0.7942,7.8,7.2,7.8,7.6,8.0,7.4,8.2,8.2,-0.0651,0.2082,-0.1843,-0.0138,-0.1843,DECLINING
Jacob Trouba,ANA,D,308,4,0.7933,8.3,7.4,8.0,7.8,7.9,7.4,8.2,8.2,-0.165,-0.0769,0.3589,0.039,0.3589,RISING
Esa Lindell,DAL,D,326,4,0.7986,7.6,5.9,7.8,7.1,8.0,7.1,8.2,8.1,-0.0154,-0.1014,0.1494,0.0109,0.1494,RISING
Adam Pelech,NYI,D,261,4,0.797,9.6,8.6,8.8,8.7,7.5,7.0,8.2,8.1,-0.1387,0.0953,0.0409,-0.0008,0.0409,STABLE
Thomas Harley,DAL,D,233,3,0.8015,6.6,5.2,8.2,7.3,8.0,6.8,8.2,8.0,,-0.0613,0.0826,0.0107,0.0826,RISING
Jackson LaCombe,ANA,D,229,3,0.7889,7.5,7.5,8.4,8.1,7.0,6.5,8.2,8.3,,0.2623,0.0853,0.1738,0.0853,RISING
Kaiden Guhle,MTL,D,208,4,0.7932,7.2,6.1,8.1,7.9,7.5,7.2,8.2,8.2,0.0778,0.1012,-0.0595,0.0398,-0.0595,DECLINING
Ian Cole,UTA,D,319,4,0.7889,8.5,8.1,9.1,9.1,8.4,8.3,8.2,8.3,-0.0598,0.2105,-0.3004,-0.0499,-0.3004,DECLINING
Ivan Provorov,CBJ,D,328,4,0.7945,8.6,7.9,9.1,9.2,8.0,7.6,8.2,8.2,-0.1404,-0.0478,0.1156,-0.0242,0.1156,RISING
TJ Brodie,CHI,D,190,3,0.8011,7.8,6.1,7.7,7.4,6.8,6.1,8.1,7.9,0.0057,-0.2301,,-0.1122,-0.2301,DECLINING
Ryan Suter,STL,D,246,3,0.7962,8.1,6.7,7.2,6.8,7.3,6.6,8.1,8.1,-0.0713,0.0619,,-0.0047,0.0619,RISING
Vladislav Gavrikov,NYR,D,313,4,0.7947,7.6,6.7,8.7,8.4,7.9,7.0,8.1,8.1,-0.101,0.1299,0.015,0.0146,0.015,STABLE
Troy Stecher,TOR,D,265,4,0.782,8.1,8.2,7.5,7.6,8.0,8.1,8.1,8.3,-0.0946,0.0871,0.0111,0.0012,0.0111,STABLE
Kris Letang,PIT,D,294,4,0.7978,7.1,6.0,8.6,8.4,8.0,7.2,8.1,8.0,-0.1181,0.0542,0.2128,0.0496,0.2128,RISING
Juuso Välimäki,UTA,D,189,3,0.7922,8.7,7.4,7.8,7.7,8.0,7.9,8.1,8.2,-0.1216,-0.1492,,-0.1354,-0.1492,DECLINING
Sam Malinski,COL,D,180,3,0.7811,6.4,7.7,9.1,9.4,8.0,8.0,8.1,8.4,,0.3457,0.127,0.2364,0.127,RISING
Nate Schmidt,UTA,D,295,4,0.7925,8.8,8.2,7.9,7.7,8.3,7.8,8.1,8.1,-0.1225,0.2769,-0.0215,0.0443,-0.0215,STABLE
Jack Thompson,SJS,D,34,1,0.7916,1.6,2.9,6.1,5.9,5.3,5.8,8.1,8.1,,,,,,
Brendan Smith,CBJ,D,170,3,0.7914,7.4,6.6,7.1,7.2,8.2,8.2,8.1,8.2,-0.4742,0.1085,,-0.1829,0.1085,RISING
Parker Wotherspoon,PIT,D,188,3,0.796,7.3,6.8,8.7,8.5,7.9,7.2,8.1,8.1,,-0.0549,0.4432,0.1941,0.4432,RISING
Ryan Shea,PIT,D,150,3,0.7782,6.6,7.4,6.7,6.9,7.1,7.3,8.0,8.3,,0.4385,0.0853,0.2619,0.0853,RISING
Uvis Balinskis,FLA,D,156,3,0.7882,6.7,7.2,6.2,6.1,8.3,8.4,8.0,8.1,,0.1933,0.2912,0.2423,0.2912,RISING
Dougie Hamilton,NJD,D,243,4,0.7999,8.2,7.1,8.0,7.7,8.0,7.2,8.0,7.9,-0.2452,0.1527,0.2856,0.0644,0.2856,RISING
Nils Lundkvist,DAL,D,210,4,0.7826,7.6,7.1,7.5,7.6,7.6,8.0,8.0,8.3,0.036,-0.2735,0.3736,0.0454,0.3736,RISING
Mathew Dumba,PIT,D,229,3,0.7884,8.1,7.0,7.3,7.3,7.8,8.1,8.0,8.1,-0.0162,-0.0607,,-0.0385,-0.0607,DECLINING
Matt Grzelcyk,CHI,D,289,4,0.7921,8.0,7.2,6.9,6.8,6.8,6.7,8.0,8.0,0.0153,0.068,-0.2254,-0.0474,-0.2254,DECLINING
Nikita Zadorov,BOS,D,319,4,0.792,8.2,7.7,7.1,6.9,6.8,6.3,8.0,8.1,-0.1307,0.0138,0.004,-0.0376,0.004,STABLE
Tyler Kleven,OTT,D,166,2,0.7831,6.1,7.0,6.2,6.3,7.3,7.7,8.0,8.2,,,0.1021,0.1021,0.1021,RISING
Justin Barron,NSH,D,200,4,0.7936,7.8,6.8,8.5,8.4,7.1,6.5,8.0,8.0,0.0714,0.0306,0.0005,0.0342,0.0005,STABLE
Jamie Drysdale,PHI,D,190,3,0.7909,8.2,8.4,7.3,6.9,6.5,5.8,8.0,8.0,,-0.011,0.0609,0.0249,0.0609,RISING
Luke Hughes,NJD,D,223,3,0.7967,7.2,6.9,7.7,7.4,7.5,6.8,8.0,8.0,,-0.0052,0.3194,0.1571,0.3194,RISING
Matt Roy,WSH,D,311,4,0.7929,7.8,7.0,10.0,10.0,7.7,7.1,7.9,7.9,-0.1182,0.2212,-0.2844,-0.0605,-0.2844,DECLINING
Joshua Mahura,SEA,D,199,4,0.7836,7.2,7.0,5.6,5.6,7.2,7.7,7.9,8.1,-0.4734,0.323,0.1357,-0.0049,0.1357,RISING
Jacob Moverare,LAK,D,90,2,0.7832,2.6,3.2,7.3,7.4,7.6,7.7,7.9,8.2,,0.3815,,0.3815,0.3815,RISING
Filip Hronek,VAN,D,287,4,0.7947,8.7,8.0,7.8,7.4,8.0,7.3,7.9,7.9,-0.0646,0.0889,-0.0834,-0.0197,-0.0834,DECLINING
Chris Tanev,TOR,D,226,3,0.8024,9.3,7.8,6.9,6.3,4.9,3.7,7.9,7.7,-0.0288,-0.0288,,-0.0288,-0.0288,STABLE
Jack Johnson,CBJ,D,204,3,0.7829,5.9,5.1,6.5,6.7,8.0,8.5,7.9,8.1,-0.2154,-0.1124,,-0.1639,-0.1124,DECLINING
Henri Jokiharju,BOS,D,235,4,0.7908,9.0,8.7,8.1,8.0,6.3,6.0,7.9,8.0,0.0672,0.0948,-0.3359,-0.058,-0.3359,DECLINING
Mattias Samuelsson,BUF,D,236,4,0.7952,7.9,6.9,7.8,7.4,7.1,6.5,7.9,7.9,-0.2866,0.1863,0.1967,0.0321,0.1967,RISING
Kevin Bahl,CGY,D,273,4,0.7968,8.7,7.8,7.0,6.6,6.8,5.8,7.9,7.8,0.0097,0.0755,-0.0491,0.012,-0.0491,STABLE
Morgan Rielly,TOR,D,297,4,0.7998,8.2,7.2,7.7,7.4,7.1,6.3,7.9,7.8,0.1335,-0.2,0.0795,0.0043,0.0795,RISING
Olli Määttä,CGY,D,269,4,0.7909,8.4,7.9,7.4,7.3,7.2,7.1,7.9,8.0,0.0475,0.0162,-0.2539,-0.0634,-0.2539,DECLINING
Mike Matheson,MTL,D,288,4,0.7983,7.3,5.9,9.2,9.0,7.7,7.0,7.9,7.8,-0.0734,-0.0235,0.0912,-0.0019,0.0912,RISING
Alexander Romanov,NYI,D,236,3,0.7993,6.8,5.7,8.5,8.3,9.2,8.9,7.9,7.8,-0.1673,0.2921,,0.0624,0.2921,RISING
Jake McCabe,TOR,D,295,4,0.7978,8.8,7.5,7.2,6.9,6.7,5.9,7.9,7.9,0.0137,0.1377,-0.1566,-0.0017,-0.1566,DECLINING
Spencer Stastney,EDM,D,117,3,0.7789,8.5,8.4,8.3,8.4,7.4,8.1,7.9,8.2,,-0.0635,0.5612,0.2489,0.5612,RISING
Ryan Graves,PIT,D,231,4,0.7908,7.7,6.7,8.7,8.8,7.3,7.1,7.9,8.0,-0.4366,0.1913,-0.2851,-0.1768,-0.2851,DECLINING
Marcus Pettersson,VAN,D,309,4,0.7958,7.4,6.4,8.5,8.3,8.1,7.3,7.9,7.9,-0.0736,-0.0191,0.163,0.0234,0.163,RISING
Alec Martinez,CHI,D,176,3,0.8005,7.5,5.7,8.5,8.4,8.3,7.5,7.9,7.8,-0.2834,0.0081,,-0.1377,0.0081,STABLE
Jonas Siegenthaler,NJD,D,274,4,0.7988,8.5,7.2,8.1,7.9,7.6,6.9,7.9,7.9,-0.0889,0.0033,0.2553,0.0565,0.2553,RISING
Jeremy Lauzon,VGK,D,242,4,0.7885,7.5,6.3,7.9,7.9,7.9,7.6,7.9,8.0,-0.0588,-0.1811,0.2121,-0.0093,0.2121,RISING
Scott Morrow,NYR,D,45,1,0.777,5.2,5.6,6.6,6.9,8.6,9.2,7.9,8.3,,,,,,
Zach Bogosian,MIN,D,233,4,0.7836,7.2,7.0,7.4,7.6,7.6,8.1,7.9,8.1,0.213,-0.0043,-0.0999,0.0363,-0.0999,DECLINING
Mario Ferraro,SJS,D,310,4,0.7915,7.0,6.3,8.9,8.8,7.4,6.8,7.8,7.9,0.0609,-0.1224,0.0969,0.0118,0.0969,RISING
Erik Brannstrom,VAN,D,178,3,0.7877,8.8,7.9,7.7,7.8,7.2,7.5,7.8,7.9,-0.1383,-0.2426,,-0.1904,-0.2426,DECLINING
Johnathan Kovacevic,NJD,D,254,4,0.7959,6.8,5.7,8.0,8.0,6.7,6.3,7.8,7.8,-0.2799,0.2272,0.0283,-0.0081,0.0283,STABLE
Nick Seeler,PHI,D,305,4,0.7892,8.6,8.8,8.2,8.1,6.7,6.3,7.8,7.9,-0.0204,0.0454,-0.0821,-0.019,-0.0821,DECLINING
Noah Dobson,MTL,D,308,4,0.8,7.9,6.9,9.3,9.2,8.2,7.7,7.8,7.7,-0.0192,-0.1156,0.0779,-0.019,0.0779,RISING
Michael Kesselring,BUF,D,190,3,0.7963,9.0,8.4,6.4,5.9,8.0,7.5,7.8,7.8,,-0.006,-0.1991,-0.1025,-0.1991,DECLINING
Jordan Spence,OTT,D,229,3,0.7845,7.8,8.3,7.4,7.3,7.5,7.4,7.8,8.0,,0.2478,0.1419,0.1949,0.1419,RISING
Will Borgen,NYR,D,323,4,0.7909,8.4,7.6,7.1,6.9,6.9,6.8,7.7,7.8,-0.1907,0.1301,-0.2132,-0.0913,-0.2132,DECLINING
Lane Hutson,MTL,D,166,2,0.7935,6.2,6.3,8.5,8.3,7.8,7.5,7.7,7.7,,,-0.017,-0.017,-0.017,STABLE
Jacob Bryson,WPG,D,193,4,0.7835,8.2,8.0,6.0,6.0,6.3,6.8,7.7,7.9,-0.013,-0.0512,-0.022,-0.0287,-0.022,STABLE
Nick Perbix,NSH,D,298,4,0.7897,8.3,7.4,7.4,7.3,6.9,6.8,7.7,7.8,0.0379,-0.1023,-0.0057,-0.0234,-0.0057,STABLE
Torey Krug,STL,D,140,2,0.7912,9.7,8.4,7.4,7.2,6.4,6.0,7.7,7.7,-0.2304,,,-0.2304,,
Simon Benoit,TOR,D,293,4,0.7891,6.3,6.0,6.9,6.9,6.7,6.6,7.7,7.8,-0.111,0.0242,-0.0411,-0.0427,-0.0411,STABLE
Egor Zamula,CBJ,D,176,3,0.7896,7.6,7.4,7.2,7.3,6.7,6.8,7.7,7.8,,-0.0693,-0.1303,-0.0998,-0.1303,DECLINING
Alex Vlasic,CHI,D,245,3,0.8021,7.1,5.6,6.9,6.2,7.2,6.1,7.7,7.5,,0.1851,-0.174,0.0056,-0.174,DECLINING
Seth Jones,FLA,D,254,4,0.8017,8.1,6.3,7.9,7.5,7.2,6.3,7.7,7.5,-0.1359,0.1664,0.0461,0.0255,0.0461,STABLE
Ryan Pulock,NYI,D,290,4,0.7983,8.4,7.3,7.9,7.7,7.8,7.3,7.7,7.7,-0.2066,0.1551,-0.0986,-0.05,-0.0986,DECLINING
Jeff Petry,MIN,D,245,4,0.7846,7.8,7.4,7.5,7.6,7.7,7.8,7.7,7.9,-0.019,-0.2521,0.3476,0.0255,0.3476,RISING
Brandon Carlo,TOR,D,289,4,0.7934,8.0,7.1,8.5,8.5,7.0,6.9,7.7,7.7,-0.0339,-0.0078,-0.0943,-0.0453,-0.0943,DECLINING
Daniil Miromanov,CGY,D,83,2,0.8019,6.6,5.9,6.5,6.1,5.5,4.1,7.7,7.6,,0.0273,,0.0273,0.0273,STABLE
Arber Xhekaj,MTL,D,230,4,0.7889,5.9,5.8,8.0,8.2,7.4,7.6,7.6,7.7,-0.1274,0.2815,0.1581,0.1041,0.1581,RISING
Nick Leddy,SJS,D,223,4,0.7917,9.3,8.1,8.2,8.0,7.6,7.1,7.6,7.7,-0.1813,-0.1248,0.1631,-0.0476,0.1631,RISING
Ben Chiarot,DET,D,316,4,0.7954,8.0,7.2,7.9,7.7,6.8,6.2,7.6,7.6,-0.1157,0.0686,0.0345,-0.0042,0.0345,STABLE
Denton Mateychuk,CBJ,D,120,2,0.79,7.7,8.4,7.9,7.8,8.3,7.7,7.6,7.7,,,0.4659,0.4659,0.4659,RISING
Alexander Edler,LAK,D,64,1,0.7798,7.7,5.7,7.6,8.2,9.2,10.0,7.6,7.9,,,,,,
Cam Fowler,STL,D,312,4,0.7903,9.1,8.1,7.7,7.5,5.9,5.5,7.6,7.7,-0.0078,0.1319,-0.0926,0.0105,-0.0926,DECLINING
Marc-Edouard Vlasic,SJS,D,162,3,0.7877,9.3,8.0,7.1,7.1,6.0,6.1,7.6,7.8,-0.3789,0.4815,,0.0513,0.4815,RISING
Calen Addison,SJS,D,134,2,0.7854,9.5,8.3,6.5,6.6,7.0,7.1,7.6,7.8,-0.3332,,,-0.3332,,
Connor Clifton,PIT,D,280,4,0.7872,6.9,6.7,7.3,7.5,7.0,7.1,7.6,7.7,-0.0254,-0.0084,0.0016,-0.0108,0.0016,STABLE
Brandon Montour,SEA,D,290,4,0.7984,8.1,7.1,9.4,9.2,8.2,7.4,7.6,7.6,-0.0982,0.0008,-0.1569,-0.0848,-0.1569,DECLINING
Olen Zellweger,ANA,D,164,3,0.7863,6.2,7.0,7.0,6.9,7.8,7.3,7.6,7.8,,0.254,0.2642,0.2591,0.2642,RISING
Travis Hamonic,DET,D,208,4,0.7901,6.7,5.9,6.4,6.2,5.8,5.7,7.6,7.7,-0.3561,0.2916,-0.3546,-0.1397,-0.3546,DECLINING
Mark Giordano,TOR,D,124,2,0.792,9.5,7.5,6.6,6.6,7.5,7.4,7.5,7.6,-0.2407,,,-0.2407,,
Sam Rinzel,CHI,D,63,1,0.7929,5.5,5.0,5.6,4.7,8.7,7.9,7.5,7.6,,,,,,
Derek Forbort,VAN,D,145,3,0.788,9.1,8.7,7.4,7.5,6.4,6.5,7.5,7.7,0.2221,-0.1113,,0.0554,-0.1113,DECLINING
Joel Edmundson,LAK,D,268,4,0.7932,7.8,7.3,7.4,7.1,6.6,5.8,7.5,7.6,-0.2644,0.2692,0.1461,0.0503,0.1461,RISING
Ilya Lyubushkin,DAL,D,275,4,0.7906,7.9,7.0,7.4,7.1,6.3,6.2,7.5,7.6,-0.0519,0.2178,-0.1873,-0.0071,-0.1873,DECLINING
Tony DeAngelo,NYI,D,212,4,0.7906,9.2,8.7,8.7,8.7,8.1,7.9,7.5,7.6,-0.584,0.5627,-0.0954,-0.0389,-0.0954,DECLINING
David Savard,MTL,D,197,3,0.7971,7.1,5.7,8.6,8.6,7.1,6.9,7.4,7.3,-0.131,0.0485,,-0.0413,0.0485,STABLE
Pavel Mintyukov,ANA,D,203,3,0.7877,8.0,8.2,7.5,7.3,6.1,5.6,7.4,7.6,,0.0105,0.3326,0.1715,0.3326,RISING
Jacob MacDonald,SJS,D,92,2,0.7893,8.5,7.0,7.6,7.9,7.2,7.2,7.4,7.5,-0.835,,,-0.835,,
Jon Merrill,MIN,D,208,3,0.7828,8.3,8.0,7.2,7.4,7.2,7.6,7.4,7.7,-0.3912,0.1297,,-0.1307,0.1297,RISING
Ty Emberson,EDM,D,177,3,0.7852,6.2,6.9,6.4,6.4,6.9,7.0,7.4,7.6,,0.38,-0.1484,0.1158,-0.1484,DECLINING
Kaedan Korczak,VGK,D,154,3,0.7839,7.5,8.0,7.2,7.1,7.8,7.9,7.4,7.7,,0.4723,-0.1345,0.1689,-0.1345,DECLINING
Erik Johnson,COL,D,166,3,0.78,8.2,8.0,6.5,6.9,5.6,6.2,7.4,7.7,-0.3099,0.1094,,-0.1002,0.1094,RISING
Lian Bichsel,DAL,D,88,2,0.7933,1.1,1.0,5.2,4.3,7.9,7.2,7.3,7.3,,,-0.1754,-0.1754,-0.1754,DECLINING
Justin Holl,STL,D,199,3,0.7946,6.8,5.8,6.0,5.9,6.7,6.4,7.3,7.3,-0.3893,0.207,,-0.0912,0.207,RISING
Conor Timmins,BUF,D,159,4,0.7854,7.5,7.6,5.8,5.8,5.3,5.3,7.3,7.5,-0.4235,0.121,0.2062,-0.0321,0.2062,RISING
Timothy Liljegren,WSH,D,238,4,0.7969,8.3,7.0,7.6,7.3,6.4,5.9,7.3,7.3,-0.2092,0.1371,0.0145,-0.0192,0.0145,STABLE
Colin Miller,WPG,D,202,3,0.7916,7.5,6.7,6.9,6.9,6.3,6.2,7.3,7.4,-0.2354,-0.1391,,-0.1873,-0.1391,DECLINING
Jacob Bernard-Docker,DET,D,194,3,0.7957,7.0,6.2,7.6,7.4,6.9,6.3,7.3,7.3,,-0.1939,0.0552,-0.0693,0.0552,RISING
Chad Ruhwedel,NYR,D,104,2,0.7911,4.9,3.6,6.4,6.6,7.2,7.2,7.3,7.4,-0.2446,,,-0.2446,,
Mark Friedman,VAN,D,51,2,0.784,9.9,8.9,2.8,3.0,6.6,7.2,7.3,7.6,0.0335,,,0.0335,,
Ian Moore,ANA,D,69,1,0.7746,8.5,10.0,6.3,6.0,7.5,7.2,7.3,7.7,,,,,,
Robert Bortuzzo,UTA,D,87,2,0.7899,8.8,8.2,5.3,5.4,5.0,5.1,7.3,7.4,-0.4071,,,-0.4071,,
Cale Fleury,SEA,D,49,1,0.7821,6.5,6.7,6.6,6.6,7.3,8.3,7.2,7.5,,,,,,
Connor Murphy,EDM,D,273,4,0.797,6.9,5.4,6.6,6.2,6.6,5.9,7.2,7.2,-0.1529,0.0195,0.0574,-0.0253,0.0574,RISING
Adam Boqvist,NYI,D,144,4,0.7885,8.0,7.3,4.8,4.5,7.0,6.7,7.2,7.3,0.077,-0.2006,0.1505,0.009,0.1505,RISING
Marc Del Gaizo,NSH,D,55,1,0.7918,3.2,3.4,6.7,6.5,5.0,4.4,7.2,7.3,,,,,,
Emil Andrae,PHI,D,107,2,0.7845,6.9,8.3,7.2,7.1,5.3,4.9,7.2,7.4,,,-0.0124,-0.0124,-0.0124,STABLE
Mason Lohrei,BOS,D,191,3,0.7927,6.8,6.7,7.2,7.0,6.9,6.6,7.2,7.3,,0.4843,-0.0138,0.2353,-0.0138,STABLE
Ethan Bear,WSH,D,85,2,0.7904,8.8,6.8,4.2,3.9,5.3,5.5,7.2,7.3,-0.6705,,,-0.6705,,
Nick Blankenburg,COL,D,168,3,0.7856,7.0,6.5,6.4,6.2,5.9,6.1,7.1,7.3,,,0.1157,0.1157,0.1157,RISING
Tobias Bjornfot,FLA,D,47,0,0.7789,5.7,6.9,6.7,6.9,6.6,6.7,7.1,7.4,,,,,,
Nicolas Hague,NSH,D,285,4,0.7905,7.7,6.8,8.4,8.3,7.8,7.6,7.1,7.2,0.0168,0.0239,-0.006,0.0116,-0.006,STABLE
Pierre-Olivier Joseph,VAN,D,205,4,0.7922,6.8,6.2,8.0,8.0,5.7,5.4,7.1,7.2,-0.096,-0.0501,0.0583,-0.0293,0.0583,RISING
Calle Rosen,STL,D,55,1,0.7832,7.6,6.3,4.0,4.1,5.0,6.0,7.1,7.4,,,,,,
Declan Chisholm,WSH,D,123,3,0.7883,6.5,6.9,7.2,7.1,5.9,5.8,7.1,7.2,,0.0711,-0.2463,-0.0876,-0.2463,DECLINING
Erik Gustafsson,DET,D,208,3,0.7958,8.0,6.8,6.8,6.7,6.6,6.3,7.1,7.1,-0.3541,-0.0037,,-0.1789,-0.0037,STABLE
Joshua Brown,EDM,D,129,2,0.782,9.4,8.3,6.0,6.1,5.2,5.7,7.1,7.3,-0.1418,,,-0.1418,,
Maxwell Crozier,TBL,D,53,1,0.778,6.9,7.1,9.5,9.7,8.3,8.7,7.1,7.4,,,,,,
Joel Hanley,CGY,D,189,4,0.7909,7.5,7.0,7.3,7.0,5.4,4.8,7.1,7.1,0.0521,0.1396,-0.0658,0.042,-0.0658,DECLINING
Jordan Oesterle,NSH,D,112,3,0.7876,7.3,6.2,6.5,6.5,5.9,6.0,7.1,7.3,-0.2505,0.0398,,-0.1053,0.0398,STABLE
Emil Lilleberg,TBL,D,163,3,0.789,5.7,6.2,6.3,6.3,6.0,6.0,7.0,7.2,,0.2839,-0.095,0.0945,-0.095,DECLINING
Andrew Peeke,BOS,D,271,4,0.7943,6.8,6.3,7.6,7.4,6.2,5.6,7.0,7.0,-0.3814,0.2962,0.0658,-0.0065,0.0658,RISING
Vincent Desharnais,SJS,D,218,4,0.7833,7.8,7.7,8.3,8.4,7.3,7.3,7.0,7.3,-0.1159,-0.192,0.3172,0.0031,0.3172,RISING
Jani Hakanpää,TOR,D,148,2,0.7894,6.1,4.3,7.1,7.0,7.1,7.1,7.0,7.1,-0.1493,,,-0.1493,,
Urho Vaakanainen,NYR,D,176,4,0.7931,5.5,5.2,5.7,5.3,6.5,5.9,7.0,7.1,0.2132,-0.2927,0.0321,-0.0158,0.0321,STABLE
Jan Rutta,SJS,D,180,3,0.7944,6.7,5.3,7.0,6.9,5.7,5.3,7.0,7.0,-0.2998,-0.0366,,-0.1682,-0.0366,STABLE
Jaycob Megna,VGK,D,110,2,0.7853,7.6,6.1,5.0,5.2,5.6,6.0,7.0,7.2,-0.5539,,,-0.5539,,
Andreas Englund,NSH,D,167,3,0.7844,6.4,5.4,7.0,7.2,5.4,5.6,7.0,7.2,0.0477,0.249,,0.1484,0.249,RISING
Braden Schneider,NYR,D,325,4,0.7912,6.3,5.9,7.2,7.1,7.3,7.1,7.0,7.1,-0.1622,-0.0192,0.2576,0.0254,0.2576,RISING
Alexander Nikishin,CAR,D,81,1,0.7773,7.1,8.0,9.3,9.5,8.4,8.3,7.0,7.4,,,,,,
Wyatt Kaiser,CHI,D,175,3,0.7908,7.9,7.5,6.8,6.4,6.6,6.4,7.0,7.1,,0.3314,-0.0569,0.1373,-0.0569,DECLINING
Nick Holden,OTT,D,65,1,0.7865,7.6,5.9,4.5,4.5,5.6,5.9,7.0,7.2,,,,,,
Ryker Evans,SEA,D,175,3,0.7896,6.6,6.8,8.1,7.9,8.2,7.7,6.9,7.0,,0.4494,-0.0258,0.2118,-0.0258,STABLE
Tyson Barrie,CGY,D,139,2,0.791,8.3,6.1,6.8,7.0,7.1,7.2,6.9,7.0,-0.5097,,,-0.5097,,
Jake Bean,CGY,D,166,2,0.7893,6.5,6.1,7.9,7.8,5.3,5.2,6.9,7.1,,-0.1339,,-0.1339,-0.1339,DECLINING
Nikita Zaitsev,CHI,D,84,2,0.7838,7.3,6.2,5.6,5.7,6.2,6.7,6.9,7.1,-0.1958,,,-0.1958,,
Erik Gudbranson,CBJ,D,201,3,0.7924,8.1,6.8,8.0,7.9,5.9,5.5,6.9,7.0,0.0725,,,0.0725,,
Nikolas Matinpalo,OTT,D,95,2,0.7768,4.6,6.4,4.4,4.5,5.7,6.6,6.9,7.3,,,-0.1553,-0.1553,-0.1553,DECLINING
Tyler Tucker,STL,D,158,4,0.7776,7.2,7.9,5.2,5.3,6.5,6.9,6.9,7.3,-0.0846,0.2163,0.0705,0.0674,0.0705,RISING
Matthew Schaefer,NYI,D,82,1,0.7891,7.1,7.4,6.7,6.3,8.7,7.6,6.9,7.0,,,,,,
Carson Soucy,NYI,D,269,4,0.7927,8.2,7.6,6.4,6.0,6.6,6.1,6.9,7.0,0.0686,-0.0027,-0.0969,-0.0104,-0.0969,DECLINING
Albert Johansson,DET,D,143,2,0.7927,6.6,7.2,6.0,5.7,5.6,4.7,6.9,7.0,,,-0.0507,-0.0507,-0.0507,DECLINING
Louis Crevier,CHI,D,134,3,0.8011,6.6,5.7,6.5,5.6,6.1,4.6,6.9,6.8,,0.4453,0.051,0.2481,0.051,RISING
Matthew Robertson,NYR,D,74,1,0.7798,5.9,6.7,7.8,7.7,7.8,7.7,6.8,7.1,,,,,,
Drew Helleson,ANA,D,119,2,0.7859,6.5,7.4,6.1,5.9,5.8,5.7,6.8,7.0,,,0.3976,0.3976,0.3976,RISING
Caleb Jones,PIT,D,111,2,0.7836,7.7,6.1,6.6,6.9,6.2,6.6,6.8,7.1,-0.1856,,,-0.1856,,
Simon Nemec,NJD,D,155,3,0.7944,6.4,6.4,8.3,8.1,7.5,6.8,6.7,6.7,,-0.1647,0.7639,0.2996,0.7639,RISING
Radim Simek,SJS,D,44,1,0.7804,4.7,2.7,5.3,6.0,7.3,8.2,6.7,7.0,,,,,,
Jordan Harris,BOS,D,162,3,0.7993,6.2,4.1,8.5,8.6,7.6,7.2,6.7,6.6,-0.224,-0.1558,,-0.1899,-0.1558,DECLINING
Kurtis MacDermid,OTT,D,131,2,0.7679,5.3,5.7,7.3,8.3,4.7,6.7,6.7,7.2,-0.4845,,,-0.4845,,
Travis Dermott,MIN,D,80,1,0.7917,7.6,6.7,5.5,5.2,4.9,5.1,6.7,6.8,,,,,,
Noah Juulsen,PHI,D,153,3,0.7885,7.9,8.1,6.1,5.9,5.5,5.4,6.7,6.9,,-0.1607,-0.0398,-0.1003,-0.0398,STABLE
Luke Schenn,BUF,D,259,4,0.7921,7.5,6.9,8.0,8.0,5.2,5.0,6.7,6.8,-0.0985,-0.0232,-0.3708,-0.1642,-0.3708,DECLINING
David Jiricek,PHI,D,85,2,0.7892,7.8,7.1,6.3,6.3,5.9,6.1,6.6,6.7,,,,,,
Scott Perunovich,NYI,D,89,2,0.7938,7.3,7.2,6.9,6.8,5.4,5.2,6.6,6.6,,-0.0155,,-0.0155,-0.0155,STABLE
Kyle Burroughs,LAK,D,154,3,0.7903,7.1,5.9,5.9,5.9,5.7,5.8,6.6,6.7,-0.0764,-0.4332,,-0.2548,-0.4332,DECLINING
Zac Jones,NYR,D,93,2,0.7868,3.9,4.0,4.1,4.1,6.2,7.0,6.6,6.8,,0.142,,0.142,0.142,RISING
Adam Wilsby,NSH,D,80,2,0.7888,5.2,5.8,7.6,7.3,6.0,5.6,6.6,6.8,,,0.318,0.318,0.318,RISING
Dennis Gilbert,OTT,D,94,3,0.785,5.8,5.7,4.0,3.8,4.7,5.0,6.6,6.8,,0.4152,,0.4152,0.4152,RISING
Justin Schultz,SEA,D,143,2,0.7892,8.5,6.8,6.8,6.7,5.8,6.0,6.6,6.8,-0.0141,,,-0.0141,,
Declan Carlile,TBL,D,46,1,0.7706,6.4,7.6,7.0,6.9,7.8,7.9,6.5,7.0,,,,,,
Jayden Struble,MTL,D,171,3,0.7882,5.5,5.8,7.8,7.9,7.1,7.4,6.5,6.7,,0.5531,-0.2349,0.1591,-0.2349,DECLINING
Patrik Nemeth,UTA,D,75,1,0.787,7.9,6.0,5.1,5.2,6.6,7.0,6.5,6.7,,,,,,
John Klingberg,SJS,D,147,2,0.7925,7.8,6.8,8.7,8.7,5.9,5.2,6.4,6.5,,,,,,
Brad Hunt,COL,D,47,1,0.774,4.0,3.3,4.8,5.6,3.5,4.7,6.4,6.8,,,,,,
Jack St. Ivany,PIT,D,53,1,0.7844,5.6,6.6,4.9,4.8,3.7,3.8,6.4,6.6,,,,,,
Ilya Solovyov,PIT,D,45,1,0.7948,6.6,6.5,6.4,6.0,7.4,6.7,6.4,6.4,,,,,,
Matthew Kessel,STL,D,99,3,0.7923,6.5,6.6,7.2,6.9,5.5,5.4,6.4,6.4,,-0.0428,0.4581,0.2076,0.4581,RISING
Keaton Middleton,COL,D,44,1,0.7624,0.0,3.5,6.2,7.0,1.8,3.5,6.3,6.9,,,,,,
Matt Benning,TOR,D,99,1,0.7913,7.7,5.6,5.3,5.2,4.0,3.8,6.3,6.4,,,,,,
Shakir Mukhamadullin,SJS,D,83,2,0.7752,5.3,6.0,8.1,8.2,4.7,5.4,6.3,6.7,,,0.407,0.407,0.407,RISING
Kevin Shattenkirk,BOS,D,136,2,0.7797,8.2,7.3,6.4,6.7,5.6,6.4,6.3,6.7,-0.1084,,,-0.1084,,
Ethan Del Mastro,CHI,D,45,1,0.7976,3.6,3.2,4.1,3.3,5.3,4.6,6.3,6.2,,,,,,
Joel Nystrom,CAR,D,38,1,0.7801,6.8,7.7,5.3,5.3,6.3,6.3,6.2,6.5,,,,,,
Riley Stillman,EDM,D,59,1,0.7808,6.9,5.6,4.0,3.8,4.7,5.0,6.2,6.5,,,,,,
Charle-Edouard D'Astous,TBL,D,70,1,0.7811,6.5,7.1,5.7,5.2,6.3,5.8,6.2,6.5,,,,,,
Haydn Fleury,WPG,D,129,4,0.7888,5.0,5.6,6.3,6.1,5.1,4.9,6.2,6.4,0.2025,-0.0087,-0.3949,-0.067,-0.3949,DECLINING
Ben Hutton,VGK,D,138,3,0.7824,7.6,7.7,7.9,7.9,7.1,7.2,6.1,6.4,0.2277,,,0.2277,,
Jake Christiansen,CBJ,D,144,3,0.7908,5.0,5.2,5.7,5.7,4.6,4.3,6.1,6.2,,,-0.1712,-0.1712,-0.1712,DECLINING
Henry Thrun,TOR,D,124,2,0.7945,6.4,6.2,7.2,6.8,4.2,3.6,6.1,6.1,,0.3874,,0.3874,0.3874,RISING
Kyle Capobianco,DAL,D,48,1,0.7637,6.9,6.6,6.1,6.6,5.9,6.8,6.1,6.8,,,,,,
Marco Scandella,STL,D,85,2,0.7843,6.9,6.2,5.9,6.1,4.3,4.5,6.1,6.4,-0.1434,,,-0.1434,,
Ian Mitchell,BOS,D,63,1,0.7902,7.4,6.4,3.2,3.4,5.8,6.3,6.0,6.1,,,,,,
Axel Sandin-Pellikka,DET,D,68,1,0.7849,6.5,7.0,5.1,4.7,6.4,5.6,6.0,6.2,,,,,,
Gustav Lindstrom,ANA,D,82,2,0.7829,6.1,5.2,5.7,5.8,6.0,6.3,6.0,6.3,-0.1446,,,-0.1446,,
Dakota Mermis,TOR,D,64,1,0.794,7.7,7.7,5.4,5.2,6.3,5.4,6.0,6.0,,,,,,
Donovan Sebrango,FLA,D,44,1,0.7812,3.5,5.8,7.4,7.2,8.0,7.2,6.0,6.3,,,,,,
Kevin Korchinski,CHI,D,105,1,0.7943,6.8,5.6,5.8,5.3,6.0,5.3,5.9,5.9,,,,,,
Logan Stanley,BUF,D,183,3,0.7863,6.4,6.9,6.7,6.5,6.4,6.4,5.9,6.1,,-0.0576,-0.1163,-0.0869,-0.1163,DECLINING
Cal Foote,NJD,D,54,1,0.7795,5.3,4.4,8.0,8.4,6.5,7.4,5.9,6.2,,,,,,
Tom Willander,VAN,D,69,1,0.7884,5.8,5.9,6.4,5.9,4.9,3.8,5.9,6.1,,,,,,
Zayne Parekh,CGY,D,37,1,0.7927,5.7,6.3,6.1,5.4,6.5,5.2,5.9,6.0,,,,,,
Alec Regula,EDM,D,33,1,0.7811,5.2,6.6,4.7,4.7,7.0,7.0,5.9,6.2,,,,,,
Brayden Pachal,CGY,D,174,3,0.7896,6.5,6.9,6.4,6.2,4.8,4.5,5.9,6.0,,0.0872,0.2513,0.1693,0.2513,RISING
Colton White,NJD,D,69,2,0.7802,7.9,7.0,4.6,4.9,5.6,5.7,5.8,6.1,,,,,,
Alex Goligoski,MIN,D,82,2,0.7886,9.8,7.8,6.4,6.6,5.1,5.3,5.8,6.0,-0.6716,,,-0.6716,,
Alexander Petrovic,DAL,D,60,1,0.792,3.1,3.0,5.4,4.4,7.8,6.6,5.8,5.9,,,,,,
Sam Dickinson,SJS,D,71,1,0.7698,6.9,8.5,8.6,8.9,7.6,7.8,5.8,6.3,,,,,,
Kale Clague,BUF,D,36,1,0.7842,6.7,5.8,2.0,1.3,4.8,4.9,5.7,6.0,,,,,,
Dennis Cholowski,NJD,D,58,1,0.791,5.0,5.9,5.6,5.7,7.0,6.8,5.7,5.8,,,,,,
Nick DeSimone,UTA,D,97,3,0.7891,8.2,8.2,5.9,5.7,5.9,5.2,5.7,5.8,,-0.0412,0.4935,0.2261,0.4935,RISING
Robert Hagg,VGK,D,45,1,0.7878,7.1,6.0,2.5,2.8,3.5,4.2,5.7,5.9,,,,,,
William Lagesson,DET,D,47,1,0.7844,3.3,2.8,8.5,8.6,6.5,6.5,5.7,6.0,,,,,,
Matt Kiersted,MIN,D,28,1,0.7804,4.8,4.3,1.9,1.9,5.6,6.0,5.7,6.1,,,,,,
Jarred Tinordi,CHI,D,96,2,0.7944,6.3,4.5,6.2,6.0,4.9,4.3,5.6,5.6,-0.2436,,,-0.2436,,
Tim Berni,CBJ,D,59,1,0.7864,6.4,4.3,5.7,5.9,4.8,5.1,5.6,5.8,,,,,,
Yan Kuznetsov,CGY,D,58,1,0.7876,6.6,7.7,7.2,6.8,5.3,4.2,5.6,5.8,,,,,,
Oliver Kylington,ANA,D,52,1,0.7936,6.5,5.7,5.2,4.7,5.0,4.5,5.6,5.7,,,,,,
Elias Pettersson,VAN,D,97,2,0.7861,6.5,7.2,7.4,6.9,5.9,5.2,5.5,5.7,,,0.1718,0.1718,0.1718,RISING
Jonathan Aspirot,BOS,D,61,1,0.7864,5.2,6.1,5.8,5.5,5.3,4.4,5.5,5.7,,,,,,
Justin Braun,PHI,D,51,1,0.7753,9.1,8.6,5.3,5.8,4.0,5.6,5.5,6.0,,,,,,
Kevin Gravel,NSH,D,29,1,0.7835,2.7,2.3,3.0,3.2,2.5,2.9,5.4,5.7,,,,,,
Zach Metsa,BUF,D,43,1,0.7848,4.2,5.2,5.7,5.6,7.6,7.0,5.4,5.7,,,,,,
Daemon Hunt,MIN,D,45,1,0.7739,6.6,7.5,4.7,4.8,5.3,4.8,5.4,5.9,,,,,,
Dmitri Simashev,UTA,D,27,1,0.7812,5.7,6.0,5.3,4.9,4.2,3.8,5.3,5.6,,,,,,
Scott Harrington,ANA,D,45,1,0.7878,6.8,3.6,7.8,8.3,2.5,3.4,5.3,5.5,,,,,,
John Ludvig,COL,D,41,1,0.7977,1.7,1.5,4.8,4.8,4.6,4.3,5.3,5.3,,,,,,
Samuel Bolduc,NYI,D,52,1,0.7918,5.8,5.6,2.8,2.6,6.0,5.9,5.3,5.5,,,,,,
Hunter Brzustewicz,CGY,D,34,1,0.7814,4.8,6.3,6.2,5.8,5.5,4.9,5.2,5.6,,,,,,
Michael Callahan,BOS,D,22,0,0.7891,,,1.4,1.2,2.2,2.7,5.1,5.2,,,,,,
Guillaume Brisebois,VAN,D,20,0,0.783,6.2,4.2,0.9,1.0,1.1,2.1,5.1,5.4,,,,,,
Ryan Johnson,BUF,D,47,1,0.7822,6.2,6.2,9.7,10.0,5.9,6.5,5.0,5.3,,,,,,
Maveric Lamoureux,UTA,D,20,0,0.7967,3.5,3.9,6.0,5.2,4.5,4.4,4.9,5.0,,,,,,
Owen Pickering,PIT,D,29,1,0.7933,1.8,3.6,3.5,3.4,0.0,0.5,4.9,5.0,,,,,,
Casey Fitzgerald,FLA,D,27,1,0.7767,3.8,3.4,0.0,0.0,2.9,4.1,4.9,5.3,,,,,,
Zeev Buium,VAN,D,75,1,0.7884,7.3,7.6,7.8,7.3,6.2,4.9,4.9,5.1,,,,,,
Nikita Okhotiuk,CGY,D,62,1,0.7886,5.7,5.0,5.3,5.1,5.1,4.6,4.9,5.1,,,,,,
Ville Heinola,WPG,D,32,0,0.7845,1.6,1.8,5.0,5.0,4.2,5.2,4.9,5.1,,,,,,
Matt Irwin,WSH,D,61,1,0.7715,4.8,3.6,8.2,9.0,3.6,5.1,4.8,5.3,,,,,,
Nathan Beaulieu,ANA,D,52,1,0.7794,6.4,4.4,5.4,6.0,2.8,3.8,4.8,5.2,,,,,,
Artyom Levshunov,CHI,D,86,1,0.7938,7.0,6.4,5.2,4.7,4.8,4.2,4.8,4.9,,,,,,
Alexander Alexeyev,WSH,D,79,2,0.7838,8.0,6.8,7.6,7.7,5.9,6.3,4.8,5.1,-0.3047,,,-0.3047,,
Vladislav Kolyachonok,BOS,D,55,1,0.7875,4.1,4.6,4.7,4.0,4.9,3.8,4.8,5.0,,,,,,
Philippe Myers,TOR,D,91,2,0.7841,5.7,6.7,6.0,6.0,3.0,3.2,4.7,5.0,,,-0.2192,-0.2192,-0.2192,DECLINING
Victor Soderstrom,BOS,D,41,1,0.7771,7.0,5.6,5.6,6.2,4.6,5.9,4.7,5.1,,,,,,
Chris Wideman,MTL,D,46,1,0.7986,5.8,4.5,5.5,5.9,3.6,3.5,4.6,4.6,,,,,,
Connor Mackey,NYR,D,36,1,0.7803,7.4,5.6,3.7,3.9,3.6,4.7,4.6,4.9,,,,,,
Logan Mailloux,STL,D,74,1,0.7777,7.5,8.6,6.5,6.4,4.9,4.1,4.6,5.1,,,,,,
Michael Stone,CGY,D,48,1,0.7718,9.1,8.7,1.6,2.0,2.5,3.8,4.5,5.0,,,,,,
Marcus Bjork,CBJ,D,33,1,0.7934,7.2,5.2,6.5,6.6,3.5,2.7,4.5,4.6,,,,,,
Elias Salomonsson,WPG,D,32,1,0.7732,6.1,8.2,5.4,5.2,3.2,3.0,4.4,4.9,,,,,,
Victor Mancini,VAN,D,55,2,0.7791,4.2,6.1,5.4,5.2,4.7,4.4,4.4,4.8,,,-0.1843,-0.1843,-0.1843,DECLINING
Isaak Phillips,WPG,D,55,1,0.7904,6.4,4.0,5.5,5.4,3.8,3.6,4.3,4.5,,,,,,
Filip Roos,CHI,D,21,0,0.8183,2.6,0.0,1.9,0.5,3.4,0.0,4.2,3.8,,,,,,
Dylan Coghlan,VGK,D,27,0,0.7856,6.5,6.8,3.6,2.8,2.7,2.6,4.2,4.4,,,,,,
Nikolai Knyzhov,SJS,D,22,0,0.8058,4.5,1.2,6.3,5.8,3.0,1.8,4.2,4.0,,,,,,
Gavin Bayreuther,CBJ,D,51,1,0.7828,6.8,5.5,7.9,8.0,4.3,4.6,4.1,4.4,,,,,,
Isaiah George,NYI,D,37,1,0.8028,3.2,3.5,4.8,4.6,3.7,3.8,4.0,3.9,,,,,,
Ben Harpur,NYR,D,42,1,0.7758,5.5,5.3,6.5,6.8,5.4,6.5,4.0,4.5,,,,,,
Jakub Zboril,BOS,D,22,1,0.7798,5.3,2.2,7.1,8.4,1.9,4.5,4.0,4.3,,,,,,
Dylan McIlrath,WSH,D,39,0,0.7872,0.7,1.5,2.9,2.5,2.7,2.2,3.2,3.5,,,,,,
Nolan Allan,CHI,D,43,1,0.7925,1.0,1.6,3.2,2.8,1.1,1.5,2.9,3.0,,,,,,
Vincent Iorio,NYR,D,36,1,0.7875,5.1,5.5,6.9,6.4,4.1,3.2,2.5,2.7,,,,,,
Markus Niemelainen,EDM,D,23,1,0.8035,5.3,1.6,1.9,1.9,0.6,0.6,0.0,0.0,,,,,,
