pick,player,league,actual_draft_rank,ev_nhle_rank,rank_diff,ev_nhle_ppg,nhl_ppg
2,Matty Beniers,BIG10,2,4.0,-2.0,0.3007692307692308,0.5921450151057401
3,Mason McTavish,OHL,3,5.0,-2.0,0.29700000000000004,0.5953947368421053
5,Kent Johnson,BIG10,5,3.0,2.0,0.31846153846153846,0.5036496350364964
9,Dylan Guenther,WHL,9,2.0,7.0,0.33749999999999997,0.8061674008810573
12,Cole Sillinger,USHL,12,7.0,5.0,0.25806451612903225,0.3814713896457766
13,Matt Coronato,USHL,13,6.0,7.0,0.28921568627450983,0.5260416666666666
17,Zack Bolduc,QMJHL,17,10.0,7.0,0.20740740740740743,0.42857142857142855
22,Xavier Bourgault,QMJHL,22,8.0,14.0,0.2510344827586207,0.0
23,Wyatt Johnston,OHL,23,1.0,22.0,0.396,0.801829268292683
24,Mackie Samoskevich,USHL,24,11.0,13.0,0.1875,0.40384615384615385
27,Zachary L'Heureux,QMJHL,27,9.0,18.0,0.2375757575757576,0.22988505747126436
