rank_post_filter,original_rank,player_name,team,pos,GP_in_scope,ES_TOI_in_scope,raw_score,scope_label
1,1,Mattias Ekholm,EDM,D,146,529.0,10.0,2024-25 + 2025-26 regular pool
2,3,Adam Pelech,NYI,D,142,415.9,9.7,2024-25 + 2025-26 regular pool
3,4,Brayden McNabb,VGK,D,146,435.6,9.5,2024-25 + 2025-26 regular pool
4,5,Shea Theodore,VGK,D,138,475.2,9.5,2024-25 + 2025-26 regular pool
5,6,Tony DeAngelo,NYI,D,111,345.9,9.5,2024-25 + 2025-26 regular pool
6,7,Rasmus Andersson,VGK,D,162,503.6,9.4,2024-25 + 2025-26 regular pool
7,8,Evan Bouchard,EDM,D,163,634.1,9.3,2024-25 + 2025-26 regular pool
8,9,Ryan Pulock,NYI,D,150,392.1,9.3,2024-25 + 2025-26 regular pool
9,11,Aaron Ekblad,FLA,D,128,368.8,9.2,2024-25 + 2025-26 regular pool
10,12,Josh Morrissey,WPG,D,156,712.1,9.2,2024-25 + 2025-26 regular pool
11,13,Gustav Forsling,FLA,D,160,515.1,9.1,2024-25 + 2025-26 regular pool
12,14,Mikhail Sergachev,UTA,D,154,506.0,9.0,2024-25 + 2025-26 regular pool
13,15,Cale Makar,COL,D,154,678.0,8.9,2024-25 + 2025-26 regular pool
14,16,Dylan DeMelo,WPG,D,163,614.2,8.9,2024-25 + 2025-26 regular pool
15,17,Quinn Hughes,MIN,D,142,658.6,8.9,2024-25 + 2025-26 regular pool
16,19,Devon Toews,COL,D,143,614.9,8.8,2024-25 + 2025-26 regular pool
17,20,Filip Hronek,VAN,D,142,524.6,8.8,2024-25 + 2025-26 regular pool
18,21,John Marino,UTA,D,114,307.5,8.8,2024-25 + 2025-26 regular pool
19,22,Jared Spurgeon,MIN,D,145,365.0,8.8,2024-25 + 2025-26 regular pool
20,23,Travis Sanheim,PHI,D,163,452.3,8.7,2024-25 + 2025-26 regular pool
21,24,Rasmus Ristolainen,PHI,D,107,218.1,8.6,2024-25 + 2025-26 regular pool
22,25,Spencer Stastney,EDM,D,89,172.5,8.6,2024-25 + 2025-26 regular pool
23,26,Cam York,PHI,D,140,354.9,8.6,2024-25 + 2025-26 regular pool
24,27,Kevin Bahl,CGY,D,149,402.9,8.6,2024-25 + 2025-26 regular pool
25,28,Nate Schmidt,UTA,D,161,418.1,8.6,2024-25 + 2025-26 regular pool
26,29,Ian Cole,UTA,D,163,367.6,8.6,2024-25 + 2025-26 regular pool
27,30,Michael Kesselring,BUF,D,116,284.9,8.5,2024-25 + 2025-26 regular pool
28,31,Denton Mateychuk,CBJ,D,120,316.0,8.5,2024-25 + 2025-26 regular pool
29,32,Erik Cernak,TBL,D,137,269.9,8.5,2024-25 + 2025-26 regular pool
30,33,Brandt Clarke,LAK,D,159,513.6,8.5,2024-25 + 2025-26 regular pool
31,34,Oliver Ekman-Larsson,TOR,D,155,500.3,8.4,2024-25 + 2025-26 regular pool
32,35,Noah Hanifin,VGK,D,152,548.6,8.4,2024-25 + 2025-26 regular pool
33,36,Josh Manson,COL,D,127,265.8,8.4,2024-25 + 2025-26 regular pool
34,37,Jamie Drysdale,PHI,D,148,412.9,8.3,2024-25 + 2025-26 regular pool
35,38,Hampus Lindholm,BOS,D,84,201.4,8.3,2024-25 + 2025-26 regular pool
36,39,Joel Edmundson,LAK,D,154,503.7,8.3,2024-25 + 2025-26 regular pool
37,40,Erik Karlsson,PIT,D,157,577.7,8.3,2024-25 + 2025-26 regular pool
38,41,Miro Heiskanen,DAL,D,127,478.8,8.3,2024-25 + 2025-26 regular pool
39,42,Logan Mailloux,STL,D,73,187.6,8.2,2024-25 + 2025-26 regular pool
40,43,Darren Raddysh,TBL,D,146,467.9,8.2,2024-25 + 2025-26 regular pool
41,44,Rasmus Dahlin,BUF,D,150,541.6,8.2,2024-25 + 2025-26 regular pool
42,45,Philip Broberg,STL,D,148,429.9,8.2,2024-25 + 2025-26 regular pool
43,46,Parker Wotherspoon,PIT,D,135,349.0,8.2,2024-25 + 2025-26 regular pool
44,47,Cam Fowler,STL,D,149,468.1,8.2,2024-25 + 2025-26 regular pool
45,48,Zeev Buium,VAN,D,75,239.9,8.1,2024-25 + 2025-26 regular pool
46,49,Colton Parayko,STL,D,140,404.7,8.1,2024-25 + 2025-26 regular pool
47,50,MacKenzie Weegar,UTA,D,159,492.5,8.1,2024-25 + 2025-26 regular pool
48,51,Wyatt Kaiser,CHI,D,134,342.7,8.1,2024-25 + 2025-26 regular pool
49,52,Vince Dunn,SEA,D,142,494.1,8.1,2024-25 + 2025-26 regular pool
50,53,Charlie McAvoy,BOS,D,119,443.4,8.1,2024-25 + 2025-26 regular pool
51,54,Alex Pietrangelo,VGK,D,72,250.0,8.1,2024-25 + 2025-26 regular pool
52,55,Niko Mikkola,FLA,D,144,430.0,8.1,2024-25 + 2025-26 regular pool
53,56,K'Andre Miller,CAR,D,146,459.3,8.1,2024-25 + 2025-26 regular pool
54,57,Morgan Rielly,TOR,D,160,568.9,8.1,2024-25 + 2025-26 regular pool
55,58,Jake Sanderson,OTT,D,147,400.9,8.0,2024-25 + 2025-26 regular pool
56,59,John Carlson,ANA,D,149,446.1,8.0,2024-25 + 2025-26 regular pool
57,60,Conor Timmins,BUF,D,107,233.5,8.0,2024-25 + 2025-26 regular pool
58,61,Olli Määttä,CGY,D,119,295.8,8.0,2024-25 + 2025-26 regular pool
59,62,Jake McCabe,TOR,D,146,263.0,8.0,2024-25 + 2025-26 regular pool
60,63,Trevor van Riemsdyk,WSH,D,150,304.9,8.0,2024-25 + 2025-26 regular pool
61,64,Scott Mayfield,NYI,D,146,289.1,8.0,2024-25 + 2025-26 regular pool
62,65,Noah Dobson,MTL,D,151,481.5,8.0,2024-25 + 2025-26 regular pool
63,66,Matthew Schaefer,NYI,D,82,244.1,8.0,2024-25 + 2025-26 regular pool
64,67,Tyler Myers,DAL,D,144,313.1,8.0,2024-25 + 2025-26 regular pool
65,68,Esa Lindell,DAL,D,162,392.1,8.0,2024-25 + 2025-26 regular pool
66,69,Justin Faulk,DET,D,156,448.3,7.9,2024-25 + 2025-26 regular pool
67,70,Adam Larsson,SEA,D,163,520.4,7.9,2024-25 + 2025-26 regular pool
68,71,Alexander Nikishin,CAR,D,81,256.8,7.9,2024-25 + 2025-26 regular pool
69,72,Will Borgen,NYR,D,159,312.0,7.9,2024-25 + 2025-26 regular pool
70,73,Brady Skjei,NSH,D,163,420.8,7.9,2024-25 + 2025-26 regular pool
71,74,Sean Durzi,UTA,D,90,289.9,7.9,2024-25 + 2025-26 regular pool
72,75,J.J. Moser,TBL,D,133,372.9,7.9,2024-25 + 2025-26 regular pool
73,76,Dylan Samberg,WPG,D,125,295.9,7.9,2024-25 + 2025-26 regular pool
74,77,Simon Edvinsson,DET,D,150,419.5,7.9,2024-25 + 2025-26 regular pool
75,78,Joel Hanley,CGY,D,121,296.8,7.8,2024-25 + 2025-26 regular pool
76,79,Moritz Seider,DET,D,164,479.7,7.8,2024-25 + 2025-26 regular pool
77,80,Adam Fox,NYR,D,129,516.9,7.8,2024-25 + 2025-26 regular pool
78,81,Pavel Mintyukov,ANA,D,140,334.0,7.8,2024-25 + 2025-26 regular pool
79,82,Bowen Byram,BUF,D,164,520.2,7.8,2024-25 + 2025-26 regular pool
80,83,Jackson LaCombe,ANA,D,156,457.4,7.8,2024-25 + 2025-26 regular pool
81,84,Jordan Spence,OTT,D,152,414.9,7.8,2024-25 + 2025-26 regular pool
82,85,Jonas Siegenthaler,NJD,D,137,326.7,7.8,2024-25 + 2025-26 regular pool
83,86,Artyom Levshunov,CHI,D,86,284.3,7.8,2024-25 + 2025-26 regular pool
84,87,Brock Faber,MIN,D,158,564.1,7.8,2024-25 + 2025-26 regular pool
85,88,Sam Dickinson,SJS,D,71,163.8,7.7,2024-25 + 2025-26 regular pool
86,89,Brent Burns,COL,D,163,472.6,7.7,2024-25 + 2025-26 regular pool
87,90,Nick Seeler,PHI,D,157,323.2,7.7,2024-25 + 2025-26 regular pool
88,91,Drew Doughty,LAK,D,101,347.9,7.7,2024-25 + 2025-26 regular pool
89,92,Emil Andrae,PHI,D,103,221.7,7.7,2024-25 + 2025-26 regular pool
90,93,Ryan McDonagh,TBL,D,130,290.8,7.7,2024-25 + 2025-26 regular pool
91,94,Kaedan Korczak,VGK,D,118,274.4,7.6,2024-25 + 2025-26 regular pool
92,95,Darnell Nurse,EDM,D,157,521.4,7.6,2024-25 + 2025-26 regular pool
93,96,Jacob Trouba,ANA,D,157,429.8,7.6,2024-25 + 2025-26 regular pool
94,98,Roman Josi,NSH,D,121,492.9,7.6,2024-25 + 2025-26 regular pool
95,99,Neal Pionk,WPG,D,120,316.3,7.5,2024-25 + 2025-26 regular pool
96,100,Owen Power,BUF,D,160,488.1,7.5,2024-25 + 2025-26 regular pool
97,101,Brandon Montour,SEA,D,144,480.0,7.5,2024-25 + 2025-26 regular pool
98,102,Samuel Girard,PIT,D,133,367.4,7.5,2024-25 + 2025-26 regular pool
99,103,Albert Johansson,DET,D,143,344.7,7.5,2024-25 + 2025-26 regular pool
100,104,Ryan Shea,PIT,D,119,247.3,7.4,2024-25 + 2025-26 regular pool
101,105,Uvis Balinskis,FLA,D,130,293.5,7.4,2024-25 + 2025-26 regular pool
102,107,Dmitry Kulikov,FLA,D,89,270.5,7.4,2024-25 + 2025-26 regular pool
103,108,Charle-Edouard D'Astous,TBL,D,70,192.0,7.4,2024-25 + 2025-26 regular pool
104,109,Elias Pettersson,VAN,D,97,182.4,7.3,2024-25 + 2025-26 regular pool
105,110,Ivan Provorov,CBJ,D,164,538.1,7.3,2024-25 + 2025-26 regular pool
106,112,Sam Malinski,COL,D,157,355.0,7.3,2024-25 + 2025-26 regular pool
107,113,Vladislav Gavrikov,NYR,D,164,515.2,7.3,2024-25 + 2025-26 regular pool
108,114,Drew Helleson,ANA,D,116,292.5,7.3,2024-25 + 2025-26 regular pool
109,115,Jonas Brodin,MIN,D,112,344.5,7.3,2024-25 + 2025-26 regular pool
110,116,Ben Chiarot,DET,D,163,495.6,7.3,2024-25 + 2025-26 regular pool
111,117,Nick Blankenburg,COL,D,120,257.8,7.3,2024-25 + 2025-26 regular pool
112,118,Jake Middleton,MIN,D,142,365.9,7.3,2024-25 + 2025-26 regular pool
113,119,Matt Roy,WSH,D,148,366.8,7.2,2024-25 + 2025-26 regular pool
114,121,Damon Severson,CBJ,D,141,432.4,7.2,2024-25 + 2025-26 regular pool
115,122,Ryker Evans,SEA,D,139,358.6,7.2,2024-25 + 2025-26 regular pool
116,123,Martin Fehérváry,WSH,D,162,323.5,7.1,2024-25 + 2025-26 regular pool
117,124,Victor Hedman,TBL,D,112,364.4,7.1,2024-25 + 2025-26 regular pool
118,125,Troy Stecher,TOR,D,130,249.1,7.1,2024-25 + 2025-26 regular pool
119,127,Zach Werenski,CBJ,D,156,786.1,7.1,2024-25 + 2025-26 regular pool
120,128,Noah Juulsen,PHI,D,87,139.3,7.1,2024-25 + 2025-26 regular pool
121,129,Jalen Chatfield,CAR,D,151,482.2,7.0,2024-25 + 2025-26 regular pool
122,130,Vincent Desharnais,SJS,D,104,195.9,7.0,2024-25 + 2025-26 regular pool
123,131,Carson Soucy,NYI,D,151,294.7,7.0,2024-25 + 2025-26 regular pool
124,132,Lane Hutson,MTL,D,164,603.3,7.0,2024-25 + 2025-26 regular pool
125,134,Mike Matheson,MTL,D,158,442.1,7.0,2024-25 + 2025-26 regular pool
126,135,Jaccob Slavin,CAR,D,119,402.8,7.0,2024-25 + 2025-26 regular pool
127,137,Artem Zub,OTT,D,137,268.5,7.0,2024-25 + 2025-26 regular pool
128,138,Jamie Oleksiak,SEA,D,160,356.9,7.0,2024-25 + 2025-26 regular pool
129,140,Shayne Gostisbehere,CAR,D,125,390.3,7.0,2024-25 + 2025-26 regular pool
130,141,Sean Walker,CAR,D,163,533.2,7.0,2024-25 + 2025-26 regular pool
131,142,Tyler Tucker,STL,D,106,173.1,7.0,2024-25 + 2025-26 regular pool
132,144,Dougie Hamilton,NJD,D,141,432.6,6.9,2024-25 + 2025-26 regular pool
133,145,Mattias Samuelsson,BUF,D,140,357.7,6.9,2024-25 + 2025-26 regular pool
134,146,Seth Jones,FLA,D,115,354.0,6.9,2024-25 + 2025-26 regular pool
135,147,Louis Crevier,CHI,D,110,166.7,6.9,2024-25 + 2025-26 regular pool
136,148,Nicolas Hague,NSH,D,131,332.8,6.8,2024-25 + 2025-26 regular pool
137,149,Dante Fabbro,CBJ,D,142,428.1,6.8,2024-25 + 2025-26 regular pool
138,150,Rasmus Sandin,WSH,D,155,419.1,6.8,2024-25 + 2025-26 regular pool
139,151,Connor Murphy,EDM,D,147,255.6,6.8,2024-25 + 2025-26 regular pool
140,152,Brandon Carlo,TOR,D,138,228.8,6.8,2024-25 + 2025-26 regular pool
141,153,Matt Grzelcyk,CHI,D,151,475.9,6.8,2024-25 + 2025-26 regular pool
142,154,Ty Emberson,EDM,D,147,261.3,6.7,2024-25 + 2025-26 regular pool
143,155,Nikita Zadorov,BOS,D,162,439.3,6.7,2024-25 + 2025-26 regular pool
144,156,Matthew Robertson,NYR,D,74,156.1,6.7,2024-25 + 2025-26 regular pool
145,157,Jake Walman,EDM,D,117,375.7,6.7,2024-25 + 2025-26 regular pool
146,159,Marcus Pettersson,VAN,D,159,395.4,6.7,2024-25 + 2025-26 regular pool
147,160,Joshua Mahura,SEA,D,87,181.0,6.7,2024-25 + 2025-26 regular pool
148,161,Alexandre Carrier,MTL,D,152,334.3,6.7,2024-25 + 2025-26 regular pool
149,162,Mason Lohrei,BOS,D,150,411.2,6.7,2024-25 + 2025-26 regular pool
150,163,Jacob Bernard-Docker,DET,D,103,206.5,6.7,2024-25 + 2025-26 regular pool
151,164,Mikey Anderson,LAK,D,156,409.2,6.7,2024-25 + 2025-26 regular pool
152,165,Nick Perbix,NSH,D,152,346.6,6.6,2024-25 + 2025-26 regular pool
153,166,Jakob Chychrun,WSH,D,154,558.7,6.6,2024-25 + 2025-26 regular pool
154,167,Ryan Lindgren,SEA,D,147,387.7,6.6,2024-25 + 2025-26 regular pool
155,168,Radko Gudas,ANA,D,137,296.1,6.6,2024-25 + 2025-26 regular pool
156,169,Justin Barron,NSH,D,113,274.5,6.6,2024-25 + 2025-26 regular pool
157,171,Luke Hughes,NJD,D,139,524.3,6.6,2024-25 + 2025-26 regular pool
158,172,Mario Ferraro,SJS,D,160,382.2,6.6,2024-25 + 2025-26 regular pool
159,173,Henri Jokiharju,BOS,D,101,266.0,6.6,2024-25 + 2025-26 regular pool
160,174,Brett Pesce,NJD,D,109,361.9,6.6,2024-25 + 2025-26 regular pool
161,175,Tyler Kleven,OTT,D,149,294.2,6.6,2024-25 + 2025-26 regular pool
162,179,Alexander Romanov,NYI,D,79,238.5,6.5,2024-25 + 2025-26 regular pool
163,180,Declan Chisholm,WSH,D,92,178.2,6.5,2024-25 + 2025-26 regular pool
164,181,Johnathan Kovacevic,NJD,D,115,229.3,6.5,2024-25 + 2025-26 regular pool
165,183,Alex Vlasic,CHI,D,163,414.2,6.5,2024-25 + 2025-26 regular pool
166,184,Jeff Petry,MIN,D,111,259.8,6.4,2024-25 + 2025-26 regular pool
167,185,Zach Whitecloud,CGY,D,152,414.6,6.4,2024-25 + 2025-26 regular pool
168,189,Dmitry Orlov,SJS,D,157,485.2,6.3,2024-25 + 2025-26 regular pool
169,191,Simon Nemec,NJD,D,95,281.1,6.3,2024-25 + 2025-26 regular pool
170,192,Andrew Peeke,BOS,D,153,358.8,6.3,2024-25 + 2025-26 regular pool
171,193,Olen Zellweger,ANA,D,138,372.8,6.3,2024-25 + 2025-26 regular pool
172,195,Brayden Pachal,CGY,D,114,219.9,6.3,2024-25 + 2025-26 regular pool
173,196,Logan Stanley,BUF,D,139,242.7,6.3,2024-25 + 2025-26 regular pool
174,200,Brenden Dillon,NJD,D,164,428.4,6.2,2024-25 + 2025-26 regular pool
