gp80_rank,original_rank_pub_filter,player_name,team,pos,total_gp,raw_score
1,1,Evan Bouchard,EDM,D,326,10.0
2,2,Jaccob Slavin,CAR,D,276,9.9
3,3,Drew Doughty,LAK,D,264,9.7
4,4,Darnell Nurse,EDM,D,320,9.5
5,6,Brayden McNabb,VGK,D,310,9.4
6,7,Dmitry Orlov,SJS,D,305,9.4
7,5,Mattias Ekholm,EDM,D,303,9.4
8,8,Quinn Hughes,MIN,D,302,9.4
9,9,Zach Werenski,CBJ,D,239,9.3
10,10,Alexander Romanov,NYI,D,236,9.2
11,11,Brent Burns,COL,D,327,9.1
12,14,Shea Theodore,VGK,D,240,9.1
13,12,Darren Raddysh,TBL,D,245,9.1
14,13,Alex Pietrangelo,VGK,D,209,9.1
15,18,Mikey Anderson,LAK,D,307,9.0
16,19,Sean Durzi,UTA,D,238,9.0
17,16,Mike Reilly,CAR,D,131,9.0
18,15,Scott Mayfield,NYI,D,269,9.0
19,17,Josh Morrissey,WPG,D,315,9.0
20,20,Sean Walker,CAR,D,314,8.9
21,,Sebastian Aho,NYI,D,129,8.7
22,21,Adam Larsson,SEA,D,326,8.7
23,23,Zach Whitecloud,CGY,D,272,8.7
24,,Matthew Schaefer,NYI,D,82,8.7
25,22,Brett Pesce,NJD,D,261,8.7
26,24,J.J. Moser,TBL,D,295,8.7
27,25,Niko Mikkola,FLA,D,307,8.6
28,27,Damon Severson,CBJ,D,289,8.6
29,26,Trevor van Riemsdyk,WSH,D,295,8.6
30,28,Vince Dunn,SEA,D,282,8.6
31,29,Cody Ceci,LAK,D,326,8.5
32,30,Erik Karlsson,PIT,D,321,8.5
33,33,Jalen Chatfield,CAR,D,301,8.4
34,34,Dante Fabbro,CBJ,D,277,8.4
35,31,Mikhail Sergachev,UTA,D,267,8.4
36,36,Miro Heiskanen,DAL,D,277,8.4
37,,Alexander Nikishin,CAR,D,81,8.4
38,35,Ian Cole,UTA,D,319,8.4
39,32,Brandt Clarke,LAK,D,184,8.4
40,41,Jakob Chychrun,WSH,D,284,8.3
41,,Denton Mateychuk,CBJ,D,120,8.3
42,44,Philip Broberg,STL,D,206,8.3
43,38,Uvis Balinskis,FLA,D,156,8.3
44,43,Jamie Oleksiak,SEA,D,317,8.3
45,39,K'Andre Miller,CAR,D,305,8.3
46,37,Nate Schmidt,UTA,D,295,8.3
47,42,Alec Martinez,CHI,D,176,8.3
48,40,Thomas Chabot,OTT,D,256,8.3
49,52,Ryker Evans,SEA,D,175,8.2
50,50,Victor Hedman,TBL,D,266,8.2
51,48,Josh Manson,COL,D,230,8.2
52,56,Dylan DeMelo,WPG,D,320,8.2
53,47,Jonas Brodin,MIN,D,234,8.2
54,54,Noah Dobson,MTL,D,308,8.2
55,49,Brett Kulak,COL,D,328,8.2
56,55,Travis Sanheim,PHI,D,325,8.2
57,45,Brandon Montour,SEA,D,290,8.2
58,46,Brendan Smith,CBJ,D,170,8.2
59,53,John Carlson,ANA,D,271,8.2
60,51,Roman Josi,NSH,D,270,8.2
61,59,Dylan Samberg,WPG,D,266,8.1
62,61,Tony DeAngelo,NYI,D,212,8.1
63,57,Marcus Pettersson,VAN,D,309,8.1
64,60,Brock Faber,MIN,D,242,8.1
65,58,John Marino,UTA,D,253,8.1
66,76,Filip Hronek,VAN,D,287,8.0
67,72,Troy Stecher,TOR,D,265,8.0
68,75,Brenden Dillon,NJD,D,323,8.0
69,64,Radko Gudas,ANA,D,275,8.0
70,66,Jack Johnson,CBJ,D,204,8.0
71,65,Kris Letang,PIT,D,294,8.0
72,70,Juuso Välimäki,UTA,D,189,8.0
73,63,Sam Malinski,COL,D,180,8.0
74,71,Dougie Hamilton,NJD,D,243,8.0
75,67,Rasmus Sandin,WSH,D,294,8.0
76,77,Michael Kesselring,BUF,D,190,8.0
77,68,Hampus Lindholm,BOS,D,237,8.0
78,73,Esa Lindell,DAL,D,326,8.0
79,78,Bowen Byram,BUF,D,279,8.0
80,69,Cam York,PHI,D,276,8.0
81,74,Thomas Harley,DAL,D,233,8.0
82,62,Ivan Provorov,CBJ,D,328,8.0
83,81,Jared Spurgeon,MIN,D,240,7.9
84,83,Alexandre Carrier,MTL,D,268,7.9
85,80,Vladislav Gavrikov,NYR,D,313,7.9
86,,Lian Bichsel,DAL,D,88,7.9
87,87,Neal Pionk,WPG,D,284,7.9
88,88,Brady Skjei,NSH,D,324,7.9
89,79,Jacob Trouba,ANA,D,308,7.9
90,89,Artem Zub,OTT,D,259,7.9
91,82,Noah Hanifin,VGK,D,313,7.9
92,85,Erik Cernak,TBL,D,276,7.9
93,84,Parker Wotherspoon,PIT,D,188,7.9
94,86,Jeremy Lauzon,VGK,D,242,7.9
95,92,Lane Hutson,MTL,D,166,7.8
96,95,Nicolas Hague,NSH,D,285,7.8
97,99,Mathew Dumba,PIT,D,229,7.8
98,91,Colton Parayko,STL,D,301,7.8
99,94,Shayne Gostisbehere,CAR,D,281,7.8
100,90,Kaedan Korczak,VGK,D,154,7.8
101,97,Ryan Pulock,NYI,D,290,7.8
102,96,Jake Walman,EDM,D,243,7.8
103,93,Ryan McDonagh,TBL,D,275,7.8
104,98,Olen Zellweger,ANA,D,164,7.8
105,105,Matt Roy,WSH,D,311,7.7
106,101,Calvin de Haan,NYR,D,159,7.7
107,102,Adam Fox,NYR,D,283,7.7
108,104,Cale Makar,COL,D,291,7.7
109,100,Mike Matheson,MTL,D,288,7.7
110,103,Jeff Petry,MIN,D,245,7.7
111,111,Nick Leddy,SJS,D,223,7.6
112,106,Samuel Girard,PIT,D,268,7.6
113,115,Nick Jensen,OTT,D,287,7.6
114,,Jacob Moverare,LAK,D,90,7.6
115,113,Nils Lundkvist,DAL,D,210,7.6
116,110,Jordan Harris,BOS,D,162,7.6
117,112,Gustav Forsling,FLA,D,321,7.6
118,114,Jonas Siegenthaler,NJD,D,274,7.6
119,107,Zach Bogosian,MIN,D,233,7.6
120,109,Simon Edvinsson,DET,D,175,7.6
121,108,Tyler Myers,DAL,D,299,7.6
122,,Mark Giordano,TOR,D,124,7.5
123,117,Brian Dumoulin,LAK,D,323,7.5
124,116,Simon Nemec,NJD,D,155,7.5
125,118,Adam Pelech,NYI,D,261,7.5
126,119,Jordan Spence,OTT,D,229,7.5
127,121,Kaiden Guhle,MTL,D,208,7.5
128,120,Luke Hughes,NJD,D,223,7.5
129,125,Arber Xhekaj,MTL,D,230,7.4
130,126,Justin Faulk,DET,D,298,7.4
131,124,Mario Ferraro,SJS,D,310,7.4
132,,Spencer Stastney,EDM,D,117,7.4
133,123,Aaron Ekblad,FLA,D,250,7.4
134,122,Jake Middleton,MIN,D,301,7.4
135,133,Ryan Suter,STL,D,246,7.3
136,131,Dmitry Kulikov,FLA,D,232,7.3
137,130,Vincent Desharnais,SJS,D,218,7.3
138,134,Martin Fehérváry,WSH,D,295,7.3
139,132,Ryan Graves,PIT,D,231,7.3
140,129,Braden Schneider,NYR,D,325,7.3
141,128,Tyler Kleven,OTT,D,166,7.3
142,135,Jake Sanderson,OTT,D,303,7.3
143,127,Owen Power,BUF,D,315,7.3
144,138,Charlie McAvoy,BOS,D,260,7.2
145,142,Joshua Mahura,SEA,D,199,7.2
146,,Jacob MacDonald,SJS,D,92,7.2
147,140,Jon Merrill,MIN,D,208,7.2
148,141,Erik Brannstrom,VAN,D,178,7.2
149,139,Olli Määttä,CGY,D,269,7.2
150,,Chad Ruhwedel,NYR,D,104,7.2
151,136,Moritz Seider,DET,D,328,7.2
152,143,Alex Vlasic,CHI,D,245,7.2
153,137,Seth Jones,FLA,D,254,7.2
154,145,Ryan Shea,PIT,D,150,7.1
155,151,Tyson Barrie,CGY,D,139,7.1
156,149,Ryan Lindgren,SEA,D,286,7.1
157,152,David Savard,MTL,D,197,7.1
158,154,Jayden Struble,MTL,D,171,7.1
159,150,Jani Hakanpää,TOR,D,148,7.1
160,153,Mattias Samuelsson,BUF,D,236,7.1
161,155,Rasmus Dahlin,BUF,D,309,7.1
162,144,Morgan Rielly,TOR,D,297,7.1
163,148,Ben Hutton,VGK,D,138,7.1
164,146,Justin Barron,NSH,D,200,7.1
165,147,Devon Toews,COL,D,305,7.1
166,158,Adam Boqvist,NYI,D,144,7.0
167,161,Calen Addison,SJS,D,134,7.0
168,156,Connor Clifton,PIT,D,280,7.0
169,157,Rasmus Ristolainen,PHI,D,212,7.0
170,160,Jackson LaCombe,ANA,D,229,7.0
171,159,Brandon Carlo,TOR,D,289,7.0
172,164,Will Borgen,NYR,D,323,6.9
173,163,Oliver Ekman-Larsson,TOR,D,289,6.9
174,,Marc Staal,PHI,D,117,6.9
175,162,Nick Perbix,NSH,D,298,6.9
176,167,Ty Emberson,EDM,D,177,6.9
177,165,Jacob Bernard-Docker,DET,D,194,6.9
178,166,Mason Lohrei,BOS,D,191,6.9
179,172,TJ Brodie,CHI,D,190,6.8
180,170,Ben Chiarot,DET,D,316,6.8
181,171,Kevin Bahl,CGY,D,273,6.8
182,169,Matt Grzelcyk,CHI,D,289,6.8
183,168,Nikita Zadorov,BOS,D,319,6.8
184,176,Justin Holl,STL,D,199,6.7
185,178,Johnathan Kovacevic,NJD,D,254,6.7
186,174,Nick Seeler,PHI,D,305,6.7
187,173,Jake McCabe,TOR,D,295,6.7
188,175,Simon Benoit,TOR,D,293,6.7
189,177,Egor Zamula,CBJ,D,176,6.7
190,180,Joel Edmundson,LAK,D,268,6.6
191,182,Connor Murphy,EDM,D,273,6.6
192,179,Erik Gustafsson,DET,D,208,6.6
193,181,Carson Soucy,NYI,D,269,6.6
194,183,Wyatt Kaiser,CHI,D,175,6.6
195,184,Rasmus Andersson,VGK,D,319,6.6
196,187,Urho Vaakanainen,NYR,D,176,6.5
197,185,Tyler Tucker,STL,D,158,6.5
198,186,Jamie Drysdale,PHI,D,190,6.5
199,189,Logan Stanley,BUF,D,183,6.4
200,190,Derek Forbort,VAN,D,145,6.4
201,191,Timothy Liljegren,WSH,D,238,6.4
202,188,Torey Krug,STL,D,140,6.4
203,192,Henri Jokiharju,BOS,D,235,6.3
204,193,Jacob Bryson,WPG,D,193,6.3
205,194,Colin Miller,WPG,D,202,6.3
206,195,Ilya Lyubushkin,DAL,D,275,6.3
207,196,MacKenzie Weegar,UTA,D,322,6.3
208,197,Andrew Peeke,BOS,D,271,6.2
209,,Nikita Zaitsev,CHI,D,84,6.2
210,,Zac Jones,NYR,D,93,6.2
211,,Caleb Jones,PIT,D,111,6.2
212,199,Pavel Mintyukov,ANA,D,203,6.1
213,198,Louis Crevier,CHI,D,134,6.1
214,200,Emil Lilleberg,TBL,D,163,6.0
215,,Kevin Korchinski,CHI,D,105,6.0
216,201,Marc-Edouard Vlasic,SJS,D,162,6.0
217,,Gustav Lindstrom,ANA,D,82,6.0
218,,Adam Wilsby,NSH,D,80,6.0
219,,David Jiricek,PHI,D,85,5.9
220,204,Nick Blankenburg,COL,D,168,5.9
221,,Elias Pettersson,VAN,D,97,5.9
222,205,Cam Fowler,STL,D,312,5.9
223,203,Erik Gudbranson,CBJ,D,201,5.9
224,202,John Klingberg,SJS,D,147,5.9
225,,Nick DeSimone,UTA,D,97,5.9
226,,Declan Chisholm,WSH,D,123,5.9
227,,Jordan Oesterle,NSH,D,112,5.9
228,,Drew Helleson,ANA,D,119,5.8
229,207,Justin Schultz,SEA,D,143,5.8
230,206,Travis Hamonic,DET,D,208,5.8
231,208,Pierre-Olivier Joseph,VAN,D,205,5.7
232,210,Jan Rutta,SJS,D,180,5.7
233,,Nikolas Matinpalo,OTT,D,95,5.7
234,209,Kyle Burroughs,LAK,D,154,5.7
235,,Jaycob Megna,VGK,D,110,5.6
236,212,Albert Johansson,DET,D,143,5.6
237,213,Erik Johnson,COL,D,166,5.6
238,211,Kevin Shattenkirk,BOS,D,136,5.6
239,,Matthew Kessel,STL,D,99,5.5
240,214,Noah Juulsen,PHI,D,153,5.5
241,,Daniil Miromanov,CGY,D,83,5.5
242,,Scott Perunovich,NYI,D,89,5.4
243,216,Joel Hanley,CGY,D,189,5.4
244,215,Andreas Englund,NSH,D,167,5.4
245,217,Jake Bean,CGY,D,166,5.3
246,218,Conor Timmins,BUF,D,159,5.3
247,,Emil Andrae,PHI,D,107,5.3
248,,Ethan Bear,WSH,D,85,5.3
249,,Joshua Brown,EDM,D,129,5.2
250,219,Luke Schenn,BUF,D,259,5.2
251,,Alex Goligoski,MIN,D,82,5.1
252,,Haydn Fleury,WPG,D,129,5.1
253,,Robert Bortuzzo,UTA,D,87,5.0
254,220,Chris Tanev,TOR,D,226,4.9
255,,Jarred Tinordi,CHI,D,96,4.9
256,,Travis Dermott,MIN,D,80,4.9
257,,Artyom Levshunov,CHI,D,86,4.8
258,221,Brayden Pachal,CGY,D,174,4.8
259,222,Kurtis MacDermid,OTT,D,131,4.7
260,,Shakir Mukhamadullin,SJS,D,83,4.7
261,,Dennis Gilbert,OTT,D,94,4.7
262,223,Jake Christiansen,CBJ,D,144,4.6
263,,Marco Scandella,STL,D,85,4.3
264,,Henry Thrun,TOR,D,124,4.2
265,,Matt Benning,TOR,D,99,4.0
266,,Philippe Myers,TOR,D,91,3.0
