strict_rank,original_rank_pub_filter,player_name,team,pos,GP_total,GP_per_season,raw_score
1,1,Cam York,PHI,D,276,"54,82,66,74",10.0
2,2,Rasmus Andersson,VGK,D,319,"79,78,81,81",9.9
3,3,Mattias Ekholm,EDM,D,303,"78,79,65,81",9.9
4,4,Aaron Ekblad,FLA,D,250,"71,51,56,72",9.8
5,7,Travis Sanheim,PHI,D,325,"81,81,82,81",9.6
6,8,Adam Pelech,NYI,D,261,"61,58,60,82",9.6
7,11,Brayden McNabb,VGK,D,310,"82,82,82,64",9.4
8,12,Rasmus Dahlin,BUF,D,309,"78,81,73,77",9.4
9,13,Josh Morrissey,WPG,D,315,"78,81,80,76",9.4
10,14,Colton Parayko,STL,D,301,"79,82,64,76",9.3
11,15,Devon Toews,COL,D,305,"80,82,76,67",9.3
12,16,MacKenzie Weegar,UTA,D,322,"81,82,81,78",9.3
13,17,Gustav Forsling,FLA,D,321,"82,79,80,80",9.3
14,19,Noah Hanifin,VGK,D,313,"81,80,80,72",9.3
15,20,Charlie McAvoy,BOS,D,260,"67,74,50,69",9.3
16,21,Nick Leddy,SJS,D,223,"78,82,31,32",9.3
17,23,Evan Bouchard,EDM,D,326,"82,81,82,81",9.2
18,24,Shea Theodore,VGK,D,240,"55,47,67,71",9.2
19,25,Rasmus Ristolainen,PHI,D,212,"74,31,63,44",9.2
20,26,Quinn Hughes,MIN,D,302,"78,82,68,74",9.2
21,28,Tony DeAngelo,NYI,D,212,"70,31,35,76",9.2
22,29,Mikhail Sergachev,UTA,D,267,"79,34,77,77",9.1
23,30,Cam Fowler,STL,D,312,"82,81,68,81",9.1
24,32,Cale Makar,COL,D,291,"60,77,80,74",9.1
25,33,Adam Fox,NYR,D,283,"82,72,74,55",9.1
26,34,Henri Jokiharju,BOS,D,235,"60,74,60,41",9.0
27,35,Brady Skjei,NSH,D,324,"81,80,82,81",9.0
28,37,Dylan DeMelo,WPG,D,320,"75,82,82,81",9.0
29,38,John Marino,UTA,D,253,"64,75,35,79",8.9
30,39,Tyler Myers,DAL,D,299,"78,77,71,73",8.9
31,40,Erik Cernak,TBL,D,276,"70,69,76,61",8.9
32,41,Oliver Ekman-Larsson,TOR,D,289,"54,80,77,78",8.9
33,43,Jake McCabe,TOR,D,295,"76,73,66,80",8.8
34,44,Neal Pionk,WPG,D,284,"82,82,69,51",8.8
35,45,Trevor van Riemsdyk,WSH,D,295,"75,70,82,68",8.8
36,46,Jake Sanderson,OTT,D,303,"77,79,80,67",8.8
37,47,Nate Schmidt,UTA,D,295,"71,63,80,81",8.8
38,48,Justin Faulk,DET,D,298,"82,60,78,78",8.8
39,49,Samuel Girard,PIT,D,268,"76,59,73,60",8.7
40,51,Filip Hronek,VAN,D,287,"64,81,61,81",8.7
41,52,Kevin Bahl,CGY,D,273,"42,82,73,76",8.7
42,53,J.J. Moser,TBL,D,295,"82,80,54,79",8.7
43,55,Niko Mikkola,FLA,D,307,"81,82,76,68",8.6
44,56,Ryan McDonagh,TBL,D,275,"71,74,82,48",8.6
45,57,Miro Heiskanen,DAL,D,277,"79,71,50,77",8.6
46,58,Brent Burns,COL,D,327,"82,82,82,81",8.6
47,59,Jonas Brodin,MIN,D,234,"60,62,50,62",8.6
48,60,Ryan Lindgren,SEA,D,286,"63,76,72,75",8.6
49,61,Nick Seeler,PHI,D,305,"77,71,77,80",8.6
50,62,Ivan Provorov,CBJ,D,328,"82,82,82,82",8.6
51,63,Jake Middleton,MIN,D,301,"79,80,67,75",8.6
52,64,Brett Pesce,NJD,D,261,"82,70,72,37",8.5
53,65,Erik Karlsson,PIT,D,321,"82,82,82,75",8.5
54,66,Owen Power,BUF,D,315,"79,76,79,81",8.5
55,68,Ian Cole,UTA,D,319,"78,78,82,81",8.5
56,69,Jonas Siegenthaler,NJD,D,274,"80,57,55,82",8.5
57,70,Will Borgen,NYR,D,323,"82,82,84,75",8.4
58,71,K'Andre Miller,CAR,D,305,"79,80,74,72",8.4
59,72,Ryan Pulock,NYI,D,290,"82,58,74,76",8.4
60,73,Olli Määttä,CGY,D,269,"78,72,77,42",8.4
61,75,Damon Severson,CBJ,D,289,"81,67,70,71",8.3
62,76,Timothy Liljegren,WSH,D,238,"67,55,68,48",8.3
63,78,Nick Perbix,NSH,D,298,"69,77,74,78",8.3
64,80,Dylan Samberg,WPG,D,266,"63,78,60,65",8.3
65,81,Artem Zub,OTT,D,259,"53,69,56,81",8.3
66,82,Jacob Trouba,ANA,D,308,"82,69,77,80",8.3
67,83,Morgan Rielly,TOR,D,297,"65,72,82,78",8.2
68,84,Dougie Hamilton,NJD,D,243,"82,20,64,77",8.2
69,85,Jaccob Slavin,CAR,D,276,"76,81,80,39",8.2
70,86,Adam Larsson,SEA,D,326,"82,81,82,81",8.2
71,89,Nikita Zadorov,BOS,D,319,"82,75,81,81",8.2
72,90,Carson Soucy,NYI,D,269,"78,40,75,76",8.2
73,91,Jacob Bryson,WPG,D,193,"59,36,48,50",8.2
74,94,Jalen Chatfield,CAR,D,301,"78,72,79,72",8.2
75,95,Sean Durzi,UTA,D,238,"72,76,30,60",8.2
76,97,Roman Josi,NSH,D,270,"67,82,53,68",8.1
77,99,Moritz Seider,DET,D,328,"82,82,82,82",8.1
78,100,Seth Jones,FLA,D,254,"72,67,63,52",8.1
79,101,Victor Hedman,TBL,D,266,"76,78,79,33",8.1
80,102,Troy Stecher,TOR,D,265,"81,54,66,64",8.1
81,104,Drew Doughty,LAK,D,264,"81,82,30,71",8.1
82,105,Brandon Montour,SEA,D,290,"80,66,81,63",8.1
83,107,Josh Manson,COL,D,230,"27,76,48,79",8.1
84,108,Ben Chiarot,DET,D,316,"76,77,81,82",8.0
85,109,Matt Grzelcyk,CHI,D,289,"75,63,82,69",8.0
86,110,Scott Mayfield,NYI,D,269,"82,41,66,80",8.0
87,111,Vince Dunn,SEA,D,282,"81,59,62,80",8.0
88,112,Adam Boqvist,NYI,D,144,"46,35,35,28",8.0
89,115,Brandon Carlo,TOR,D,289,"75,76,83,55",8.0
90,116,Darnell Nurse,EDM,D,320,"82,81,76,81",7.9
91,118,Mattias Samuelsson,BUF,D,236,"55,41,62,78",7.9
92,119,Noah Dobson,MTL,D,308,"78,79,71,80",7.9
93,121,Ilya Lyubushkin,DAL,D,275,"68,74,80,53",7.9
94,122,Jamie Oleksiak,SEA,D,317,"75,82,82,78",7.9
95,126,Jeff Petry,MIN,D,245,"61,73,44,67",7.8
96,127,John Carlson,ANA,D,271,"40,82,79,70",7.8
97,128,Justin Barron,NSH,D,200,"39,48,62,51",7.8
98,130,Rasmus Sandin,WSH,D,294,"71,68,82,73",7.8
99,131,Joel Edmundson,LAK,D,268,"61,53,73,81",7.8
100,133,Matt Roy,WSH,D,311,"82,81,69,79",7.8
101,134,Vincent Desharnais,SJS,D,218,"36,78,51,53",7.8
102,135,Shayne Gostisbehere,CAR,D,281,"75,81,70,55",7.7
103,136,Nicolas Hague,NSH,D,285,"81,73,68,63",7.7
104,137,Ryan Graves,PIT,D,231,"78,70,61,22",7.7
105,139,Vladislav Gavrikov,NYR,D,313,"72,77,82,82",7.6
106,140,Alexandre Carrier,MTL,D,268,"43,73,79,73",7.6
107,141,Esa Lindell,DAL,D,326,"82,82,80,82",7.6
108,142,Dante Fabbro,CBJ,D,277,"79,56,68,74",7.6
109,143,Nils Lundkvist,DAL,D,210,"60,59,39,52",7.6
110,144,Bowen Byram,BUF,D,279,"42,73,82,82",7.6
111,145,Dmitry Orlov,SJS,D,305,"66,82,76,81",7.6
112,148,Joel Hanley,CGY,D,189,"26,42,53,68",7.5
113,150,Luke Schenn,BUF,D,259,"70,63,76,50",7.5
114,151,Thomas Chabot,OTT,D,256,"68,51,80,57",7.5
115,153,Brian Dumoulin,LAK,D,323,"82,80,80,81",7.5
116,154,Jeremy Lauzon,VGK,D,242,"67,79,28,68",7.5
117,155,Conor Timmins,BUF,D,159,"27,25,68,39",7.5
118,158,Marcus Pettersson,VAN,D,309,"68,82,78,81",7.4
119,159,Mikey Anderson,LAK,D,307,"77,74,77,79",7.4
120,160,Jake Walman,EDM,D,243,"63,63,65,52",7.4
121,161,Sean Walker,CAR,D,314,"70,81,82,81",7.4
122,163,Martin Fehérváry,WSH,D,295,"67,66,81,81",7.3
123,165,Mike Matheson,MTL,D,288,"48,82,80,78",7.3
124,166,Brett Kulak,COL,D,328,"82,82,82,82",7.3
125,167,Brenden Dillon,NJD,D,323,"82,77,82,82",7.3
126,168,Joshua Mahura,SEA,D,199,"82,30,64,23",7.2
127,169,Zach Bogosian,MIN,D,233,"46,65,81,41",7.2
128,170,Tyler Tucker,STL,D,158,"26,26,38,68",7.2
129,171,Kaiden Guhle,MTL,D,208,"44,70,55,39",7.2
130,175,Jakob Chychrun,WSH,D,284,"48,82,74,80",7.2
131,178,Cody Ceci,LAK,D,326,"80,79,85,82",7.1
132,179,Kris Letang,PIT,D,294,"64,82,74,74",7.1
133,182,Mario Ferraro,SJS,D,310,"72,78,78,82",7.0
134,184,Radko Gudas,ANA,D,275,"72,66,81,56",6.9
135,185,Nick Jensen,OTT,D,287,"77,78,71,61",6.9
136,186,Connor Clifton,PIT,D,280,"78,79,73,50",6.9
137,187,Connor Murphy,EDM,D,273,"80,46,68,79",6.9
138,188,Andrew Peeke,BOS,D,271,"80,38,76,77",6.8
139,190,Zach Whitecloud,CGY,D,272,"59,61,74,78",6.8
140,191,Johnathan Kovacevic,NJD,D,254,"77,62,81,34",6.8
141,192,Pierre-Olivier Joseph,VAN,D,205,"75,52,47,31",6.8
142,197,Travis Hamonic,DET,D,208,"75,48,59,26",6.7
143,209,Braden Schneider,NYR,D,325,"81,82,80,82",6.3
144,210,Simon Benoit,TOR,D,293,"78,64,78,73",6.3
145,218,Arber Xhekaj,MTL,D,230,"51,44,70,65",5.9
146,221,Urho Vaakanainen,NYR,D,176,"23,68,51,34",5.5
