player_id,player_name,position,team,season,toi_sec,toi_min,oz_ratio,NFI_pct,NFI_pct_ZA,NFI_pct_3A,NFQOC,NFQOL,RelNFI_F_pct,RelNFI_A_pct,RelNFI_pct,NFI_pct_3A_MOM,FF_pct,FF_pct_ZA,FF_pct_3A,CF_pct,CF_pct_ZA,CF_pct_3A
8475795,Dylan McIlrath,D,WSH,playoffs,2772.0,46.2,0.5,0.875,0.875,,,,,,,,0.525,,,,,
8477947,Sonny Milano,F,WSH,playoffs,2660.0,44.333333333333336,0.2777777777777778,0.8,0.8238000000000001,,,,,,,,0.5510204081632653,,,,,
8482148,Hendrix Lapierre,F,WSH,playoffs,3164.0,52.733333333333334,0.35294117647058826,0.8,0.8157500000000001,,,,,,,,0.6041666666666666,,,,,
8482655,J.J. Moser,D,TBL,playoffs,4596.0,76.6,0.375,0.7894736842105263,0.8028611842105263,,,,,,,,0.5061728395061729,,,,,
8480188,Fabian Zetterlund,F,OTT,playoffs,4854.0,80.9,0.6363636363636364,0.7391304347826086,0.7245258893280632,,,,,,,,0.5,,,,,
8476455,Gabriel Landeskog,F,COL,playoffs,5166.0,86.1,0.4166666666666667,0.7096774193548387,0.7186024193548387,,,,,,,,0.6699029126213593,,,,,
8481068,Yegor Sharangovich,F,NJD,playoffs,1972.0,32.86666666666667,0.6363636363636364,0.7142857142857143,0.6996811688311688,,,,,,,,0.4473684210526316,,,,,
8477018,Ben Hutton,D,VGK,playoffs,2449.0,40.81666666666667,0.6521739130434783,0.7058823529411765,0.68958452685422,,,,,,,,0.5609756097560976,,,,,
8484258,Sam Malinski,D,COL,playoffs,4200.0,70.0,0.42105263157894735,0.6785714285714286,0.6870266917293233,,,,,,,,0.6285714285714286,,,,,
8476878,Zemgus Girgensons,F,TBL,playoffs,3280.0,54.666666666666664,0.4074074074074074,0.6666666666666666,0.6765833333333333,,,,,,,,0.5555555555555556,,,,,
8479371,Dante Fabbro,D,NSH,playoffs,2415.0,40.25,0.5,0.6666666666666666,0.6666666666666666,,,,,,,,0.5681818181818182,,,,,
8479591,Michael Eyssimont,F,TBL,playoffs,5789.0,96.48333333333333,0.4166666666666667,0.6571428571428571,0.6660678571428571,,,,,,,,0.6017699115044248,,,,,
8480823,Alexander Alexeyev,D,WSH,playoffs,10861.0,181.01666666666668,0.5238095238095238,0.6666666666666666,0.6641166666666666,,,,,,,,0.5446009389671361,,,,,
8482095,Tyler Kleven,D,OTT,playoffs,5769.0,96.15,0.4791666666666667,0.6551724137931034,0.6574036637931034,,,,,,,,0.49137931034482757,,,,,
8480448,Parker Kelly,F,COL,playoffs,5303.0,88.38333333333334,0.5,0.6428571428571429,0.6428571428571429,,,,,,,,0.6145833333333334,,,,,
8482116,Tim Stützle,F,OTT,playoffs,7292.0,121.53333333333333,0.5789473684210527,0.6486486486486487,0.640193385490754,,,,,,,,0.65,,,,,
8474034,Patrick Maroon,F,BOS,playoffs,11041.0,184.01666666666668,0.4943820224719101,0.639344262295082,0.6399459476883405,,,,,,,,0.5205479452054794,,,,,
8470638,Patrice Bergeron,F,BOS,playoffs,3511.0,58.516666666666666,0.36585365853658536,0.625,0.6393670731707317,,,,,,,,0.65,,,,,
8482666,Scott Morrow,D,CAR,playoffs,3146.0,52.43333333333333,0.36666666666666664,0.6153846153846154,0.6296646153846154,,,,,,,,0.5517241379310345,,,,,
8478399,Jonas Siegenthaler,D,NJD,playoffs,18496.0,308.26666666666665,0.48044692737430167,0.6218487394957983,0.6239428735740106,,,,,,,,0.4828571428571429,,,,,
8475722,Jason Zucker,F,NSH,playoffs,5147.0,85.78333333333333,0.5882352941176471,0.6333333333333333,0.6238833333333333,,,,,,,,0.4891304347826087,,,,,
8479520,Brandon Duhaime,F,WSH,playoffs,17760.0,296.0,0.5298507462686567,0.6262626262626263,0.6230656113372531,,,,,,,,0.49032258064516127,,,,,
8479390,Taylor Raddysh,F,WSH,playoffs,4696.0,78.26666666666667,0.48717948717948717,0.6206896551724138,0.6220627320954908,,,,,,,,0.4631578947368421,,,,,
8482146,Luke Evangelista,F,NSH,playoffs,4845.0,80.75,0.5333333333333333,0.625,0.62143,,,,,,,,0.6338028169014085,,,,,
8477404,Jake Guentzel,F,TBL,playoffs,20099.0,334.98333333333335,0.524822695035461,0.6218487394957983,0.6191902288575004,,,,,,,,0.5584045584045584,,,,,
8479999,Casey Mittelstadt,F,COL,playoffs,11493.0,191.55,0.5257731958762887,0.6216216216216216,0.6188613123432711,,,,,,,,0.5627705627705628,,,,,
8479407,Jesper Bratt,F,NJD,playoffs,20048.0,334.1333333333333,0.5263157894736842,0.6183206106870229,0.6155021896343914,,,,,,,,0.5513196480938416,,,,,
8477476,Artturi Lehkonen,F,COL,playoffs,31435.0,523.9166666666666,0.4962686567164179,0.6120218579234973,0.6124214847891689,,,,,,,,0.5775401069518716,,,,,
8478038,Devon Toews,D,COL,playoffs,35410.0,590.1666666666666,0.431266846361186,0.6039603960396039,0.6113217167943209,,,,,,,,0.5929339477726574,,,,,
8474709,Matt Martin,F,NYI,playoffs,5467.0,91.11666666666666,0.4634146341463415,0.6052631578947368,0.6091814505776637,,,,,,,,0.4152542372881356,,,,,
8481237,Kyle MacLean,F,NYI,playoffs,3574.0,59.56666666666667,0.42105263157894735,0.6,0.6084552631578947,,,,,,,,0.44594594594594594,,,,,
8478414,Timo Meier,F,NJD,playoffs,17680.0,294.6666666666667,0.41134751773049644,0.5967741935483871,0.606268874399451,,,,,,,,0.5317220543806647,,,,,
8476292,Ondrej Palat,F,NJD,playoffs,17429.0,290.48333333333335,0.519774011299435,0.6074766355140186,0.6053588389038491,,,,,,,,0.5014577259475219,,,,,
8476312,Josh Manson,D,COL,playoffs,24897.0,414.95,0.5094339622641509,0.6037735849056604,0.6027632075471698,,,,,,,,0.543859649122807,,,,,
8480002,Nico Hischier,F,NJD,playoffs,21523.0,358.71666666666664,0.4838709677419355,0.6,0.6017274193548386,,,,,,,,0.5454545454545454,,,,,
8474037,James van Riemsdyk,F,BOS,playoffs,7794.0,129.9,0.5576923076923077,0.6046511627906976,0.5984723166368515,,,,,,,,0.4782608695652174,,,,,
8482155,Alex Laferriere,F,LAK,playoffs,10515.0,175.25,0.5368421052631579,0.6,0.5960542105263158,,,,,,,,0.508130081300813,,,,,
8475343,Nic Dowd,F,WSH,playoffs,12427.0,207.11666666666667,0.5096153846153846,0.5967741935483871,0.5957443858560795,,,,,,,,0.4845360824742268,,,,,
8474600,Roman Josi,D,NSH,playoffs,9262.0,154.36666666666667,0.4318181818181818,0.5869565217391305,0.5942587944664032,,,,,,,,0.5432098765432098,,,,,
8478047,Michael Bunting,F,TOR,playoffs,6161.0,102.68333333333334,0.32786885245901637,0.575,0.5934352459016393,,,,,,,,0.5303030303030303,,,,,
8480459,Pius Suter,F,VAN,playoffs,11207.0,186.78333333333333,0.38202247191011235,0.5774647887323944,0.5901001819908214,,,,,,,,0.53125,,,,,
8477501,Valeri Nichushkin,F,COL,playoffs,21431.0,357.18333333333334,0.46774193548387094,0.5855855855855856,0.589040424295263,,,,,,,,0.5902964959568733,,,,,
8480192,Johnathan Kovacevic,D,NJD,playoffs,2519.0,41.983333333333334,0.4583333333333333,0.5833333333333334,0.5877958333333334,,,,,,,,0.5555555555555556,,,,,
8475764,Cam Fowler,D,STL,playoffs,9781.0,163.01666666666668,0.4457831325301205,0.5818181818181818,0.5876248083242059,,,,,,,,0.5629139072847682,,,,,
8475855,Jesper Fast,F,CAR,playoffs,15094.0,251.56666666666666,0.4906832298136646,0.5855855855855856,0.5865834116725421,,,,,,,,0.5656934306569343,,,,,
8476468,J.T. Miller,F,VAN,playoffs,16726.0,278.76666666666665,0.3724137931034483,0.5729166666666666,0.5865811494252873,,,,,,,,0.5354609929078015,,,,,
8470610,Zach Parise,F,COL,playoffs,15003.0,250.05,0.45185185185185184,0.5795454545454546,0.5847021212121213,,,,,,,,0.5063291139240507,,,,,
8483570,Ben Meyers,F,COL,playoffs,1981.0,33.016666666666666,0.5333333333333333,0.5882352941176471,0.5846652941176471,,,,,,,,0.5094339622641509,,,,,
8477508,Curtis Lazar,F,NJD,playoffs,2814.0,46.9,0.3225806451612903,0.5652173913043478,0.5842190042075736,,,,,,,,0.509090909090909,,,,,
8478864,Kirill Kaprizov,F,MIN,playoffs,16566.0,276.1,0.5294117647058824,0.5866666666666667,0.5835166666666667,,,,,,,,0.5498154981549815,,,,,
8475208,Brian Dumoulin,D,NJD,playoffs,8807.0,146.78333333333333,0.4142857142857143,0.5740740740740741,0.583254074074074,,,,,,,,0.4425287356321839,,,,,
8478450,Parker Wotherspoon,D,BOS,playoffs,10533.0,175.55,0.5454545454545454,0.5869565217391305,0.5820883399209487,,,,,,,,0.5121951219512195,,,,,
8478493,Joel Eriksson Ek,F,MIN,playoffs,7937.0,132.28333333333333,0.5487804878048781,0.5862068965517241,0.5809825063078217,,,,,,,,0.5163934426229508,,,,,
8480069,Cale Makar,D,COL,playoffs,38298.0,638.3,0.4401114206128134,0.5739910313901345,0.5804050982425022,,,,,,,,0.5828488372093024,,,,,
8476854,Hampus Lindholm,D,BOS,playoffs,26588.0,443.1333333333333,0.5300751879699248,0.5818181818181818,0.5785971291866029,,,,,,,,0.5112359550561798,,,,,
8479576,Vincent Desharnais,D,EDM,playoffs,26387.0,439.78333333333336,0.4727272727272727,0.5755395683453237,0.5784604774362329,,,,,,,,0.5300925925925926,,,,,
8480027,Jason Robertson,F,DAL,playoffs,54358.0,905.9666666666667,0.5229759299781181,0.5806451612903226,0.5781844391896662,,,,,,,,0.5128733264675592,,,,,
8476891,Matt Grzelcyk,D,BOS,playoffs,6389.0,106.48333333333333,0.3728813559322034,0.5641025641025641,0.5777169708822251,,,,,,,,0.5384615384615384,,,,,
8477930,Pierre-Edouard Bellemare,F,TBL,playoffs,4073.0,67.88333333333334,0.5142857142857142,0.5789473684210527,0.5774173684210526,,,,,,,,0.5263157894736842,,,,,
8484321,Nikolas Matinpalo,D,OTT,playoffs,4706.0,78.43333333333334,0.5555555555555556,0.5833333333333334,0.5773833333333334,,,,,,,,0.4574468085106383,,,,,
8479344,Jesse Puljujarvi,F,CAR,playoffs,4777.0,79.61666666666666,0.5434782608695652,0.5806451612903226,0.5759886395511922,,,,,,,,0.5652173913043478,,,,,
8481481,Blake Lizotte,F,LAK,playoffs,4854.0,80.9,0.6060606060606061,0.5862068965517241,0.5748478056426332,,,,,,,,0.6559139784946236,,,,,
8470794,Joe Pavelski,F,DAL,playoffs,35160.0,586.0,0.5128205128205128,0.5760869565217391,0.5747138795986623,,,,,,,,0.5016025641025641,,,,,
8479359,Beck Malenstyn,F,WSH,playoffs,2872.0,47.86666666666667,0.3333333333333333,0.5555555555555556,0.5734055555555556,,,,,,,,0.3684210526315789,,,,,
8477492,Nathan MacKinnon,F,COL,playoffs,35804.0,596.7333333333333,0.4393063583815029,0.5666666666666667,0.5731669556840077,,,,,,,,0.603085553997195,,,,,
8475181,Nick Leddy,D,STL,playoffs,5954.0,99.23333333333333,0.3793103448275862,0.56,0.5729258620689656,,,,,,,,0.48739495798319327,,,,,
8480049,Dylan Samberg,D,WPG,playoffs,28235.0,470.5833333333333,0.44878048780487806,0.5670731707317073,0.5725587804878048,,,,,,,,0.5383104125736738,,,,,
8476822,Luke Glendening,F,TBL,playoffs,17390.0,289.8333333333333,0.4728682170542636,0.5694444444444444,0.5723502583979327,,,,,,,,0.4857142857142857,,,,,
8476921,Jordan Martinook,F,CAR,playoffs,41445.0,690.75,0.4379391100702576,0.564,0.5706467213114753,,,,,,,,0.5771144278606966,,,,,
8476887,Filip Forsberg,F,NSH,playoffs,7354.0,122.56666666666666,0.36619718309859156,0.5555555555555556,0.5698858372456964,,,,,,,,0.5537190082644629,,,,,
8482087,Kaiden Guhle,D,MTL,playoffs,6541.0,109.01666666666667,0.5483870967741935,0.575,0.5698177419354838,,,,,,,,0.5194805194805194,,,,,
8480208,Drake Batherson,F,OTT,playoffs,6293.0,104.88333333333334,0.44680851063829785,0.5625,0.5681968085106383,,,,,,,,0.4953271028037383,,,,,
8479314,Matthew Tkachuk,F,FLA,playoffs,76702.0,1278.3666666666666,0.5293072824156305,0.5710955710955711,0.5679567611488571,,,,,,,,0.5578284815106216,,,,,
8476438,Brandon Saad,F,VGK,playoffs,6930.0,115.5,0.4383561643835616,0.5609756097560976,0.5675776645506182,,,,,,,,0.5639097744360902,,,,,
8477402,Pavel Buchnevich,F,STL,playoffs,8646.0,144.1,0.5373134328358209,0.5714285714285714,0.567432302771855,,,,,,,,0.5263157894736842,,,,,
8476907,Mackenzie MacEachern,F,CAR,playoffs,5697.0,94.95,0.4583333333333333,0.5614035087719298,0.5658660087719298,,,,,,,,0.6086956521739131,,,,,
8474568,Luke Schenn,D,WPG,playoffs,26877.0,447.95,0.5161290322580645,0.5675675675675675,0.5658401482127289,,,,,,,,0.4970873786407767,,,,,
8481540,Cole Caufield,F,MTL,playoffs,5873.0,97.88333333333334,0.6486486486486487,0.5813953488372093,0.565475078566939,,,,,,,,0.5867768595041323,,,,,
8479318,Auston Matthews,F,TOR,playoffs,37218.0,620.3,0.5227963525835866,0.5675675675675675,0.5651260782058655,,,,,,,,0.5137318255250404,,,,,
8479977,Kailer Yamamoto,F,EDM,playoffs,10588.0,176.46666666666667,0.44565217391304346,0.5584415584415584,0.5642622106154714,,,,,,,,0.5126903553299492,,,,,
8475287,Erik Haula,F,NJD,playoffs,18239.0,303.98333333333335,0.5987654320987654,0.5742574257425742,0.5636796479647964,,,,,,,,0.528125,,,,,
8476539,Jonathan Marchessault,F,VGK,playoffs,30857.0,514.2833333333333,0.496551724137931,0.5614973262032086,0.5618666365480361,,,,,,,,0.5351882160392799,,,,,
8482093,Seth Jarvis,F,CAR,playoffs,49465.0,824.4166666666666,0.44274809160305345,0.5555555555555556,0.5616872349448686,,,,,,,,0.5629820051413882,,,,,
8473533,Jordan Staal,F,CAR,playoffs,42273.0,704.55,0.4027777777777778,0.5509433962264151,0.5613558962264151,,,,,,,,0.5664160401002506,,,,,
8481557,Matt Boldy,F,MIN,playoffs,16522.0,275.3666666666667,0.464,0.5573770491803278,0.5612326491803278,,,,,,,,0.5224489795918368,,,,,
8476906,Shayne Gostisbehere,D,CAR,playoffs,33233.0,553.8833333333333,0.44280442804428044,0.5550239234449761,0.5611495692014337,,,,,,,,0.5938069216757741,,,,,
8480018,Nick Suzuki,F,MTL,playoffs,6681.0,111.35,0.5961538461538461,0.5714285714285714,0.5611304945054945,,,,,,,,0.5851851851851851,,,,,
8479385,Jordan Kyrou,F,STL,playoffs,7398.0,123.3,0.4807692307692308,0.5581395348837209,0.5601991502683363,,,,,,,,0.5166666666666667,,,,,
8478585,Derek Ryan,F,EDM,playoffs,17563.0,292.71666666666664,0.3973509933774834,0.5490196078431373,0.5600133164524088,,,,,,,,0.5371621621621622,,,,,
8479398,Samuel Girard,D,COL,playoffs,28661.0,477.68333333333334,0.4627450980392157,0.5555555555555556,0.5595455555555556,,,,,,,,0.5549738219895288,,,,,
8470621,Corey Perry,F,EDM,playoffs,36418.0,606.9666666666667,0.5301587301587302,0.5617977528089888,0.5585677528089888,,,,,,,,0.545144804088586,,,,,
8474031,Kevin Shattenkirk,D,BOS,playoffs,4827.0,80.45,0.4722222222222222,0.5555555555555556,0.5585305555555555,,,,,,,,0.42105263157894735,,,,,
8478472,Mathieu Joseph,F,STL,playoffs,2461.0,41.016666666666666,0.47368421052631576,0.5555555555555556,0.5583739766081872,,,,,,,,0.5526315789473685,,,,,
8476882,Teuvo Teravainen,F,CAR,playoffs,18724.0,312.06666666666666,0.4624277456647399,0.5543478260869565,0.5583718145262629,,,,,,,,0.6287625418060201,,,,,
8478421,A.J. Greer,F,FLA,playoffs,7328.0,122.13333333333334,0.42424242424242425,0.55,0.5581136363636364,,,,,,,,0.46835443037974683,,,,,
8481604,Pavel Dorofeyev,F,VGK,playoffs,8797.0,146.61666666666667,0.4666666666666667,0.5531914893617021,0.5567614893617021,,,,,,,,0.5766871165644172,,,,,
8475754,Brock Nelson,F,COL,playoffs,19509.0,325.15,0.4842105263157895,0.5538461538461539,0.5555372064777329,,,,,,,,0.46842105263157896,,,,,
8474102,David Perron,F,OTT,playoffs,4909.0,81.81666666666666,0.22727272727272727,0.5263157894736842,0.555524880382775,,,,,,,,0.44594594594594594,,,,,
8470966,Mark Giordano,D,TOR,playoffs,9878.0,164.63333333333333,0.41975308641975306,0.546875,0.5554694444444445,,,,,,,,0.5060240963855421,,,,,
8483425,Lian Bichsel,D,DAL,playoffs,12734.0,212.23333333333332,0.5714285714285714,0.5625,0.55485,,,,,,,,0.5675675675675675,,,,,
8477964,Ivan Barbashev,F,VGK,playoffs,38350.0,639.1666666666666,0.4986072423398329,0.5546875,0.5548366643454039,,,,,,,,0.4877149877149877,,,,,
8478046,Danton Heinen,F,BOS,playoffs,7344.0,122.4,0.3695652173913043,0.5405405405405406,0.5545101057579319,,,,,,,,0.5046728971962616,,,,,
8478427,Sebastian Aho,F,CAR,playoffs,51736.0,862.2666666666667,0.5279187817258884,0.5563636363636364,0.5533735348407938,,,,,,,,0.565,,,,,
8481582,Nicholas Robertson,F,TOR,playoffs,5323.0,88.71666666666667,0.42857142857142855,0.5454545454545454,0.5531045454545455,,,,,,,,0.5425531914893617,,,,,
8477447,Shea Theodore,D,VGK,playoffs,49904.0,831.7333333333333,0.5303370786516854,0.5563139931740614,0.5530648920504658,,,,,,,,0.5345413363533409,,,,,
8480803,Evan Bouchard,D,EDM,playoffs,88681.0,1478.0166666666667,0.5294924554183813,0.556,0.5528413580246914,,,,,,,,0.57123745819398,,,,,
8478542,Evan Rodrigues,F,FLA,playoffs,49627.0,827.1166666666667,0.44130434782608696,0.545774647887324,0.5520609522351501,,,,,,,,0.5439560439560439,,,,,
8478403,Jack Eichel,F,VGK,playoffs,49307.0,821.7833333333333,0.4812206572769953,0.549618320610687,0.5516295882163208,,,,,,,,0.507514450867052,,,,,
8481641,Joel Kiviranta,F,COL,playoffs,21254.0,354.23333333333335,0.46308724832214765,0.5476190476190477,0.5515724033237457,,,,,,,,0.5078534031413613,,,,,
8479661,Tanner Jeannot,F,TBL,playoffs,4503.0,75.05,0.4090909090909091,0.5416666666666666,0.5514030303030303,,,,,,,,0.5056179775280899,,,,,
8483515,Juraj Slafkovský,F,MTL,playoffs,5960.0,99.33333333333333,0.5909090909090909,0.5609756097560976,0.551239246119734,,,,,,,,0.5813953488372093,,,,,
8480336,Sean Walker,D,CAR,playoffs,26823.0,447.05,0.5110132158590308,0.5522388059701493,0.551059290551647,,,,,,,,0.5563380281690141,,,,,
8478970,Jalen Chatfield,D,CAR,playoffs,38252.0,637.5333333333333,0.4305555555555556,0.5434782608695652,0.5509157608695652,,,,,,,,0.5714285714285714,,,,,
8477934,Leon Draisaitl,F,EDM,playoffs,78804.0,1313.4,0.5197889182058048,0.5528089887640449,0.5506895956242033,,,,,,,,0.5334805003679176,,,,,
8473504,Cal Clutterbuck,F,NYI,playoffs,7148.0,119.13333333333334,0.4838709677419355,0.5483870967741935,0.5501145161290322,,,,,,,,0.36363636363636365,,,,,
8476853,Morgan Rielly,D,TOR,playoffs,43458.0,724.3,0.5024390243902439,0.5496688741721855,0.5494076546599903,,,,,,,,0.5046082949308756,,,,,
8480865,Noah Dobson,D,NYI,playoffs,14498.0,241.63333333333333,0.3935483870967742,0.5376344086021505,0.549035376344086,,,,,,,,0.5,,,,,
8475786,Zach Hyman,F,EDM,playoffs,61707.0,1028.45,0.5172413793103449,0.549618320610687,0.5477717688865491,,,,,,,,0.5455326460481099,,,,,
8478469,Thomas Chabot,D,OTT,playoffs,9115.0,151.91666666666666,0.5119047619047619,0.5490196078431373,0.5477446078431373,,,,,,,,0.5497076023391813,,,,,
8478420,Mikko Rantanen,F,DAL,playoffs,47356.0,789.2666666666667,0.45433255269320844,0.5427509293680297,0.5476419129745871,,,,,,,,0.5396825396825397,,,,,
8477939,William Nylander,F,TOR,playoffs,32704.0,545.0666666666667,0.4517241379310345,0.5422222222222223,0.5473925670498084,,,,,,,,0.5007974481658692,,,,,
8478109,Victor Olofsson,F,VGK,playoffs,7757.0,129.28333333333333,0.37254901960784315,0.5333333333333333,0.5469833333333334,,,,,,,,0.46923076923076923,,,,,
8475791,Taylor Hall,F,CAR,playoffs,19461.0,324.35,0.4810126582278481,0.5447761194029851,0.5468096637067825,,,,,,,,0.5570291777188329,,,,,
8475825,Jani Hakanpää,D,DAL,playoffs,18509.0,308.48333333333335,0.5818181818181818,0.5555555555555556,0.5467928282828283,,,,,,,,0.46178343949044587,,,,,
8477950,Tony DeAngelo,D,CAR,playoffs,9208.0,153.46666666666667,0.4878048780487805,0.5454545454545454,0.5467606430155211,,,,,,,,0.6262626262626263,,,,,
8474013,Ian Cole,D,VAN,playoffs,19887.0,331.45,0.4900662251655629,0.5454545454545454,0.5465184527393137,,,,,,,,0.5137614678899083,,,,,
8477478,William Carrier,F,CAR,playoffs,25772.0,429.53333333333336,0.48444444444444446,0.5443786982248521,0.546044698224852,,,,,,,,0.5270758122743683,,,,,
8479345,Jakob Chychrun,D,WSH,playoffs,14325.0,238.75,0.5285714285714286,0.5487804878048781,0.5457204878048781,,,,,,,,0.43656716417910446,,,,,
8475188,Brayden McNabb,D,VGK,playoffs,47078.0,784.6333333333333,0.55,0.5503597122302158,0.5450047122302158,,,,,,,,0.5060240963855421,,,,,
8471669,Paul Stastny,F,CAR,playoffs,11075.0,184.58333333333334,0.4117647058823529,0.5352112676056338,0.5446612676056337,,,,,,,,0.5812807881773399,,,,,
8483457,Lane Hutson,D,MTL,playoffs,7452.0,124.2,0.6666666666666666,0.5625,0.54465,,,,,,,,0.5584415584415584,,,,,
8478444,Brock Boeser,F,VAN,playoffs,14619.0,243.65,0.34513274336283184,0.5274725274725275,0.5440588106583681,,,,,,,,0.5202952029520295,,,,,
8476462,Dougie Hamilton,D,NJD,playoffs,22533.0,375.55,0.5021097046413502,0.54421768707483,0.5439917377077413,,,,,,,,0.4956140350877193,,,,,
8475842,Sam Carrick,F,EDM,playoffs,5583.0,93.05,0.5151515151515151,0.5454545454545454,0.5438318181818181,,,,,,,,0.48623853211009177,,,,,
8478449,Roope Hintz,F,DAL,playoffs,54181.0,903.0166666666667,0.5228758169934641,0.5460526315789473,0.5436026315789474,,,,,,,,0.5010638297872341,,,,,
8475718,Justin Holl,D,TOR,playoffs,9482.0,158.03333333333333,0.5,0.5434782608695652,0.5434782608695652,,,,,,,,0.5193798449612403,,,,,
8478402,Connor McDavid,F,EDM,playoffs,83868.0,1397.8,0.5240174672489083,0.5458333333333333,0.5432610625909752,,,,,,,,0.5593575418994413,,,,,
8475750,Jon Merrill,D,MIN,playoffs,3450.0,57.5,0.4074074074074074,0.5333333333333333,0.54325,,,,,,,,0.5084745762711864,,,,,
8481656,Aliaksei Protas,F,WSH,playoffs,9928.0,165.46666666666667,0.632183908045977,0.5573770491803278,0.5432201526286037,,,,,,,,0.47904191616766467,,,,,
8478843,Denis Malgin,F,COL,playoffs,3211.0,53.516666666666666,0.5217391304347826,0.5454545454545454,0.5431262845849802,,,,,,,,0.5866666666666667,,,,,
8475171,Oliver Ekman-Larsson,D,TOR,playoffs,37103.0,618.3833333333333,0.4904109589041096,0.541871921182266,0.5428989074836359,,,,,,,,0.5391432791728212,,,,,
8478483,Mitch Marner,F,TOR,playoffs,42173.0,702.8833333333333,0.5391061452513967,0.5466666666666666,0.542478398510242,,,,,,,,0.4815950920245399,,,,,
8482720,Matthew Knies,F,TOR,playoffs,27296.0,454.93333333333334,0.5137254901960784,0.543859649122807,0.5423896491228071,,,,,,,,0.47280334728033474,,,,,
8475690,Chris Tanev,D,TOR,playoffs,40856.0,680.9333333333333,0.5456989247311828,0.5466666666666666,0.5417723118279569,,,,,,,,0.49259757738896365,,,,,
8478401,Pavel Zacha,F,BOS,playoffs,21559.0,359.31666666666666,0.5243243243243243,0.543859649122807,0.5412545139876719,,,,,,,,0.5333333333333333,,,,,
8481606,Jordan Spence,D,LAK,playoffs,6957.0,115.95,0.56,0.5476190476190477,0.5411930476190476,,,,,,,,0.5642857142857143,,,,,
8480800,Quinn Hughes,D,VAN,playoffs,19050.0,317.5,0.4444444444444444,0.5350877192982456,0.5410377192982456,,,,,,,,0.5726744186046512,,,,,
8478466,Daniel Sprong,F,NJD,playoffs,5797.0,96.61666666666666,0.4772727272727273,0.5384615384615384,0.5408956293706293,,,,,,,,0.5333333333333333,,,,,
8481535,Nils Hoglander,F,VAN,playoffs,6601.0,110.01666666666667,0.5517241379310345,0.5454545454545454,0.5399148902821316,,,,,,,,0.5588235294117647,,,,,
8482702,Logan Stankoven,F,CAR,playoffs,32254.0,537.5666666666667,0.49280575539568344,0.5388888888888889,0.5396593924860111,,,,,,,,0.5282714054927302,,,,,
8475149,Marcus Johansson,F,MIN,playoffs,11519.0,191.98333333333332,0.30158730158730157,0.5178571428571429,0.5391071428571429,,,,,,,,0.49444444444444446,,,,,
8479638,Justin Brazeau,F,MIN,playoffs,9342.0,155.7,0.4942528735632184,0.5384615384615384,0.5390770557029178,,,,,,,,0.4235294117647059,,,,,
8475158,Ryan O'Reilly,F,NSH,playoffs,21406.0,356.76666666666665,0.4245810055865922,0.5309734513274337,0.5390508256291097,,,,,,,,0.5059171597633136,,,,,
8480830,Andrei Svechnikov,F,CAR,playoffs,28759.0,479.31666666666666,0.5925925925925926,0.5485714285714286,0.5386547619047619,,,,,,,,0.585603112840467,,,,,
8477935,Sam Bennett,F,FLA,playoffs,67615.0,1126.9166666666667,0.550185873605948,0.5432692307692307,0.5378943237060337,,,,,,,,0.5529122231337161,,,,,
8481719,Max Crozier,D,TBL,playoffs,2564.0,42.733333333333334,0.4583333333333333,0.5333333333333333,0.5377958333333334,,,,,,,,0.6129032258064516,,,,,
8477845,Trevor van Riemsdyk,D,WSH,playoffs,12430.0,207.16666666666666,0.4383561643835616,0.5301204819277109,0.5367225367222315,,,,,,,,0.47560975609756095,,,,,
8476871,Tanner Pearson,F,VGK,playoffs,4232.0,70.53333333333333,0.5909090909090909,0.5454545454545454,0.5357181818181818,,,,,,,,0.5294117647058824,,,,,
8482113,Anton Lundell,F,FLA,playoffs,68473.0,1141.2166666666667,0.48414023372287146,0.5336658354114713,0.5353644163797517,,,,,,,,0.4955393349553934,,,,,
8475166,John Tavares,F,TOR,playoffs,34857.0,580.95,0.4812286689419795,0.5333333333333333,0.5353437428896474,,,,,,,,0.4772370486656201,,,,,
8478874,Adam Gaudette,F,OTT,playoffs,3342.0,55.7,0.5294117647058824,0.5384615384615384,0.5353115384615384,,,,,,,,0.4,,,,,
8476392,Adam Lowry,F,WPG,playoffs,23382.0,389.7,0.47368421052631576,0.5307692307692308,0.5335876518218624,,,,,,,,0.5463414634146342,,,,,
8473419,Brad Marchand,F,FLA,playoffs,43752.0,729.2,0.4856396866840731,0.532,0.5335379895561358,,,,,,,,0.5328185328185329,,,,,
8476892,Colton Parayko,D,STL,playoffs,10130.0,168.83333333333334,0.4523809523809524,0.5283018867924528,0.5334018867924528,,,,,,,,0.5228758169934641,,,,,
8484186,Ryan Leonard,F,WSH,playoffs,4868.0,81.13333333333334,0.325,0.5135135135135135,0.5322560135135135,,,,,,,,0.4895833333333333,,,,,
8481528,Dylan Cozens,F,OTT,playoffs,5974.0,99.56666666666666,0.5106382978723404,0.5333333333333333,0.5321939716312056,,,,,,,,0.5157894736842106,,,,,
8476923,Damon Severson,D,NJD,playoffs,13354.0,222.56666666666666,0.5283018867924528,0.5348837209302325,0.5318525888547608,,,,,,,,0.5301724137931034,,,,,
8480848,Ty Dellandrea,F,DAL,playoffs,17645.0,294.0833333333333,0.5317460317460317,0.5346534653465347,0.5312534653465347,,,,,,,,0.5231788079470199,,,,,
8480222,Sebastian Aho,D,NYI,playoffs,5686.0,94.76666666666667,0.358974358974359,0.5161290322580645,0.5312328784119107,,,,,,,,0.4132231404958678,,,,,
8477933,Sam Reinhart,F,FLA,playoffs,86119.0,1435.3166666666666,0.48261474269819193,0.5292792792792793,0.5311412403363029,,,,,,,,0.5115413253909159,,,,,
8480802,Ryan McLeod,F,EDM,playoffs,29527.0,492.1166666666667,0.4845814977973568,0.5294117647058824,0.5310630862917854,,,,,,,,0.5118110236220472,,,,,
8481559,Jack Hughes,F,NJD,playoffs,14202.0,236.7,0.5137614678899083,0.5324675324675324,0.5309936792565233,,,,,,,,0.4878048780487805,,,,,
8477220,Nate Schmidt,D,FLA,playoffs,31652.0,527.5333333333333,0.48484848484848486,0.5287958115183246,0.5304185387910518,,,,,,,,0.5307167235494881,,,,,
8474613,Derek Stepan,F,CAR,playoffs,7898.0,131.63333333333333,0.43010752688172044,0.5227272727272727,0.5302127565982404,,,,,,,,0.5833333333333334,,,,,
8475179,Dmitry Kulikov,D,FLA,playoffs,43270.0,721.1666666666666,0.48564593301435405,0.528,0.5295373205741627,,,,,,,,0.5306666666666666,,,,,
8482077,Dylan Holloway,F,EDM,playoffs,17262.0,287.7,0.48148148148148145,0.5272727272727272,0.5292560606060606,,,,,,,,0.4919786096256685,,,,,
8482089,Jake Neighbours,F,STL,playoffs,7500.0,125.0,0.4423076923076923,0.5227272727272727,0.5289061188811188,,,,,,,,0.4785714285714286,,,,,
8476925,Colton Sissons,F,NSH,playoffs,6112.0,101.86666666666666,0.5238095238095238,0.53125,0.5287,,,,,,,,0.41237113402061853,,,,,
8475168,Matt Duchene,F,DAL,playoffs,37502.0,625.0333333333333,0.5281899109792285,0.5315315315315315,0.5285123920656561,,,,,,,,0.5311143270622286,,,,,
8475200,Dmitry Orlov,D,CAR,playoffs,43265.0,721.0833333333334,0.46153846153846156,0.5238095238095238,0.5279287545787547,,,,,,,,0.5665083135391924,,,,,
8478136,Jake Middleton,D,MIN,playoffs,15303.0,255.05,0.5165562913907285,0.5294117647058824,0.5276385858979353,,,,,,,,0.4777777777777778,,,,,
8475167,Victor Hedman,D,TBL,playoffs,22174.0,369.56666666666666,0.5120481927710844,0.5289256198347108,0.5276352583889277,,,,,,,,0.5573333333333333,,,,,
8478115,Pierre Engvall,F,NYI,playoffs,10400.0,173.33333333333334,0.41836734693877553,0.5185185185185185,0.5272613756613757,,,,,,,,0.49099099099099097,,,,,
8483808,Andrei Kuzmenko,F,LAK,playoffs,6570.0,109.5,0.37254901960784315,0.5135135135135135,0.5271635135135135,,,,,,,,0.4074074074074074,,,,,
8471698,T.J. Oshie,F,WSH,playoffs,4457.0,74.28333333333333,0.7142857142857143,0.55,0.52705,,,,,,,,0.5066666666666667,,,,,
8481556,John Beecher,F,BOS,playoffs,7720.0,128.66666666666666,0.5,0.525,0.525,,,,,,,,0.36619718309859156,,,,,
8477495,Seth Jones,D,FLA,playoffs,35195.0,586.5833333333334,0.46494464944649444,0.5212121212121212,0.5249665492564017,,,,,,,,0.5038167938931297,,,,,
8480011,Klim Kostin,F,EDM,playoffs,5569.0,92.81666666666666,0.27450980392156865,0.5,0.52415,,,,,,,,0.4878048780487805,,,,,
8475218,Mattias Ekholm,D,EDM,playoffs,57768.0,962.8,0.5334608030592735,0.5270655270655271,0.5234818750578789,,,,,,,,0.5498046875,,,,,
8474149,Evgenii Dadonov,F,DAL,playoffs,40761.0,679.35,0.472,0.5204460966542751,0.5234448966542751,,,,,,,,0.4827586206896552,,,,,
8478443,Brandon Carlo,D,TOR,playoffs,38889.0,648.15,0.5171339563862928,0.5251141552511416,0.5232791085221696,,,,,,,,0.47547683923705725,,,,,
8475220,Marcus Foligno,F,MIN,playoffs,10787.0,179.78333333333333,0.5267857142857143,0.5254237288135594,0.5225549788135594,,,,,,,,0.44221105527638194,,,,,
8482684,Luke Hughes,D,NJD,playoffs,4806.0,80.1,0.42592592592592593,0.5142857142857142,0.5222190476190476,,,,,,,,0.5267857142857143,,,,,
8478055,Gustav Forsling,D,FLA,playoffs,98764.0,1646.0666666666666,0.5005945303210464,0.5221843003412969,0.5221206261439129,,,,,,,,0.5134408602150538,,,,,
8478440,Dylan Strome,F,WSH,playoffs,15327.0,255.45,0.49514563106796117,0.5212765957446809,0.5217964986573023,,,,,,,,0.45,,,,,
8477426,Nick Paul,F,TBL,playoffs,16160.0,269.3333333333333,0.3969465648854962,0.5104166666666666,0.52145368956743,,,,,,,,0.5641025641025641,,,,,
8479365,Trent Frederic,F,EDM,playoffs,28594.0,476.56666666666666,0.5,0.5213270142180095,0.5213270142180095,,,,,,,,0.4799301919720768,,,,,
8476448,William Karlsson,F,VGK,playoffs,41863.0,697.7166666666667,0.5014577259475219,0.5213270142180095,0.52117089176903,,,,,,,,0.5139500734214391,,,,,
8478859,Niko Mikkola,D,FLA,playoffs,59655.0,994.25,0.477112676056338,0.5186170212765957,0.5210682536709619,,,,,,,,0.4880847308031774,,,,,
8475755,Alexander Petrovic,D,DAL,playoffs,18065.0,301.0833333333333,0.5193798449612403,0.5229357798165137,0.5208601984211649,,,,,,,,0.532394366197183,,,,,
8482109,Alexis Lafrenière,F,NYR,playoffs,22032.0,367.2,0.509090909090909,0.5214285714285715,0.5204549350649351,,,,,,,,0.5299334811529933,,,,,
8481581,Thomas Harley,D,DAL,playoffs,73857.0,1230.95,0.5199409158050221,0.5225806451612903,0.5204449730785724,,,,,,,,0.5121776504297995,,,,,
8476463,Jonas Brodin,D,MIN,playoffs,18267.0,304.45,0.47468354430379744,0.5176470588235295,0.5203584512285927,,,,,,,,0.47720364741641336,,,,,
8475169,Evander Kane,F,EDM,playoffs,53033.0,883.8833333333333,0.4912959381044487,0.5193370165745856,0.5202692216035992,,,,,,,,0.5053859964093357,,,,,
8476422,Mike Reilly,D,NYI,playoffs,5684.0,94.73333333333333,0.6046511627906976,0.53125,0.5200418604651162,,,,,,,,0.4482758620689655,,,,,
8477451,Ryan Hartman,F,MIN,playoffs,11935.0,198.91666666666666,0.5233644859813084,0.5223880597014925,0.5198857232528944,,,,,,,,0.5113122171945701,,,,,
8479525,Ross Colton,F,COL,playoffs,13859.0,230.98333333333332,0.40625,0.509090909090909,0.5191315340909091,,,,,,,,0.509090909090909,,,,,
8475170,Brayden Schenn,F,STL,playoffs,7554.0,125.9,0.43137254901960786,0.5111111111111111,0.518461111111111,,,,,,,,0.47368421052631576,,,,,
8480980,Connor Dewar,F,TOR,playoffs,8132.0,135.53333333333333,0.46551724137931033,0.5142857142857142,0.5179788177339901,,,,,,,,0.4715447154471545,,,,,
8477932,Aaron Ekblad,D,FLA,playoffs,88741.0,1479.0166666666667,0.5099075297225891,0.5187376725838264,0.5176765761505371,,,,,,,,0.5131744040150564,,,,,
8474716,Jared Spurgeon,D,MIN,playoffs,16915.0,281.9166666666667,0.5103448275862069,0.5185185185185185,0.5174105874840357,,,,,,,,0.4945054945054945,,,,,
8476958,Jaccob Slavin,D,CAR,playoffs,56714.0,945.2333333333333,0.4876660341555977,0.5156695156695157,0.5169904834114512,,,,,,,,0.5384615384615384,,,,,
8482110,Dawson Mercer,F,NJD,playoffs,18299.0,304.98333333333335,0.4745762711864407,0.514018691588785,0.5167415729447172,,,,,,,,0.4867549668874172,,,,,
8478462,Nicolas Roy,F,VGK,playoffs,35071.0,584.5166666666667,0.5363984674329502,0.520618556701031,0.516720280838962,,,,,,,,0.5131147540983606,,,,,
8477409,Carter Verhaeghe,F,FLA,playoffs,79102.0,1318.3666666666666,0.4785100286532951,0.514344262295082,0.5166458382263142,,,,,,,,0.5258562793821356,,,,,
8474151,Ryan McDonagh,D,TBL,playoffs,14306.0,238.43333333333334,0.4621212121212121,0.5125,0.5165568181818181,,,,,,,,0.4980694980694981,,,,,
8477493,Aleksander Barkov,F,FLA,playoffs,86572.0,1442.8666666666666,0.46785225718194257,0.5131004366812227,0.5165434599370367,,,,,,,,0.521044992743106,,,,,
8480036,Miro Heiskanen,D,DAL,playoffs,74412.0,1240.2,0.47891156462585033,0.5130023640661938,0.5152609354947653,,,,,,,,0.4973743435858965,,,,,
8476880,Tom Wilson,F,WSH,playoffs,16571.0,276.18333333333334,0.6259541984732825,0.5287356321839081,0.5152459375274195,,,,,,,,0.45323741007194246,,,,,
8479944,Zachary Aston-Reese,F,TOR,playoffs,3200.0,53.333333333333336,0.5806451612903226,0.5238095238095238,0.5151724270353303,,,,,,,,0.4444444444444444,,,,,
8483495,Simon Nemec,D,NJD,playoffs,5028.0,83.8,0.5,0.5151515151515151,0.5151515151515151,,,,,,,,0.43820224719101125,,,,,
8477998,Warren Foegele,F,LAK,playoffs,31145.0,519.0833333333334,0.4521072796934866,0.5097087378640777,0.5148380482089052,,,,,,,,0.5266666666666666,,,,,
8478911,Matt Roy,D,WSH,playoffs,27944.0,465.73333333333335,0.48559670781893005,0.5130890052356021,0.5146315978281947,,,,,,,,0.49119718309859156,,,,,
8479425,Filip Hronek,D,VAN,playoffs,16411.0,273.51666666666665,0.4647887323943662,0.5096153846153846,0.5133865113759479,,,,,,,,0.5183946488294314,,,,,
8478010,Brayden Point,F,TBL,playoffs,20122.0,335.3666666666667,0.5212121212121212,0.5149253731343284,0.5126535549525102,,,,,,,,0.5305039787798409,,,,,
8470613,Brent Burns,D,CAR,playoffs,59053.0,984.2166666666667,0.472168905950096,0.5087209302325582,0.5117016404053029,,,,,,,,0.5447830101569714,,,,,
8478452,Caleb Jones,D,COL,playoffs,2042.0,34.03333333333333,0.6666666666666666,0.5294117647058824,0.5115617647058823,,,,,,,,0.48936170212765956,,,,,
8480023,Robert Thomas,F,STL,playoffs,8817.0,146.95,0.5194805194805194,0.5135135135135135,0.5114271498771499,,,,,,,,0.5039370078740157,,,,,
8475794,Tyler Seguin,F,DAL,playoffs,54432.0,907.2,0.46611909650924027,0.5075075075075075,0.5111361522713679,,,,,,,,0.5057142857142857,,,,,
8476869,Brady Skjei,D,CAR,playoffs,35489.0,591.4833333333333,0.4738292011019284,0.5069124423963134,0.5097153349582969,,,,,,,,0.56071964017991,,,,,
8477942,Kevin Fiala,F,LAK,playoffs,16793.0,279.8833333333333,0.5037593984962406,0.5098039215686274,0.50940128998968,,,,,,,,0.5032679738562091,,,,,
8475765,Vladimir Tarasenko,F,FLA,playoffs,25648.0,427.46666666666664,0.5607843137254902,0.515527950310559,0.509017950310559,,,,,,,,0.500998003992016,,,,,
8478882,Vladislav Gavrikov,D,LAK,playoffs,21333.0,355.55,0.45263157894736844,0.5033557046979866,0.5084288625927235,,,,,,,,0.5279642058165548,,,,,
8480009,Eeli Tolvanen,F,SEA,playoffs,13721.0,228.68333333333334,0.42452830188679247,0.5,0.5080830188679245,,,,,,,,0.4925373134328358,,,,,
8476856,Mathew Dumba,D,TBL,playoffs,12926.0,215.43333333333334,0.48695652173913045,0.5066666666666667,0.5080636231884058,,,,,,,,0.5182186234817814,,,,,
8477425,Miles Wood,F,COL,playoffs,15154.0,252.56666666666666,0.4772727272727273,0.5042016806722689,0.5066357715813598,,,,,,,,0.47761194029850745,,,,,
8479372,Joshua Mahura,D,FLA,playoffs,16460.0,274.3333333333333,0.4397163120567376,0.5,0.5064563829787234,,,,,,,,0.5,,,,,
8477416,Oliver Bjorkstrand,F,SEA,playoffs,14753.0,245.88333333333333,0.39622641509433965,0.49514563106796117,0.5062597820113574,,,,,,,,0.4913494809688581,,,,,
8481624,Ilya Mikheyev,F,VAN,playoffs,7988.0,133.13333333333333,0.576271186440678,0.5142857142857142,0.5061170702179176,,,,,,,,0.549618320610687,,,,,
8471677,Jack Johnson,D,COL,playoffs,11706.0,195.1,0.5066666666666667,0.5063291139240507,0.5056151139240507,,,,,,,,0.401673640167364,,,,,
8482122,Brock Faber,D,MIN,playoffs,14983.0,249.71666666666667,0.4482758620689655,0.5,0.5055396551724138,,,,,,,,0.4842105263157895,,,,,
8477479,Tyler Bertuzzi,F,TOR,playoffs,15330.0,255.5,0.5416666666666666,0.51,0.5055375,,,,,,,,0.5636942675159236,,,,,
8481477,Nico Sturm,F,FLA,playoffs,4310.0,71.83333333333333,0.45161290322580644,0.5,0.5051822580645161,,,,,,,,0.43103448275862066,,,,,
8474189,Lars Eller,F,WSH,playoffs,11714.0,195.23333333333332,0.45544554455445546,0.5,0.5047717821782178,,,,,,,,0.46218487394957986,,,,,
8479980,Nicolas Hague,D,VGK,playoffs,36195.0,603.25,0.4806451612903226,0.5023923444976076,0.5044652477234141,,,,,,,,0.4554317548746518,,,,,
8477435,Ryan Graves,D,NJD,playoffs,11882.0,198.03333333333333,0.5222222222222223,0.5066666666666667,0.5042866666666667,,,,,,,,0.5,,,,,
8476873,Mark Jankowski,F,CAR,playoffs,8509.0,141.81666666666666,0.5616438356164384,0.5102040816326531,0.5036020268381325,,,,,,,,0.5766871165644172,,,,,
8476525,Colin Miller,D,WPG,playoffs,14331.0,238.85,0.47058823529411764,0.5,0.50315,,,,,,,,0.5353159851301115,,,,,
8473446,Erik Johnson,D,COL,playoffs,7709.0,128.48333333333332,0.5686274509803921,0.5098039215686274,0.5024539215686274,,,,,,,,0.4840764331210191,,,,,
8480829,Jesperi Kotkaniemi,F,CAR,playoffs,33752.0,562.5333333333333,0.5051194539249146,0.5023255813953489,0.5017772878799905,,,,,,,,0.5399408284023669,,,,,
8480796,Martin Fehérváry,D,WSH,playoffs,5219.0,86.98333333333333,0.4857142857142857,0.5,0.50153,,,,,,,,0.4270833333333333,,,,,
8473994,Jamie Benn,F,DAL,playoffs,50338.0,838.9666666666667,0.4774590163934426,0.49834983498349833,0.5007639743277607,,,,,,,,0.4731182795698925,,,,,
8477507,Nikita Zadorov,D,VAN,playoffs,15720.0,262.0,0.49624060150375937,0.5,0.5004026315789474,,,,,,,,0.5085910652920962,,,,,
8476480,Vladislav Namestnikov,F,WPG,playoffs,20431.0,340.51666666666665,0.4965986394557823,0.5,0.5003642857142857,,,,,,,,0.5174603174603175,,,,,
8482740,Wyatt Johnston,F,DAL,playoffs,63786.0,1063.1,0.4791666666666667,0.49712643678160917,0.4993576867816092,,,,,,,,0.467697907188353,,,,,
8477987,Ryan Donato,F,SEA,playoffs,7673.0,127.88333333333334,0.5070422535211268,0.5,0.49924577464788733,,,,,,,,0.5031055900621118,,,,,
8480727,Zach Whitecloud,D,VGK,playoffs,41776.0,696.2666666666667,0.48739495798319327,0.4957627118644068,0.4971127118644068,,,,,,,,0.47642679900744417,,,,,
8476897,Oskar Sundqvist,F,STL,playoffs,7197.0,119.95,0.2916666666666667,0.47368421052631576,0.4959967105263158,,,,,,,,0.48514851485148514,,,,,
8479325,Charlie McAvoy,D,BOS,playoffs,31019.0,516.9833333333333,0.49044585987261147,0.49489795918367346,0.49592120759131675,,,,,,,,0.5071174377224199,,,,,
8482105,Jake Sanderson,D,OTT,playoffs,9534.0,158.9,0.42528735632183906,0.4878048780487805,0.4958066021867115,,,,,,,,0.5348837209302325,,,,,
8476902,Esa Lindell,D,DAL,playoffs,77422.0,1290.3666666666666,0.5,0.49539170506912444,0.49539170506912444,,,,,,,,0.45501097293343085,,,,,
8480762,Eric Robinson,F,CAR,playoffs,10282.0,171.36666666666667,0.4742268041237113,0.4925373134328358,0.4952976227111863,,,,,,,,0.5324675324675324,,,,,
8474602,Justin Schultz,D,SEA,playoffs,13361.0,222.68333333333334,0.5473684210526316,0.5,0.49492684210526317,,,,,,,,0.4899598393574297,,,,,
8480003,Jesper Boqvist,F,FLA,playoffs,15833.0,263.8833333333333,0.3875968992248062,0.4827586206896552,0.49479699278267847,,,,,,,,0.4440894568690096,,,,,
8474590,John Carlson,D,WSH,playoffs,21557.0,359.28333333333336,0.5113636363636364,0.4954954954954955,0.49427845004095006,,,,,,,,0.43952802359882004,,,,,
8482929,Emil Lilleberg,D,TBL,playoffs,8899.0,148.31666666666666,0.44285714285714284,0.4878048780487805,0.4939248780487805,,,,,,,,0.5279503105590062,,,,,
8479981,Jonah Gadjovich,F,FLA,playoffs,7306.0,121.76666666666667,0.4383561643835616,0.48717948717948717,0.4937815419740077,,,,,,,,0.48717948717948717,,,,,
8478434,Keegan Kolesar,F,VGK,playoffs,24498.0,408.3,0.5297619047619048,0.4966887417218543,0.4935012417218543,,,,,,,,0.49390243902439024,,,,,
8481056,Spencer Stastney,D,NSH,playoffs,1976.0,32.93333333333333,0.5714285714285714,0.5,0.49235,,,,,,,,0.3333333333333333,,,,,
8477810,Joel Hanley,D,DAL,playoffs,10043.0,167.38333333333333,0.58,0.5,0.491432,,,,,,,,0.5583756345177665,,,,,
8470600,Ryan Suter,D,STL,playoffs,52034.0,867.2333333333333,0.4673913043478261,0.4875444839857651,0.4910368752901129,,,,,,,,0.4950787401574803,,,,,
8480185,Eetu Luostarinen,F,FLA,playoffs,59449.0,990.8166666666667,0.4635879218472469,0.4871060171919771,0.491005750762137,,,,,,,,0.4794520547945205,,,,,
8477986,Brandon Montour,D,FLA,playoffs,67215.0,1120.25,0.4827018121911038,0.4874715261958998,0.48932416211023255,,,,,,,,0.501206757843926,,,,,
8475191,Reilly Smith,F,VGK,playoffs,32505.0,541.75,0.5182481751824818,0.49122807017543857,0.48927369061339476,,,,,,,,0.4708994708994709,,,,,
8480995,Pontus Holmberg,F,TOR,playoffs,14066.0,234.43333333333334,0.3673469387755102,0.475,0.48920714285714284,,,,,,,,0.4857142857142857,,,,,
8478507,John Marino,D,NJD,playoffs,16343.0,272.3833333333333,0.5210084033613446,0.49107142857142855,0.4888214285714285,,,,,,,,0.4913494809688581,,,,,
8482511,Mason Lohrei,D,BOS,playoffs,11367.0,189.45,0.5462962962962963,0.49333333333333335,0.488375,,,,,,,,0.4826086956521739,,,,,
8475714,Calle Jarnkrok,F,TOR,playoffs,24593.0,409.8833333333333,0.425414364640884,0.48,0.4879881215469613,,,,,,,,0.4502487562189055,,,,,
8476967,Brett Kulak,D,EDM,playoffs,67424.0,1123.7333333333333,0.5190972222222222,0.48984771573604063,0.4878024032360406,,,,,,,,0.4923572003218021,,,,,
8476881,Tomas Hertl,F,VGK,playoffs,19861.0,331.01666666666665,0.48205128205128206,0.4854368932038835,0.48735920089619117,,,,,,,,0.5257142857142857,,,,,
8477903,Garnet Hathaway,F,BOS,playoffs,3971.0,66.18333333333334,0.43333333333333335,0.48,0.48713999999999996,,,,,,,,0.5,,,,,
8480246,Nick Perbix,D,TBL,playoffs,12826.0,213.76666666666668,0.452991452991453,0.4819277108433735,0.48696232622798885,,,,,,,,0.5580524344569289,,,,,
8477456,J.T. Compher,F,COL,playoffs,9507.0,158.45,0.4225352112676056,0.4782608695652174,0.4865573484384568,,,,,,,,0.43661971830985913,,,,,
8476454,Ryan Nugent-Hopkins,F,EDM,playoffs,70865.0,1181.0833333333333,0.4682203389830508,0.4827586206896552,0.48616222238457046,,,,,,,,0.49675625579240035,,,,,
8482100,Alexander Nikishin,D,CAR,playoffs,3836.0,63.93333333333333,0.6296296296296297,0.5,0.48611666666666664,,,,,,,,0.5675675675675675,,,,,
8481186,Logan O'Connor,F,COL,playoffs,10853.0,180.88333333333333,0.4393939393939394,0.4794520547945205,0.4859429638854296,,,,,,,,0.4788732394366197,,,,,
8477369,Carson Soucy,D,VAN,playoffs,24464.0,407.73333333333335,0.5098039215686274,0.4864864864864865,0.4854364864864865,,,,,,,,0.4369918699186992,,,,,
8478043,Sam Lafferty,F,VAN,playoffs,11684.0,194.73333333333332,0.5137614678899083,0.4864864864864865,0.48501263327547733,,,,,,,,0.4796380090497738,,,,,
8478013,Jake Walman,D,EDM,playoffs,26625.0,443.75,0.4708333333333333,0.4817073170731707,0.4848310670731707,,,,,,,,0.5449101796407185,,,,,
8475151,Kyle Palmieri,F,NYI,playoffs,11749.0,195.81666666666666,0.46534653465346537,0.4810126582278481,0.484724044366462,,,,,,,,0.40350877192982454,,,,,
8473453,Trevor Lewis,F,LAK,playoffs,3723.0,62.05,0.6470588235294118,0.5,0.48425,,,,,,,,0.6461538461538462,,,,,
8474565,Alex Pietrangelo,D,VGK,playoffs,53199.0,886.65,0.48,0.4817073170731707,0.4838493170731707,,,,,,,,0.48490749756572543,,,,,
8481524,Bowen Byram,D,COL,playoffs,9206.0,153.43333333333334,0.4691358024691358,0.4805194805194805,0.4838250360750361,,,,,,,,0.49295774647887325,,,,,
8478975,Mason Marchment,F,DAL,playoffs,44322.0,738.7,0.5260545905707196,0.4864864864864865,0.48369603983636245,,,,,,,,0.5111633372502937,,,,,
8476393,Nick Cousins,F,OTT,playoffs,27331.0,455.51666666666665,0.5753424657534246,0.49171270718232046,0.4836435291001287,,,,,,,,0.5106382978723404,,,,,
8480860,Kevin Bahl,D,NJD,playoffs,8919.0,148.65,0.5833333333333334,0.49206349206349204,0.483138492063492,,,,,,,,0.48823529411764705,,,,,
8474567,Zach Bogosian,D,MIN,playoffs,8517.0,141.95,0.43137254901960786,0.4745762711864407,0.4819262711864407,,,,,,,,0.48125,,,,,
8482149,Cole Perfetti,F,WPG,playoffs,13355.0,222.58333333333334,0.47191011235955055,0.4788732394366197,0.4818816664029118,,,,,,,,0.5625,,,,,
8476479,Phillip Danault,F,LAK,playoffs,19921.0,332.01666666666665,0.42045454545454547,0.4732824427480916,0.4818017609299098,,,,,,,,0.5013123359580053,,,,,
8476872,Scott Laughton,F,TOR,playoffs,10815.0,180.25,0.48717948717948717,0.48,0.4813730769230769,,,,,,,,0.42045454545454547,,,,,
8480835,Jack Drury,F,COL,playoffs,24917.0,415.28333333333336,0.4365482233502538,0.47435897435897434,0.4811546596381622,,,,,,,,0.5653061224489796,,,,,
8478463,Anthony Beauvillier,F,WSH,playoffs,12510.0,208.5,0.45,0.47560975609756095,0.48096475609756095,,,,,,,,0.43014705882352944,,,,,
8471699,Andrew Cogliano,F,COL,playoffs,8038.0,133.96666666666667,0.41818181818181815,0.4716981132075472,0.48046084048027443,,,,,,,,0.42758620689655175,,,,,
8477989,Christian Dvorak,F,MTL,playoffs,4911.0,81.85,0.35555555555555557,0.4642857142857143,0.4797557142857143,,,,,,,,0.5357142857142857,,,,,
8478891,Mason Appleton,F,WPG,playoffs,21303.0,355.05,0.5,0.4796747967479675,0.4796747967479675,,,,,,,,0.5269607843137255,,,,,
8474673,TJ Brodie,D,TOR,playoffs,16432.0,273.8666666666667,0.47692307692307695,0.47706422018348627,0.47953575864502473,,,,,,,,0.45918367346938777,,,,,
8482070,Mitchell Chaffee,F,TBL,playoffs,6365.0,106.08333333333333,0.43859649122807015,0.4722222222222222,0.4787985380116959,,,,,,,,0.5166666666666667,,,,,
8479400,Pierre-Luc Dubois,F,WSH,playoffs,21005.0,350.0833333333333,0.5607476635514018,0.48507462686567165,0.47856855209931654,,,,,,,,0.4572127139364303,,,,,
8478550,Artemi Panarin,F,NYR,playoffs,27974.0,466.23333333333335,0.5351351351351351,0.48214285714285715,0.4783798841698842,,,,,,,,0.51,,,,,
8476441,Joel Edmundson,D,LAK,playoffs,16201.0,270.01666666666665,0.4351145038167939,0.47115384615384615,0.4781030827950675,,,,,,,,0.47619047619047616,,,,,
8480801,Brady Tkachuk,F,OTT,playoffs,6584.0,109.73333333333333,0.5932203389830508,0.4878048780487805,0.47782097974369575,,,,,,,,0.6016949152542372,,,,,
8476453,Nikita Kucherov,F,TBL,playoffs,20786.0,346.43333333333334,0.49710982658959535,0.4772727272727273,0.4775822648449816,,,,,,,,0.5268817204301075,,,,,
8474679,Gustav Nyquist,F,MIN,playoffs,17086.0,284.76666666666665,0.42857142857142855,0.46987951807228917,0.47752951807228916,,,,,,,,0.4584717607973422,,,,,
8478569,Noel Acciari,F,TOR,playoffs,9867.0,164.45,0.4090909090909091,0.46774193548387094,0.4774782991202346,,,,,,,,0.42613636363636365,,,,,
8479675,Trevor Moore,F,LAK,playoffs,19283.0,321.3833333333333,0.39156626506024095,0.46564885496183206,0.47726210797388025,,,,,,,,0.5065616797900262,,,,,
8475314,Anders Lee,F,NYI,playoffs,11013.0,183.55,0.453781512605042,0.4722222222222222,0.4771722222222222,,,,,,,,0.5,,,,,
8482737,Zachary Bolduc,F,STL,playoffs,5582.0,93.03333333333333,0.44,0.47058823529411764,0.47701423529411763,,,,,,,,0.45454545454545453,,,,,
8478498,Jake DeBrusk,F,BOS,playoffs,20886.0,348.1,0.5495049504950495,0.48201438848920863,0.4767124082911888,,,,,,,,0.4723618090452261,,,,,
8481014,Alexander Romanov,D,NYI,playoffs,11046.0,184.1,0.4666666666666667,0.47297297297297297,0.476542972972973,,,,,,,,0.4745098039215686,,,,,
8480039,Martin Necas,F,COL,playoffs,37907.0,631.7833333333333,0.4956521739130435,0.4759825327510917,0.47644818492500474,,,,,,,,0.5563689604685212,,,,,
8473512,Claude Giroux,F,OTT,playoffs,6325.0,105.41666666666667,0.559322033898305,0.4827586206896552,0.4764052308591467,,,,,,,,0.5858585858585859,,,,,
8477956,David Pastrnak,F,BOS,playoffs,23960.0,399.3333333333333,0.5311004784688995,0.4797297297297297,0.47639886848571056,,,,,,,,0.5194508009153318,,,,,
8475913,Mark Stone,F,VGK,playoffs,44927.0,748.7833333333333,0.5081521739130435,0.47717842323651455,0.4763053254104276,,,,,,,,0.4540540540540541,,,,,
8476826,Yanni Gourde,F,TBL,playoffs,20845.0,347.4166666666667,0.44,0.46956521739130436,0.47599121739130434,,,,,,,,0.4740932642487047,,,,,
8480950,Ilya Lyubushkin,D,DAL,playoffs,21260.0,354.3333333333333,0.4880382775119617,0.47468354430379744,0.47596464478226636,,,,,,,,0.4583333333333333,,,,,
8478042,Viktor Arvidsson,F,EDM,playoffs,23164.0,386.06666666666666,0.5176470588235295,0.4768211920529801,0.4749311920529801,,,,,,,,0.5190156599552572,,,,,
8477498,Darnell Nurse,D,EDM,playoffs,74162.0,1236.0333333333333,0.4723127035830619,0.4714587737843552,0.47442408323060925,,,,,,,,0.4748102139406487,,,,,
8471214,Alex Ovechkin,F,WSH,playoffs,14915.0,248.58333333333334,0.45121951219512196,0.4691358024691358,0.4743601927130382,,,,,,,,0.44525547445255476,,,,,
8471817,Ryan Reaves,F,TOR,playoffs,5433.0,90.55,0.56,0.48,0.473574,,,,,,,,0.41414141414141414,,,,,
8475324,Nick Jensen,D,OTT,playoffs,8873.0,147.88333333333333,0.5689655172413793,0.48,0.47261379310344825,,,,,,,,0.5123456790123457,,,,,
8477488,Brett Pesce,D,NJD,playoffs,30843.0,514.05,0.463855421686747,0.4682926829268293,0.4721637672641787,,,,,,,,0.5033112582781457,,,,,
8478468,Jeremy Lauzon,D,NSH,playoffs,6655.0,110.91666666666667,0.3191489361702128,0.4523809523809524,0.4717501013171226,,,,,,,,0.4881889763779528,,,,,
8479987,Morgan Geekie,F,BOS,playoffs,21876.0,364.6,0.5042372881355932,0.4714285714285714,0.47097475786924936,,,,,,,,0.46443514644351463,,,,,
8475906,John Klingberg,D,EDM,playoffs,25834.0,430.56666666666666,0.4583333333333333,0.46629213483146065,0.4707546348314606,,,,,,,,0.5084427767354597,,,,,
8476858,Phillip Di Giuseppe,F,VAN,playoffs,6879.0,114.65,0.5510204081632653,0.47619047619047616,0.47072619047619046,,,,,,,,0.44029850746268656,,,,,
8478398,Kyle Connor,F,WPG,playoffs,30317.0,505.28333333333336,0.45454545454545453,0.4648648648648649,0.4697330466830467,,,,,,,,0.4843462246777164,,,,,
8480113,Alex Iafallo,F,WPG,playoffs,22627.0,377.1166666666667,0.43636363636363634,0.4628099173553719,0.4696253719008265,,,,,,,,0.44776119402985076,,,,,
8480281,Alexey Toropchenko,F,STL,playoffs,5907.0,98.45,0.38461538461538464,0.45714285714285713,0.4695005494505494,,,,,,,,0.4421052631578947,,,,,
8478438,Tommy Novak,F,NSH,playoffs,3871.0,64.51666666666667,0.5185185185185185,0.47058823529411764,0.4686049019607843,,,,,,,,0.5454545454545454,,,,,
8478020,Michael Amadio,F,OTT,playoffs,20294.0,338.23333333333335,0.46788990825688076,0.46511627906976744,0.4685552698954555,,,,,,,,0.48,,,,,
8482145,Mavrik Bourque,F,DAL,playoffs,2371.0,39.516666666666666,0.55,0.47368421052631576,0.46832921052631576,,,,,,,,0.45161290322580644,,,,,
8476917,Adam Pelech,D,NYI,playoffs,15259.0,254.31666666666666,0.36416184971098264,0.4536082474226804,0.46815651331863417,,,,,,,,0.4381625441696113,,,,,
8474610,Zac Dalpe,F,FLA,playoffs,4802.0,80.03333333333333,0.4418604651162791,0.46153846153846156,0.4677652057245081,,,,,,,,0.41935483870967744,,,,,
8478416,Erik Cernak,D,TBL,playoffs,12138.0,202.3,0.368,0.45348837209302323,0.46762557209302325,,,,,,,,0.4666666666666667,,,,,
8474166,Alec Martinez,D,VGK,playoffs,31940.0,532.3333333333334,0.48534201954397393,0.4652173913043478,0.46678726101118817,,,,,,,,0.45582047685834504,,,,,
8475799,Nino Niederreiter,F,WPG,playoffs,21299.0,354.98333333333335,0.5875,0.47540983606557374,0.46603858606557375,,,,,,,,0.49876543209876545,,,,,
8475848,Brendan Gallagher,F,MTL,playoffs,4685.0,78.08333333333333,0.4838709677419355,0.4642857142857143,0.466013133640553,,,,,,,,0.5670103092783505,,,,,
8477504,Josh Morrissey,D,WPG,playoffs,25576.0,426.26666666666665,0.4864864864864865,0.4645161290322581,0.4659634263295554,,,,,,,,0.5091649694501018,,,,,
8476889,Radek Faksa,F,STL,playoffs,27682.0,461.3666666666667,0.5141242937853108,0.4666666666666667,0.4651539548022599,,,,,,,,0.47512437810945274,,,,,
8479998,Mikey Anderson,D,LAK,playoffs,23298.0,388.3,0.5120772946859904,0.4662576687116564,0.46496419045078685,,,,,,,,0.47692307692307695,,,,,
8477940,Nikolaj Ehlers,F,WPG,playoffs,14358.0,239.3,0.45045045045045046,0.4594594594594595,0.4647662162162162,,,,,,,,0.532258064516129,,,,,
8475231,Casey Cizikas,F,NYI,playoffs,9994.0,166.56666666666666,0.40625,0.45454545454545453,0.46458607954545456,,,,,,,,0.38144329896907214,,,,,
8480043,Timothy Liljegren,D,TOR,playoffs,11044.0,184.06666666666666,0.4628099173553719,0.4594594594594595,0.46344251731069913,,,,,,,,0.4533333333333333,,,,,
8476905,Chandler Stephenson,F,VGK,playoffs,31663.0,527.7166666666667,0.515625,0.4648648648648649,0.4631914273648649,,,,,,,,0.4423791821561338,,,,,
8482665,Matty Beniers,F,SEA,playoffs,14950.0,249.16666666666666,0.5185185185185185,0.4642857142857143,0.46230238095238096,,,,,,,,0.5096525096525096,,,,,
8476979,Erik Gustafsson,D,NYR,playoffs,18633.0,310.55,0.5272727272727272,0.4649122807017544,0.4619913716108453,,,,,,,,0.47103274559193953,,,,,
8477503,Max Domi,F,TOR,playoffs,34317.0,571.95,0.5086505190311419,0.4622222222222222,0.4612957516339869,,,,,,,,0.48830811554332876,,,,,
8476457,Adam Larsson,D,SEA,playoffs,21147.0,352.45,0.5025380710659898,0.46099290780141844,0.46072108039025095,,,,,,,,0.5084745762711864,,,,,
8478407,Vince Dunn,D,SEA,playoffs,19459.0,324.31666666666666,0.4891304347826087,0.4589041095890411,0.4600682400238237,,,,,,,,0.4927536231884058,,,,,
8480834,Ty Emberson,D,EDM,playoffs,5119.0,85.31666666666666,0.5333333333333333,0.4634146341463415,0.45984463414634147,,,,,,,,0.42105263157894735,,,,,
8479323,Adam Fox,D,NYR,playoffs,32698.0,544.9666666666667,0.5333333333333333,0.46296296296296297,0.45939296296296295,,,,,,,,0.4760956175298805,,,,,
8479442,Troy Stecher,D,EDM,playoffs,6816.0,113.6,0.38461538461538464,0.44680851063829785,0.45916620294599014,,,,,,,,0.44755244755244755,,,,,
8479415,Michael McLeod,F,NJD,playoffs,10642.0,177.36666666666667,0.5346534653465347,0.4626865671641791,0.4589751810255652,,,,,,,,0.42718446601941745,,,,,
8475692,Mats Zuccarello,F,MIN,playoffs,14460.0,241.0,0.4953271028037383,0.4578313253012048,0.45833179259092444,,,,,,,,0.4831932773109244,,,,,
8477960,Adrian Kempe,F,LAK,playoffs,21213.0,353.55,0.5056179775280899,0.4583333333333333,0.45773164794007487,,,,,,,,0.48104956268221577,,,,,
8481789,Tye Kartye,F,SEA,playoffs,7407.0,123.45,0.5714285714285714,0.46511627906976744,0.45746627906976745,,,,,,,,0.47794117647058826,,,,,
8482809,Jackson Blake,F,CAR,playoffs,15221.0,253.68333333333334,0.5508474576271186,0.4625,0.4570542372881356,,,,,,,,0.5060240963855421,,,,,
8471218,Blake Wheeler,F,NYR,playoffs,5959.0,99.31666666666666,0.5740740740740741,0.4642857142857143,0.45635238095238095,,,,,,,,0.5319148936170213,,,,,
8471685,Anze Kopitar,F,LAK,playoffs,21880.0,364.6666666666667,0.4943820224719101,0.45528455284552843,0.4558862382387869,,,,,,,,0.48467966573816157,,,,,
8480012,Elias Pettersson,F,VAN,playoffs,14923.0,248.71666666666667,0.5,0.45569620253164556,0.45569620253164556,,,,,,,,0.5221238938053098,,,,,
8476885,Jacob Trouba,D,NYR,playoffs,29627.0,493.78333333333336,0.4708333333333333,0.4523809523809524,0.45550470238095236,,,,,,,,0.46593001841620624,,,,,
8476389,Vincent Trocheck,F,NYR,playoffs,29692.0,494.8666666666667,0.5252100840336135,0.4581005586592179,0.4554005586592179,,,,,,,,0.4816247582205029,,,,,
8477971,Andreas Englund,D,LAK,playoffs,3923.0,65.38333333333334,0.5,0.45454545454545453,0.45454545454545453,,,,,,,,0.5662650602409639,,,,,
8474563,Drew Doughty,D,LAK,playoffs,28149.0,469.15,0.5146443514644351,0.45604395604395603,0.45447554600211504,,,,,,,,0.4642857142857143,,,,,
8480014,Gabriel Vilardi,F,WPG,playoffs,20571.0,342.85,0.4293785310734463,0.44594594594594594,0.45350950526797984,,,,,,,,0.47282608695652173,,,,,
8477494,Jonathan Drouin,F,COL,playoffs,10505.0,175.08333333333334,0.5283018867924528,0.45614035087719296,0.4531092188017213,,,,,,,,0.5439560439560439,,,,,
8477573,Nathan Walker,F,STL,playoffs,6159.0,102.65,0.41935483870967744,0.4444444444444444,0.453081541218638,,,,,,,,0.4444444444444444,,,,,
8476429,Scott Mayfield,D,NYI,playoffs,7743.0,129.05,0.3559322033898305,0.4375,0.45292966101694915,,,,,,,,0.38028169014084506,,,,,
8480145,Neal Pionk,D,WPG,playoffs,33823.0,563.7166666666667,0.4226415094339623,0.4444444444444444,0.4527295387840671,,,,,,,,0.4784110535405872,,,,,
8475726,Tyler Toffoli,F,WPG,playoffs,4223.0,70.38333333333334,0.5,0.45161290322580644,0.45161290322580644,,,,,,,,0.4722222222222222,,,,,
8477955,Jared McCann,F,SEA,playoffs,6973.0,116.21666666666667,0.627906976744186,0.46511627906976744,0.4514174418604651,,,,,,,,0.5275590551181102,,,,,
8479542,Brandon Hagel,F,TBL,playoffs,17282.0,288.03333333333336,0.4482758620689655,0.44554455445544555,0.45108420962785933,,,,,,,,0.5181159420289855,,,,,
8477919,Frederick Gaudreau,F,MIN,playoffs,11574.0,192.9,0.35443037974683544,0.43548387096774194,0.45107437729685584,,,,,,,,0.4418604651162791,,,,,
8478508,Yakov Trenin,F,MIN,playoffs,9779.0,162.98333333333332,0.4583333333333333,0.44642857142857145,0.45089107142857143,,,,,,,,0.4034090909090909,,,,,
8477353,Tyler Motte,F,TBL,playoffs,7774.0,129.56666666666666,0.5813953488372093,0.4594594594594595,0.45074201759899435,,,,,,,,0.4715447154471545,,,,,
8476460,Mark Scheifele,F,WPG,playoffs,23273.0,387.8833333333333,0.4656084656084656,0.44680851063829785,0.45049184397163117,,,,,,,,0.47019867549668876,,,,,
8477506,Ryan Pulock,D,NYI,playoffs,15829.0,263.81666666666666,0.47368421052631576,0.4473684210526316,0.45018684210526316,,,,,,,,0.40307692307692305,,,,,
8478904,Steven Lorentz,F,TOR,playoffs,16283.0,271.3833333333333,0.4899328859060403,0.4489795918367347,0.45005777975619776,,,,,,,,0.43973941368078173,,,,,
8475745,Charlie Coyle,F,COL,playoffs,27345.0,455.75,0.5291828793774319,0.45161290322580644,0.44848741684448346,,,,,,,,0.47925311203319504,,,,,
8478519,Anthony Cirelli,F,TBL,playoffs,16943.0,282.3833333333333,0.4295774647887324,0.44086021505376344,0.4484024685748902,,,,,,,,0.49097472924187724,,,,,
8476419,Jean-Gabriel Pageau,F,NYI,playoffs,10335.0,172.25,0.3963963963963964,0.43661971830985913,0.44771566425580506,,,,,,,,0.46,,,,,
8482476,Emil Heineman,F,MTL,playoffs,2721.0,45.35,0.2608695652173913,0.42105263157894735,0.44666350114416475,,,,,,,,0.44,,,,,
8475455,Brenden Dillon,D,NJD,playoffs,11129.0,185.48333333333332,0.5113636363636364,0.4473684210526316,0.44615137559808615,,,,,,,,0.4826086956521739,,,,,
8476931,Jake McCabe,D,TOR,playoffs,40132.0,668.8666666666667,0.45483870967741935,0.4413145539906103,0.4461513281841587,,,,,,,,0.4474431818181818,,,,,
8477021,Alexander Kerfoot,F,TOR,playoffs,9579.0,159.65,0.46808510638297873,0.4426229508196721,0.4460410359260551,,,,,,,,0.4304635761589404,,,,,
8479353,Brett Howden,F,VGK,playoffs,33062.0,551.0333333333333,0.4966442953020134,0.44495412844036697,0.44531352441352134,,,,,,,,0.45852187028657615,,,,,
8479378,Logan Stanley,D,WPG,playoffs,5851.0,97.51666666666667,0.6571428571428571,0.46153846153846156,0.44470846153846155,,,,,,,,0.5039370078740157,,,,,
8477500,Bo Horvat,F,NYI,playoffs,13736.0,228.93333333333334,0.4701492537313433,0.4411764705882353,0.4443734855136084,,,,,,,,0.4684014869888476,,,,,
8480873,Rasmus Sandin,D,WSH,playoffs,14027.0,233.78333333333333,0.48201438848920863,0.4421052631578947,0.44403152215070046,,,,,,,,0.4290322580645161,,,,,
8473548,Phil Kessel,F,VGK,playoffs,2828.0,47.13333333333333,0.5161290322580645,0.4444444444444444,0.4427170250896057,,,,,,,,0.42857142857142855,,,,,
8477392,Hudson Fasching,F,NYI,playoffs,7501.0,125.01666666666667,0.41333333333333333,0.43333333333333335,0.44261533333333336,,,,,,,,0.4175824175824176,,,,,
8478233,Andrew Mangiapane,F,WSH,playoffs,6756.0,112.6,0.37254901960784315,0.42857142857142855,0.44222142857142854,,,,,,,,0.4153846153846154,,,,,
8475798,Mikael Granlund,F,DAL,playoffs,18842.0,314.03333333333336,0.5217391304347826,0.4444444444444444,0.4421161835748792,,,,,,,,0.4530386740331492,,,,,
8475225,Craig Smith,F,DAL,playoffs,9433.0,157.21666666666667,0.5066666666666667,0.4423076923076923,0.4415936923076923,,,,,,,,0.4685714285714286,,,,,
8477496,Elias Lindholm,F,VAN,playoffs,15010.0,250.16666666666666,0.4925373134328358,0.4383561643835616,0.4391554181149049,,,,,,,,0.4476987447698745,,,,,
8481554,Kaapo Kakko,F,NYR,playoffs,16540.0,275.6666666666667,0.5419847328244275,0.44339622641509435,0.43889966152959814,,,,,,,,0.4608695652173913,,,,,
8479994,Jaret Anderson-Dolan,F,WPG,playoffs,4293.0,71.55,0.4444444444444444,0.43243243243243246,0.43838243243243247,,,,,,,,0.4666666666666667,,,,,
8478396,Noah Hanifin,D,VGK,playoffs,25177.0,419.6166666666667,0.4719626168224299,0.4351145038167939,0.43811730755511163,,,,,,,,0.4978448275862069,,,,,
8476879,Cody Ceci,D,DAL,playoffs,64791.0,1079.85,0.4632352941176471,0.43316831683168316,0.43710581683168315,,,,,,,,0.42122448979591837,,,,,
8475193,Tomas Tatar,F,NJD,playoffs,12834.0,213.9,0.49572649572649574,0.43661971830985913,0.43707741061755145,,,,,,,,0.4700460829493088,,,,,
8478178,Darren Raddysh,D,TBL,playoffs,15527.0,258.78333333333336,0.5149253731343284,0.4380952380952381,0.4364967306325515,,,,,,,,0.49823321554770317,,,,,
8482124,Quinton Byfield,F,LAK,playoffs,18392.0,306.53333333333336,0.5096774193548387,0.4375,0.4364635483870968,,,,,,,,0.47411444141689374,,,,,
8479066,Ryan Lomberg,F,FLA,playoffs,12889.0,214.81666666666666,0.5384615384615384,0.44047619047619047,0.4363569597069597,,,,,,,,0.48375451263537905,,,,,
8476981,Josh Anderson,F,MTL,playoffs,4166.0,69.43333333333334,0.40625,0.4230769230769231,0.4331175480769231,,,,,,,,0.494949494949495,,,,,
8475462,Radko Gudas,D,FLA,playoffs,21435.0,357.25,0.44594594594594594,0.4262295081967213,0.4320186973859105,,,,,,,,0.44502617801047123,,,,,
8478856,Conor Garland,F,VAN,playoffs,11768.0,196.13333333333333,0.5,0.43137254901960786,0.43137254901960786,,,,,,,,0.4479638009049774,,,,,
8479414,Nathan Bastian,F,NJD,playoffs,11586.0,193.1,0.47115384615384615,0.4268292682926829,0.429918691369606,,,,,,,,0.42083333333333334,,,,,
8477931,Tomas Nosek,F,FLA,playoffs,15739.0,262.31666666666666,0.48854961832061067,0.42857142857142855,0.42979776444929113,,,,,,,,0.46494464944649444,,,,,
8481122,Simon Benoit,D,TOR,playoffs,21506.0,358.43333333333334,0.47093023255813954,0.42342342342342343,0.4265367955164467,,,,,,,,0.4481865284974093,,,,,
8482496,Nils Aman,F,VAN,playoffs,2836.0,47.266666666666666,0.6111111111111112,0.4375,0.4256,,,,,,,,0.40625,,,,,
8473986,Alex Killorn,F,TBL,playoffs,7127.0,118.78333333333333,0.5294117647058824,0.42857142857142855,0.42542142857142856,,,,,,,,0.5504587155963303,,,,,
8484798,Zeev Buium,D,MIN,playoffs,3262.0,54.36666666666667,0.35294117647058826,0.4090909090909091,0.4248409090909091,,,,,,,,0.3484848484848485,,,,,
8474564,Steven Stamkos,F,TBL,playoffs,12967.0,216.11666666666667,0.4881889763779528,0.4235294117647059,0.42479437239462714,,,,,,,,0.5286343612334802,,,,,
8477407,Anthony Duclair,F,TBL,playoffs,22483.0,374.71666666666664,0.47619047619047616,0.42168674698795183,0.42423674698795183,,,,,,,,0.4437367303609342,,,,,
8473449,Kyle Okposo,F,FLA,playoffs,8727.0,145.45,0.5176470588235295,0.42592592592592593,0.4240359259259259,,,,,,,,0.45054945054945056,,,,,
8482079,Marco Rossi,F,MIN,playoffs,4007.0,66.78333333333333,0.3870967741935484,0.4117647058823529,0.4238566413662239,,,,,,,,0.4142857142857143,,,,,
8479351,Sam Steel,F,DAL,playoffs,34790.0,579.8333333333334,0.5,0.4226190476190476,0.4226190476190476,,,,,,,,0.460431654676259,,,,,
8483516,Jimmy Snuggerud,F,STL,playoffs,7190.0,119.83333333333333,0.6097560975609756,0.43333333333333335,0.42157845528455284,,,,,,,,0.49074074074074076,,,,,
8482157,Will Cuylle,F,NYR,playoffs,10835.0,180.58333333333334,0.4725274725274725,0.417910447761194,0.4208527554535017,,,,,,,,0.4497816593886463,,,,,
8475768,Jaden Schwartz,F,SEA,playoffs,15420.0,257.0,0.4864864864864865,0.41836734693877553,0.41981464423607284,,,,,,,,0.48881789137380194,,,,,
8478840,Will Borgen,D,SEA,playoffs,14847.0,247.45,0.4117647058823529,0.41,0.41945,,,,,,,,0.45874587458745875,,,,,
8478400,Colin White,F,FLA,playoffs,9355.0,155.91666666666666,0.47560975609756095,0.4166666666666667,0.4192788617886179,,,,,,,,0.4088669950738916,,,,,
8474141,Patrick Kane,F,NYR,playoffs,7292.0,121.53333333333333,0.5423728813559322,0.4230769230769231,0.4185387874837027,,,,,,,,0.45528455284552843,,,,,
8482730,Brandt Clarke,D,LAK,playoffs,4604.0,76.73333333333333,0.2727272727272727,0.3939393939393939,0.418280303030303,,,,,,,,0.391304347826087,,,,,
8482245,Artem Zub,D,OTT,playoffs,8192.0,136.53333333333333,0.3880597014925373,0.40625,0.41823880597014923,,,,,,,,0.4778761061946903,,,,,
8478133,Jake Evans,F,MTL,playoffs,4650.0,77.5,0.3333333333333333,0.4,0.41785,,,,,,,,0.5324675324675324,,,,,
8478057,Dakota Joshua,F,VAN,playoffs,12343.0,205.71666666666667,0.49166666666666664,0.4166666666666667,0.4175591666666667,,,,,,,,0.43523316062176165,,,,,
8475233,David Savard,D,MTL,playoffs,3494.0,58.233333333333334,0.42105263157894735,0.4090909090909091,0.41754617224880386,,,,,,,,0.47692307692307695,,,,,
8481598,Philip Broberg,D,STL,playoffs,22483.0,374.71666666666664,0.509090909090909,0.4178082191780822,0.41683458281444585,,,,,,,,0.42657342657342656,,,,,
8474641,Adam Henrique,F,EDM,playoffs,33768.0,562.8,0.4884488448844885,0.4148936170212766,0.4161307457341479,,,,,,,,0.4418604651162791,,,,,
8480078,Filip Chytil,F,NYR,playoffs,10966.0,182.76666666666668,0.48,0.4126984126984127,0.41484041269841265,,,,,,,,0.4479638009049774,,,,,
8481596,Shane Pinto,F,OTT,playoffs,7157.0,119.28333333333333,0.36231884057971014,0.4,0.41474565217391307,,,,,,,,0.4375,,,,,
8476927,Teddy Blueger,F,VAN,playoffs,14171.0,236.18333333333334,0.5730337078651685,0.42028985507246375,0.4124679449601042,,,,,,,,0.43333333333333335,,,,,
8478851,Alexandre Carrier,D,MTL,playoffs,13821.0,230.35,0.3269230769230769,0.39285714285714285,0.4113936813186813,,,,,,,,0.5111111111111111,,,,,
8480289,Morgan Barron,F,WPG,playoffs,13279.0,221.31666666666666,0.5568181818181818,0.4166666666666667,0.41058143939393943,,,,,,,,0.5374449339207048,,,,,
8476474,Stefan Noesen,F,NJD,playoffs,26462.0,441.03333333333336,0.4703196347031963,0.4066666666666667,0.40984543378995436,,,,,,,,0.4880694143167028,,,,,
8479293,Brandon Tanev,F,WPG,playoffs,19796.0,329.93333333333334,0.48148148148148145,0.4019607843137255,0.40394411764705884,,,,,,,,0.4742857142857143,,,,,
8475184,Chris Kreider,F,NYR,playoffs,27128.0,452.1333333333333,0.47572815533980584,0.4,0.40259951456310683,,,,,,,,0.43915343915343913,,,,,
8478445,Mathew Barzal,F,NYI,playoffs,12503.0,208.38333333333333,0.42391304347826086,0.39436619718309857,0.4025151102265768,,,,,,,,0.4671814671814672,,,,,
8481019,David Gustafsson,F,WPG,playoffs,5181.0,86.35,0.6086956521739131,0.41379310344827586,0.4021517991004498,,,,,,,,0.42857142857142855,,,,,
8476469,Joel Armia,F,MTL,playoffs,3719.0,61.983333333333334,0.25,0.375,0.401775,,,,,,,,0.5151515151515151,,,,,
8471686,Marc Staal,D,FLA,playoffs,26599.0,443.31666666666666,0.5116279069767442,0.4027777777777778,0.4015324289405685,,,,,,,,0.447841726618705,,,,,
8477406,Mattias Janmark,F,EDM,playoffs,36745.0,612.4166666666666,0.46396396396396394,0.39712918660287083,0.4009886460623303,,,,,,,,0.45544554455445546,,,,,
8479410,Mikhail Sergachev,D,TBL,playoffs,11818.0,196.96666666666667,0.4444444444444444,0.39473684210526316,0.4006868421052632,,,,,,,,0.5,,,,,
8474145,Robert Bortuzzo,D,NYI,playoffs,4068.0,67.8,0.5806451612903226,0.4090909090909091,0.40045381231671556,,,,,,,,0.35365853658536583,,,,,
8474574,Tyler Myers,D,VAN,playoffs,14035.0,233.91666666666666,0.4473684210526316,0.39436619718309857,0.40000303928836173,,,,,,,,0.38113207547169814,,,,,
8476467,Jamie Oleksiak,D,SEA,playoffs,17721.0,295.35,0.44360902255639095,0.3917525773195876,0.39779205100379816,,,,,,,,0.4811320754716981,,,,,
8474586,Jordan Eberle,F,SEA,playoffs,15218.0,253.63333333333333,0.5047619047619047,0.3977272727272727,0.3972172727272727,,,,,,,,0.4580152671755725,,,,,
8470595,Eric Staal,F,FLA,playoffs,14705.0,245.08333333333334,0.46938775510204084,0.39361702127659576,0.39689559270516717,,,,,,,,0.42160278745644597,,,,,
8476331,Dylan DeMelo,D,WPG,playoffs,29959.0,499.31666666666666,0.5577689243027888,0.40106951871657753,0.39488246692374884,,,,,,,,0.4743150684931507,,,,,
8475753,Justin Faulk,D,STL,playoffs,9995.0,166.58333333333334,0.5555555555555556,0.4,0.39405,,,,,,,,0.4,,,,,
8474157,Max Pacioretty,F,TOR,playoffs,11975.0,199.58333333333334,0.5333333333333333,0.3972602739726027,0.3936902739726027,,,,,,,,0.45064377682403434,,,,,
8477497,Sean Monahan,F,WPG,playoffs,5581.0,93.01666666666667,0.44680851063829785,0.38636363636363635,0.39206044487427466,,,,,,,,0.4740740740740741,,,,,
8479324,Ryan Lindgren,D,COL,playoffs,35472.0,591.2,0.5239616613418531,0.3932038834951456,0.39063758956543315,,,,,,,,0.46534653465346537,,,,,
8477953,Kasperi Kapanen,F,EDM,playoffs,9699.0,161.65,0.5,0.3898305084745763,0.3898305084745763,,,,,,,,0.4574468085106383,,,,,
8480880,Jakub Lauko,F,BOS,playoffs,3968.0,66.13333333333334,0.5185185185185185,0.391304347826087,0.38932101449275364,,,,,,,,0.42857142857142855,,,,,
8475760,Nick Bjugstad,F,EDM,playoffs,9769.0,162.81666666666666,0.44642857142857145,0.38333333333333336,0.38907083333333337,,,,,,,,0.42011834319526625,,,,,
8481580,Connor McMichael,F,WSH,playoffs,14087.0,234.78333333333333,0.591304347826087,0.3977272727272727,0.3879485770750988,,,,,,,,0.40213523131672596,,,,,
8481032,Paul Cotter,F,NJD,playoffs,4326.0,72.1,0.5151515151515151,0.3888888888888889,0.3872661616161616,,,,,,,,0.3695652173913043,,,,,
8476442,Matt Nieto,F,COL,playoffs,4907.0,81.78333333333333,0.41935483870967744,0.3783783783783784,0.38701547515257195,,,,,,,,0.42574257425742573,,,,,
8480074,Alexandre Texier,F,STL,playoffs,2168.0,36.13333333333333,0.4,0.375,0.38571,,,,,,,,0.40476190476190477,,,,,
8479996,Cody Glass,F,NJD,playoffs,4228.0,70.46666666666667,0.5666666666666667,0.391304347826087,0.384164347826087,,,,,,,,0.37333333333333335,,,,,
8477505,Alexander Wennberg,F,NYR,playoffs,32016.0,533.6,0.48201438848920863,0.3817204301075269,0.3836466891003326,,,,,,,,0.4504201680672269,,,,,
8480817,K'Andre Miller,D,NYR,playoffs,29651.0,494.18333333333334,0.4831932773109244,0.3804347826086957,0.3822347826086957,,,,,,,,0.4560810810810811,,,,,
8480878,Nils Lundkvist,D,DAL,playoffs,3236.0,53.93333333333333,0.3793103448275862,0.3684210526315789,0.38134691470054444,,,,,,,,0.4918032786885246,,,,,
8482713,Mackie Samoskevich,F,FLA,playoffs,2718.0,45.3,0.6842105263157895,0.4,0.38027105263157895,,,,,,,,0.32608695652173914,,,,,
8481617,Vasily Podkolzin,F,EDM,playoffs,15591.0,259.85,0.47191011235955055,0.3761467889908257,0.3791552159571178,,,,,,,,0.488135593220339,,,,,
8476459,Mika Zibanejad,F,NYR,playoffs,28622.0,477.03333333333336,0.4711111111111111,0.376,0.379094,,,,,,,,0.4292803970223325,,,,,
8480144,David Kampf,F,TOR,playoffs,15697.0,261.6166666666667,0.48360655737704916,0.37681159420289856,0.3785673319078166,,,,,,,,0.43478260869565216,,,,,
8476875,Mike Matheson,D,MTL,playoffs,7451.0,124.18333333333334,0.2909090909090909,0.35555555555555557,0.37794919191919196,,,,,,,,0.5177304964539007,,,,,
8475744,Evgeny Kuznetsov,F,CAR,playoffs,6898.0,114.96666666666667,0.41025641025641024,0.36585365853658536,0.3754651969981238,,,,,,,,0.5472972972972973,,,,,
8477015,Connor Brown,F,EDM,playoffs,32401.0,540.0166666666667,0.4897119341563786,0.3728813559322034,0.37398320778405525,,,,,,,,0.43703703703703706,,,,,
8477511,Anthony Mantha,F,VGK,playoffs,2448.0,40.8,0.53125,0.375,0.371653125,,,,,,,,0.4339622641509434,,,,,
8478831,Kevin Stenlund,F,FLA,playoffs,20380.0,339.6666666666667,0.4911242603550296,0.3645833333333333,0.36553392504930965,,,,,,,,0.45723684210526316,,,,,
8478458,Jack Roslovic,F,CAR,playoffs,20700.0,345.0,0.47023809523809523,0.3560606060606061,0.3592481060606061,,,,,,,,0.4722222222222222,,,,,
8481618,Alex Newhook,F,MTL,playoffs,8577.0,142.95,0.4722222222222222,0.3559322033898305,0.3589072033898305,,,,,,,,0.43315508021390375,,,,,
8477446,Michael McCarron,F,NSH,playoffs,4738.0,78.96666666666667,0.5135135135135135,0.36,0.3585527027027027,,,,,,,,0.42857142857142855,,,,,
8482073,Braden Schneider,D,NYR,playoffs,23158.0,385.96666666666664,0.5083798882681564,0.358974358974359,0.35807687294083945,,,,,,,,0.4154786150712831,,,,,
8475762,Derek Forbort,D,BOS,playoffs,9686.0,161.43333333333334,0.4722222222222222,0.3508771929824561,0.3538521929824561,,,,,,,,0.4161849710982659,,,,,
8479369,Andrew Peeke,D,BOS,playoffs,5310.0,88.5,0.6981132075471698,0.36666666666666664,0.34544874213836474,,,,,,,,0.3541666666666667,,,,,
8482062,Cole Smith,F,NSH,playoffs,4028.0,67.13333333333334,0.4,0.3333333333333333,0.3440433333333333,,,,,,,,0.41025641025641024,,,,,
8484304,Uvis Balinskis,D,FLA,playoffs,3774.0,62.9,0.5454545454545454,0.34782608695652173,0.3429579051383399,,,,,,,,0.47126436781609193,,,,,
8482964,Arber Xhekaj,D,MTL,playoffs,1975.0,32.916666666666664,0.47058823529411764,0.3333333333333333,0.3364833333333333,,,,,,,,0.4,,,,,
8482092,Ridly Greig,F,OTT,playoffs,6484.0,108.06666666666666,0.373134328358209,0.32,0.3335873134328358,,,,,,,,0.4444444444444444,,,,,
8476918,Jimmy Vesey,F,NYR,playoffs,12085.0,201.41666666666666,0.5428571428571428,0.3380281690140845,0.3334381690140845,,,,,,,,0.3964757709251101,,,,,
8475784,Jeff Skinner,F,EDM,playoffs,3665.0,61.083333333333336,0.6,0.34375,0.33304,,,,,,,,0.4342105263157895,,,,,
8482259,Bobby McMann,F,TOR,playoffs,9824.0,163.73333333333332,0.5128205128205128,0.3333333333333333,0.3319602564102564,,,,,,,,0.43434343434343436,,,,,
8479336,Carl Grundstrom,F,LAK,playoffs,5232.0,87.2,0.5365853658536586,0.3333333333333333,0.3294150406504065,,,,,,,,0.4642857142857143,,,,,
8476278,Colin Blackwell,F,DAL,playoffs,7281.0,121.35,0.4782608695652174,0.325,0.32732826086956524,,,,,,,,0.40875912408759124,,,,,
8471276,David Krejci,F,BOS,playoffs,4661.0,77.68333333333334,0.425,0.3142857142857143,0.3223182142857143,,,,,,,,0.4787234042553192,,,,,
8476624,Barclay Goodrow,F,NYR,playoffs,17813.0,296.8833333333333,0.5411764705882353,0.31868131868131866,0.3142713186813187,,,,,,,,0.3790849673202614,,,,,
8475413,Justin Dowling,F,NJD,playoffs,3373.0,56.21666666666667,0.3783783783783784,0.2962962962962963,0.309321971971972,,,,,,,,0.3108108108108108,,,,,
8477365,Connor Clifton,D,BOS,playoffs,2639.0,43.983333333333334,0.4583333333333333,0.3,0.30446249999999997,,,,,,,,0.453125,,,,,
8481601,Simon Holmstrom,F,NYI,playoffs,2049.0,34.15,0.5454545454545454,0.3076923076923077,0.3028241258741259,,,,,,,,0.29411764705882354,,,,,
8480748,Kiefer Sherwood,F,NSH,playoffs,4309.0,71.81666666666666,0.4411764705882353,0.2962962962962963,0.3025962962962963,,,,,,,,0.4065934065934066,,,,,
8481006,Tyler Tucker,D,STL,playoffs,2591.0,43.18333333333333,0.35714285714285715,0.2857142857142857,0.3010142857142857,,,,,,,,0.42592592592592593,,,,,
8480840,Oskar Bäck,F,DAL,playoffs,7288.0,121.46666666666667,0.5625,0.3076923076923077,0.3009985576923077,,,,,,,,0.4406779661016949,,,,,
8482201,Gage Goncalves,F,TBL,playoffs,5070.0,84.5,0.3170731707317073,0.28,0.29959146341463416,,,,,,,,0.4810126582278481,,,,,
8480434,Sean Durzi,D,LAK,playoffs,5765.0,96.08333333333333,0.4727272727272727,0.2916666666666667,0.29458757575757577,,,,,,,,0.3739130434782609,,,,,
8477938,Haydn Fleury,D,WPG,playoffs,8310.0,138.5,0.6071428571428571,0.3023255813953488,0.2908505813953488,,,,,,,,0.42962962962962964,,,,,
8482460,Matt Rempe,F,NYR,playoffs,4040.0,67.33333333333333,0.53125,0.2903225806451613,0.2869757056451613,,,,,,,,0.43333333333333335,,,,,
8473422,Nick Foligno,F,BOS,playoffs,4127.0,68.78333333333333,0.5,0.2777777777777778,0.2777777777777778,,,,,,,,0.5245901639344263,,,,,
8471303,Alexander Edler,D,LAK,playoffs,2932.0,48.86666666666667,0.4375,0.26666666666666666,0.27336041666666666,,,,,,,,0.3,,,,,
8483447,Conor Geekie,F,TBL,playoffs,2968.0,49.46666666666667,0.5294117647058824,0.2727272727272727,0.2695772727272727,,,,,,,,0.4489795918367347,,,,,
8480845,Rasmus Kupari,F,LAK,playoffs,2804.0,46.733333333333334,0.5294117647058824,0.2692307692307692,0.26608076923076923,,,,,,,,0.3333333333333333,,,,,
8484984,Ivan Demidov,F,MTL,playoffs,4391.0,73.18333333333334,0.5,0.2631578947368421,0.2631578947368421,,,,,,,,0.4696969696969697,,,,,
8474090,Brendan Smith,D,NJD,playoffs,2910.0,48.5,0.6363636363636364,0.2631578947368421,0.24855334928229664,,,,,,,,0.37037037037037035,,,,,
8477357,Saku Maenalanen,F,WPG,playoffs,2554.0,42.56666666666667,0.5384615384615384,0.06666666666666667,0.0625474358974359,,,,,,,,0.2894736842105263,,,,,
