player_id,player_name,position,n_seasons,toi_total,team_recent,metric_mean
8475786,Zach Hyman,F,4,5645.633333333333,EDM,4.2347130605980965
8477478,William Carrier,F,4,2376.383333333333,CAR,4.122211516429295
8475218,Mattias Ekholm,D,4,6445.633333333333,EDM,3.8001672980584673
8482702,Logan Stankoven,F,3,2723.2333333333336,CAR,3.751549564328615
8475314,Anders Lee,F,4,5288.133333333333,NYI,3.501980109611529
8480801,Brady Tkachuk,F,4,5409.25,OTT,3.198473418032697
8475848,Brendan Gallagher,F,4,3624.7,MTL,3.1456547601636458
8478402,Connor McDavid,F,4,6721.816666666667,EDM,3.0571510279268
8477964,Ivan Barbashev,F,4,5146.933333333333,VGK,2.875940253866001
8479591,Michael Eyssimont,F,4,3013.1666666666665,BOS,2.857117584774105
8479314,Matthew Tkachuk,F,4,4619.283333333333,FLA,2.8380822289615946
8477492,Nathan MacKinnon,F,4,7000.75,COL,2.784747092853646
8482109,Alexis Lafrenière,F,4,5424.566666666667,NYR,2.6997642184606345
8480878,Nils Lundkvist,D,4,3253.7666666666664,DAL,2.6668279563610344
8478438,Tommy Novak,F,4,3633.4333333333334,PIT,2.6312591282827973
8477409,Carter Verhaeghe,F,4,5531.55,FLA,2.594401089618737
8480891,Michael Kesselring,D,3,2863.45,BUF,2.5558074758509566
8481606,Jordan Spence,D,3,3667.85,OTT,2.4599763061575657
8475855,Jesper Fast,F,2,2098.65,CAR,2.4443501383738626
8470966,Mark Giordano,D,2,2243.016666666667,TOR,2.401853408841606
8477935,Sam Bennett,F,4,4953.066666666667,FLA,2.4012550748825863
8476453,Nikita Kucherov,F,4,6531.966666666667,TBL,2.390835972934665
8482730,Brandt Clarke,D,3,3025.383333333333,LAK,2.387690011955085
8481593,Jayden Struble,D,3,2515.9833333333336,MTL,2.3749097208676653
8481527,Kaedan Korczak,D,3,2231.1833333333334,VGK,2.24200345958153
8476923,Damon Severson,D,4,5860.333333333333,CBJ,2.232809646359603
8482762,Simon Edvinsson,D,3,3456.983333333333,DET,2.2327125428197143
8478414,Timo Meier,F,4,5497.216666666666,NJD,2.2216641822641465
8477335,Kyle Burroughs,D,3,2473.116666666667,LAK,2.206137928191497
8480222,Sebastian Aho,D,2,2141.4,NYI,2.202084808399629
