player_id,player_name,team,pos,OZ_FO_shifts,DZ_FO_shifts,NZ_FO_shifts,OZ_events_total,DZ_events_total,NZ_events_total,OZ_FO_OZev,OZ_FO_DZev,OZ_FO_NZev,DZ_FO_OZev,DZ_FO_DZev,DZ_FO_NZev,NZ_FO_OZev,NZ_FO_DZev,NZ_FO_NZev,TOZI,TDZI,TNZI
8478873,Troy Terry,ANA,R,2,1,4,14,4,7,5,0,0,2,2,0,7,2,7,5,0,5
8483445,Cutter Gauthier,ANA,L,3,2,4,13,11,5,4,5,1,2,3,0,7,3,4,-1,-1,4
8485512,Tim Washe,ANA,C,2,2,8,12,12,14,5,4,2,0,3,1,7,5,11,1,-3,2
8479705,Jeffrey Viel,ANA,L,3,1,8,12,8,12,5,2,1,0,1,0,7,5,11,3,-1,2
8484762,Beckett Sennecke,ANA,R,12,2,4,31,13,5,23,6,1,3,3,0,5,4,4,17,0,1
8476885,Jacob Trouba,ANA,D,9,4,10,30,25,15,15,8,2,5,8,2,10,9,11,7,-3,1
8475184,Chris Kreider,ANA,L,7,3,3,16,10,5,14,4,2,1,6,0,1,0,3,10,-5,1
8480068,Ryan Poehling,ANA,C,7,3,3,16,11,4,14,5,1,1,6,0,1,0,3,9,-5,1
8482745,Mason McTavish,ANA,C,7,3,4,15,15,7,13,8,2,1,7,1,1,0,4,5,-6,1
8484153,Leo Carlsson,ANA,C,2,1,4,13,8,5,3,0,0,3,2,0,7,6,5,3,1,1
8482178,Ian Moore,ANA,D,2,2,8,8,12,14,3,4,2,0,3,1,5,5,11,-1,-3,0
8481605,Jackson LaCombe,ANA,D,14,6,13,42,35,18,25,15,3,6,9,1,11,11,14,10,-3,0
8482731,Tyson Hinds,ANA,D,3,2,2,11,8,6,8,1,3,1,5,0,2,2,3,7,-4,0
8481563,Drew Helleson,ANA,D,3,0,2,11,3,5,9,1,2,0,0,0,2,2,3,8,0,0
8483490,Pavel Mintyukov,ANA,D,7,0,4,15,9,8,12,4,2,0,0,0,3,5,6,8,0,-2
8473986,Alex Killorn,ANA,L,12,2,3,30,17,5,24,9,2,4,4,0,2,4,3,15,0,-2
8475798,Mikael Granlund,ANA,C,13,2,4,30,19,6,24,11,2,4,4,0,2,4,4,13,0,-2
8474590,John Carlson,ANA,D,12,4,7,28,24,14,23,11,4,1,7,0,4,6,10,12,-6,-2
8481617,Vasily Podkolzin,EDM,R,2,2,3,15,7,5,5,1,0,5,3,1,5,3,4,4,2,2
8476454,Ryan Nugent-Hopkins,EDM,C,2,11,3,14,27,4,5,1,0,4,22,0,5,4,4,4,-18,1
8475786,Zach Hyman,EDM,L,2,11,3,20,26,4,5,1,0,10,21,0,5,4,4,4,-11,1
8482703,Colton Dach,EDM,C,2,0,7,10,6,11,4,0,2,0,0,0,6,6,9,4,0,0
8480834,Ty Emberson,EDM,D,2,5,7,11,15,8,5,1,0,1,9,0,5,5,8,4,-8,0
8478013,Jake Walman,EDM,D,3,8,8,16,18,10,6,1,0,5,12,1,5,5,9,5,-7,0
8477953,Kasperi Kapanen,EDM,R,2,6,2,7,15,5,2,1,0,4,12,2,1,2,3,1,-8,-1
8478402,Connor McDavid,EDM,C,2,6,2,6,15,4,2,1,0,3,12,1,1,2,3,1,-9,-1
8477934,Leon Draisaitl,EDM,C,2,13,2,9,28,4,2,1,0,6,25,1,1,2,3,1,-19,-1
8477508,Curtis Lazar,EDM,C,2,8,6,10,20,11,3,0,1,2,14,2,5,6,8,3,-12,-1
8480803,Evan Bouchard,EDM,D,4,7,3,10,22,5,7,4,0,3,16,1,0,2,4,3,-13,-2
8475218,Mattias Ekholm,EDM,D,3,6,4,6,18,4,5,4,0,1,12,0,0,2,4,1,-11,-2
8484509,Josh Samanski,EDM,C,2,2,7,7,9,11,3,0,1,0,3,1,4,6,9,3,-3,-2
8477498,Darnell Nurse,EDM,D,2,11,8,19,37,15,4,2,1,7,24,3,8,11,11,2,-17,-3
8477450,Jason Dickinson,EDM,C,2,5,7,11,19,9,4,4,0,3,8,1,4,7,8,0,-5,-3
8478458,Jack Roslovic,EDM,C,2,5,8,10,19,9,4,4,0,3,8,1,3,7,8,0,-5,-4
8483512,Matt Savoie,EDM,C,2,3,7,10,15,8,5,5,0,2,3,0,3,7,8,0,-1,-4
8476473,Connor Murphy,EDM,D,2,11,8,19,40,16,4,2,1,8,24,3,7,14,12,2,-16,-7
