team,season,game_type,gamesPlayed,goalsFor,goalsAgainst,points,wins,losses,otLosses,powerPlayPct,penaltyKillPct,faceoffWinPct,shotsForPerGame,shotsAgainstPerGame,powerPlayGoalsFor,ppOpportunities,shGoalsAgainst,ppNetGoals,ppTimeOnIcePerGame,ppGoalsAgainst,timesShorthanded,shGoalsFor,pkNetGoals,hits,blockedShots,takeaways,giveaways,shots,emptyNetGoals
NJD,20202021,regular,56,145,189,45,19,30,7,0.141935,0.70946,0.465723,28.78571,31.01785,22,155,5,17,286.946428,43,148,3,-40,948,615,413,536,1612,5
NYI,20202021,regular,56,152,125,71,32,17,7,0.1875,0.837038,0.513717,28.98214,28.39285,27,144,0,27,264.232142,22,135,4,-18,1455,797,269,447,1623,3
NYR,20202021,regular,56,176,155,60,27,23,6,0.206703,0.822486,0.444811,28.69642,29.71428,37,179,4,33,320.982142,30,169,8,-22,1288,765,388,501,1605,13
PHI,20202021,regular,56,160,197,58,25,23,8,0.191616,0.730539,0.540254,30.21428,29.21428,32,167,6,26,305.428571,45,167,1,-44,1219,669,293,426,1692,6
PIT,20202021,regular,56,193,155,77,37,16,3,0.236842,0.774194,0.492948,30.07142,29.98214,36,152,4,32,262.642857,35,155,6,-29,1333,664,428,427,1684,16
BOS,20202021,regular,56,164,134,73,33,16,7,0.21875,0.859551,0.55254,33.32142,27.07142,35,160,6,29,288.071428,25,178,9,-16,1390,658,398,381,1865,8
BUF,20202021,regular,56,134,196,37,15,34,7,0.20979,0.776979,0.495905,28.42857,33.73214,30,143,5,25,261.0,31,139,5,-26,1025,640,322,349,1591,8
MTL,20202021,regular,56,158,165,59,24,21,11,0.192052,0.784884,0.483943,31.17857,28.19642,29,151,2,27,269.446428,37,172,9,-28,1585,684,292,637,1745,6
OTT,20202021,regular,56,155,189,51,23,28,5,0.155172,0.789474,0.47387,29.69642,32.125,27,174,5,22,313.392857,36,171,7,-29,1541,807,351,638,1663,8
TOR,20202021,regular,56,186,148,77,35,14,7,0.2,0.784723,0.510902,31.26785,27.82142,31,155,7,24,272.303571,31,144,3,-28,1003,708,386,709,1751,7
CAR,20202021,regular,56,175,134,80,36,12,8,0.256097,0.852273,0.538686,32.03571,28.23214,42,164,6,36,273.107142,26,176,7,-19,1297,658,314,525,1794,16
FLA,20202021,regular,56,188,151,79,37,14,5,0.205263,0.79762,0.501801,34.89285,30.03571,39,190,4,35,343.017857,34,168,4,-30,1390,617,412,474,1954,11
TBL,20202021,regular,56,180,145,75,36,17,3,0.222222,0.841531,0.501119,30.21428,28.26785,40,180,3,37,313.25,29,183,3,-26,1347,645,240,279,1692,16
WSH,20202021,regular,56,188,161,77,36,15,5,0.248366,0.839507,0.492022,29.41071,28.78571,38,153,8,30,275.482142,26,162,2,-24,1318,683,389,407,1647,9
CHI,20202021,regular,56,159,184,55,24,25,7,0.217142,0.768212,0.463446,29.19642,33.71428,38,175,7,31,321.125,35,151,3,-32,1214,776,366,517,1635,7
DET,20202021,regular,56,125,168,48,19,27,10,0.114093,0.787097,0.500822,27.28571,31.89285,17,149,4,13,281.785714,33,155,0,-33,978,720,201,404,1528,13
NSH,20202021,regular,56,151,154,64,31,23,2,0.1761,0.755814,0.516989,29.98214,31.30357,28,159,2,26,279.214285,42,172,6,-36,1146,736,273,407,1679,3
STL,20202021,regular,56,167,167,63,27,20,9,0.232258,0.777778,0.533227,28.96428,29.82142,36,155,1,35,259.321428,38,171,6,-32,1257,760,337,426,1622,7
CGY,20202021,regular,56,155,160,55,26,27,3,0.182857,0.802326,0.499513,30.16071,28.16071,32,175,7,25,314.803571,34,172,2,-32,1173,677,404,635,1689,5
COL,20202021,regular,56,197,132,82,39,13,4,0.227053,0.830509,0.516228,34.58928,25.41071,47,207,3,44,356.642857,30,177,1,-29,926,677,355,333,1937,9
EDM,20202021,regular,56,183,154,72,35,19,2,0.275862,0.824676,0.504198,29.89285,30.66071,48,174,4,44,289.767857,27,154,2,-25,1420,801,366,609,1673,11
VAN,20202021,regular,56,148,187,50,23,29,4,0.174193,0.797815,0.523402,29.08928,33.39285,27,155,4,23,285.982142,37,183,6,-31,1063,805,380,506,1629,6
ANA,20202021,regular,56,124,177,43,17,30,9,0.08943,0.798781,0.510262,26.78571,30.57142,11,123,5,6,235.732142,33,164,2,-31,1290,736,309,461,1500,5
DAL,20202021,regular,56,156,148,60,23,19,14,0.235668,0.79085,0.518334,30.33928,27.10714,37,157,4,33,283.035714,32,153,3,-29,1386,721,277,478,1699,5
LAK,20202021,regular,56,142,169,49,21,28,7,0.189349,0.836478,0.506205,28.33928,31.17857,32,169,3,29,306.571428,26,159,3,-23,1065,746,194,380,1587,9
SJS,20202021,regular,56,146,196,49,21,28,7,0.141025,0.804348,0.484157,30.03571,31.98214,22,156,4,18,280.071428,36,184,5,-31,1250,812,426,377,1682,7
CBJ,20202021,regular,56,134,184,48,18,26,12,0.153846,0.789474,0.453119,29.01785,32.41071,18,117,2,16,213.571428,28,133,6,-22,1225,788,316,462,1625,5
MIN,20202021,regular,56,180,159,75,35,16,5,0.175757,0.807454,0.465194,28.30357,30.44642,29,165,3,26,313.357142,31,161,2,-29,969,825,328,377,1585,11
WPG,20202021,regular,56,170,152,63,30,23,3,0.229813,0.80537,0.504565,29.66071,30.58928,37,161,3,34,289.857142,29,149,3,-26,1298,767,333,509,1661,10
UTA,20202021,regular,56,150,174,54,24,26,6,0.207865,0.808384,0.490669,27.46428,30.46428,37,178,4,33,320.589285,32,167,2,-30,1447,760,314,357,1538,8
VGK,20202021,regular,56,190,122,82,40,14,2,0.17816,0.868056,0.495164,32.66071,27.26785,31,174,2,29,309.267857,19,144,4,-15,1218,843,398,312,1829,9
NYI,20202021,playoff,19,54,53,22,11,8,,0.204081,0.651163,0.518298,28.47368,35.15789,10,49,2,8,263.68421,15,43,0,-15,779,287,99,152,541,4
PIT,20202021,playoff,6,16,21,4,2,4,,0.25,0.8125,0.475362,38.5,31.16666,3,12,0,3,189.0,3,16,1,-2,224,70,37,41,231,0
BOS,20202021,playoff,11,33,32,12,6,5,,0.363636,0.756757,0.523238,35.81818,31.0,12,33,0,12,274.818181,9,37,0,-9,412,165,89,94,394,1
MTL,20202021,playoff,22,51,54,26,13,9,,0.188679,0.918033,0.49419,28.86363,30.72727,10,53,1,9,240.045454,5,61,4,-1,871,333,135,280,635,4
TOR,20202021,playoff,7,18,14,6,3,4,,0.130434,0.842106,0.505882,33.71428,28.28571,3,23,1,2,366.857142,3,19,0,-3,204,109,56,95,236,2
CAR,20202021,playoff,11,31,30,10,5,6,,0.181818,0.761905,0.52011,36.81818,30.72727,6,33,0,6,317.454545,10,42,0,-10,431,151,70,137,405,2
FLA,20202021,playoff,6,17,24,4,2,4,,0.272727,0.6,0.510752,37.83333,31.16666,6,22,1,5,315.833333,8,20,0,-8,241,67,44,55,227,1
TBL,20202021,playoff,23,75,45,32,16,7,,0.323529,0.84127,0.481245,29.56521,30.43478,22,68,0,22,268.304347,10,63,2,-8,863,331,154,207,680,3
WSH,20202021,playoff,5,10,16,2,1,4,,0.142857,0.736843,0.458083,33.8,34.6,3,21,0,3,448.6,5,19,0,-5,218,80,39,40,169,0
NSH,20202021,playoff,6,16,22,4,2,4,,0.115384,0.789474,0.483296,34.16666,42.33333,3,26,0,3,459.666666,4,19,0,-4,221,110,50,87,205,0
STL,20202021,playoff,4,7,20,0,0,4,,0.222222,0.5,0.476595,27.5,36.25,2,9,1,1,270.5,6,12,1,-5,113,62,21,39,110,0
COL,20202021,playoff,10,38,27,12,6,4,,0.413793,0.818182,0.500891,30.8,30.2,12,29,1,11,283.9,4,22,1,-3,286,159,79,70,308,6
EDM,20202021,playoff,4,8,14,0,0,4,,0.181818,0.7,0.454198,39.75,34.5,2,11,0,2,300.75,3,10,0,-3,158,69,32,45,159,0
MIN,20202021,playoff,7,13,20,6,3,4,,0.181818,0.866667,0.423728,24.85714,32.14285,2,11,1,1,161.857142,2,15,0,-2,305,140,67,40,174,1
WPG,20202021,playoff,8,20,22,8,4,4,,0.166666,0.791667,0.532258,30.125,36.375,3,18,3,0,237.0,5,24,1,-4,385,162,53,112,241,2
VGK,20202021,playoff,19,53,46,20,10,9,,0.093023,0.717949,0.535159,32.10526,26.42105,4,43,0,4,251.68421,11,39,1,-10,728,341,181,180,610,4
NJD,20212022,regular,82,245,302,63,27,46,9,0.155555,0.801887,0.468472,31.2439,30.9756,35,225,14,21,275.890243,42,212,6,-36,1561,1021,639,788,2562,9
NYI,20212022,regular,82,229,231,84,37,35,10,0.221153,0.841861,0.513127,28.86585,32.54878,46,208,7,39,251.926829,34,215,5,-29,2018,1235,499,816,2367,10
NYR,20212022,regular,82,250,204,110,52,24,6,0.252293,0.823009,0.480643,29.17073,30.82926,55,218,2,53,250.158536,40,226,8,-32,2094,1167,622,703,2392,16
PHI,20212022,regular,82,210,294,61,25,46,11,0.125523,0.757447,0.521405,30.96341,33.96341,30,239,11,19,307.487804,57,235,6,-51,1839,1234,467,635,2539,6
PIT,20212022,regular,82,269,222,103,46,25,11,0.201612,0.84434,0.511366,34.7439,31.41463,50,248,8,42,290.02439,33,212,3,-30,2010,1094,647,640,2849,22
BOS,20212022,regular,82,253,218,107,51,26,5,0.211864,0.812978,0.541803,36.12195,28.70731,50,236,6,44,280.878048,49,262,5,-44,2205,1018,528,648,2962,11
BUF,20212022,regular,82,229,287,75,32,39,11,0.211711,0.764151,0.459936,29.89024,32.95121,47,222,6,41,280.268292,50,212,6,-44,1245,897,506,589,2451,12
MTL,20212022,regular,82,218,317,55,22,49,11,0.137096,0.755475,0.491841,29.78048,34.42682,34,248,12,22,299.146341,67,274,6,-61,2004,1184,505,975,2442,11
OTT,20212022,regular,82,224,264,73,33,42,7,0.193415,0.803213,0.479238,30.03658,33.41463,47,243,4,43,287.304878,49,249,9,-40,2417,1198,541,773,2463,14
TOR,20212022,regular,82,312,252,115,54,21,7,0.272727,0.820513,0.550543,34.57317,30.62195,63,231,4,59,259.036585,42,234,13,-29,1746,972,673,832,2835,16
CAR,20212022,regular,82,277,200,116,54,20,8,0.219827,0.880435,0.539048,34.12195,28.17073,51,232,3,48,267.487804,33,276,4,-29,1804,858,673,807,2798,19
FLA,20212022,regular,82,337,242,122,58,18,6,0.244274,0.795367,0.48235,37.34146,30.67073,64,262,8,56,302.914634,53,259,12,-41,2050,995,798,904,3062,19
TBL,20212022,regular,82,285,228,110,51,23,8,0.239382,0.805556,0.501177,30.91463,29.76829,62,259,5,57,311.5,49,252,7,-42,2124,1044,549,451,2535,11
WSH,20212022,regular,82,270,242,100,44,26,12,0.1875,0.804445,0.470999,31.42682,29.0,48,256,9,39,312.219512,44,225,8,-36,2068,1150,551,606,2577,21
CHI,20212022,regular,82,213,289,68,28,42,12,0.191836,0.762332,0.496394,28.80487,32.96341,47,245,6,41,305.57317,53,223,2,-51,2023,1300,596,681,2362,8
DET,20212022,regular,82,227,310,74,32,40,10,0.162995,0.737778,0.493629,29.43902,33.67073,37,227,10,27,280.829268,59,225,4,-55,1599,1091,457,587,2414,15
NSH,20212022,regular,82,262,250,97,45,30,7,0.244186,0.792254,0.512425,29.7439,32.26829,63,258,5,58,295.07317,59,284,2,-57,2470,1160,534,731,2438,17
STL,20212022,regular,82,309,239,109,49,22,11,0.269709,0.84091,0.502435,30.39024,31.59756,65,241,5,60,279.414634,35,220,9,-26,1656,1004,612,632,2492,21
CGY,20212022,regular,82,291,206,111,50,21,11,0.228813,0.832,0.51086,35.46341,28.95121,54,236,3,51,286.463414,42,250,7,-35,1836,955,585,825,2908,22
COL,20212022,regular,82,308,232,119,56,19,7,0.240143,0.796611,0.472749,35.04878,32.01219,67,279,5,62,329.52439,48,236,6,-42,1764,1084,594,526,2872,20
EDM,20212022,regular,82,285,251,104,49,27,6,0.259574,0.793651,0.512744,34.02439,32.28048,61,235,6,55,273.52439,52,252,11,-41,1853,1018,622,805,2789,21
VAN,20212022,regular,82,246,231,92,40,30,12,0.234817,0.748918,0.519567,31.9756,31.85365,58,247,6,52,292.231707,58,231,5,-53,1901,1176,555,561,2622,15
ANA,20212022,regular,82,228,266,76,31,37,14,0.219178,0.808036,0.482039,29.18292,33.2317,48,219,4,44,269.841463,43,224,6,-37,1697,1122,499,735,2393,10
DAL,20212022,regular,82,233,244,98,46,30,6,0.224066,0.789955,0.548212,30.31707,31.03658,54,241,5,49,287.463414,46,219,7,-39,1850,1170,459,795,2486,13
LAK,20212022,regular,82,235,232,99,44,27,11,0.16129,0.76652,0.521924,34.93902,28.54878,40,248,9,31,310.865853,53,227,11,-42,1667,1091,447,560,2865,19
SJS,20212022,regular,82,211,261,77,32,37,13,0.189814,0.852018,0.496061,29.26829,31.9756,41,216,11,30,264.012195,33,223,4,-29,1980,1369,730,678,2400,10
CBJ,20212022,regular,82,258,297,81,37,38,7,0.186363,0.785715,0.484744,30.03658,35.20731,41,220,6,35,276.182926,51,238,7,-44,1636,1073,580,547,2462,18
MIN,20212022,regular,82,305,249,113,53,22,7,0.205426,0.761364,0.476427,32.51219,31.42682,53,258,5,48,310.268292,63,264,2,-61,1846,1115,488,538,2666,14
WPG,20212022,regular,82,250,253,89,39,32,11,0.210526,0.75,0.507402,32.25609,33.18292,52,247,8,44,296.560975,58,232,9,-49,1921,1089,568,794,2645,18
UTA,20212022,regular,82,206,309,57,25,50,7,0.138613,0.75,0.472608,25.86585,35.4878,28,202,4,24,252.04878,64,256,3,-61,1847,1149,544,748,2121,10
VGK,20212022,regular,82,262,244,94,43,31,8,0.183962,0.774039,0.493277,34.51219,29.9756,39,212,7,32,264.804878,47,208,10,-37,1680,1310,738,681,2829,14
SEA,20212022,regular,82,213,284,60,27,49,6,0.145454,0.748879,0.476654,29.02439,28.86585,32,220,7,25,275.536585,56,223,8,-48,1770,1031,578,593,2380,14
NYR,20212022,playoff,20,62,58,20,10,10,,0.321428,0.8,0.439484,31.3,37.8,18,56,3,15,254.9,11,55,2,-9,629,332,210,345,625,4
PIT,20212022,playoff,7,29,28,6,3,4,,0.260869,0.684211,0.568807,44.28571,38.57142,6,23,2,4,310.285714,6,19,1,-5,211,117,65,123,310,2
BOS,20212022,playoff,7,20,24,6,3,4,,0.206896,0.861112,0.488584,32.42857,29.42857,6,29,0,6,375.142857,5,36,1,-4,276,119,54,61,227,2
TOR,20212022,playoff,7,24,23,6,3,4,,0.142857,0.787879,0.565947,30.85714,30.71428,4,28,1,3,397.428571,7,33,2,-5,266,113,47,45,216,2
CAR,20212022,playoff,14,37,40,14,7,7,,0.129629,0.74,0.55608,31.5,29.28571,7,54,1,6,373.285714,13,50,2,-11,451,199,160,184,441,4
FLA,20212022,playoff,10,23,32,8,4,6,,0.032258,0.717949,0.524369,35.3,30.8,1,31,0,1,354.0,11,39,0,-11,443,119,76,77,353,0
TBL,20212022,playoff,23,67,61,28,14,9,,0.19753,0.780822,0.489552,31.08695,32.7826,16,81,3,13,344.782608,16,73,1,-15,856,413,173,212,715,7
WSH,20212022,playoff,6,19,20,4,2,4,,0.291666,1.0,0.467191,30.33333,33.16666,7,24,0,7,343.333333,0,18,0,0,302,98,43,79,182,2
NSH,20212022,playoff,4,9,21,0,0,4,,0.230769,0.5625,0.496212,28.0,44.0,3,13,1,2,314.0,7,16,0,-7,215,93,36,21,112,0
STL,20212022,playoff,12,40,38,12,6,6,,0.307692,0.810811,0.514792,28.83333,34.0,12,39,0,12,323.166666,7,37,0,-7,362,180,92,64,346,4
CGY,20212022,playoff,12,35,39,10,5,7,,0.121951,0.863637,0.518569,39.66666,30.41666,5,41,1,4,350.083333,6,44,1,-5,365,137,104,155,476,3
COL,20212022,playoff,20,85,55,32,16,4,,0.327868,0.803572,0.47833,39.05,27.9,20,61,0,20,278.45,11,56,2,-9,759,309,193,132,781,6
EDM,20212022,playoff,16,65,59,16,8,8,,0.26,0.824562,0.485572,34.0,38.875,13,50,1,12,311.5625,10,57,3,-7,587,252,131,160,544,2
DAL,20212022,playoff,7,14,15,6,3,4,,0.083333,0.916667,0.524361,27.85714,41.0,2,24,0,2,345.714285,2,24,0,-2,216,145,33,81,195,3
LAK,20212022,playoff,7,17,27,6,3,4,,0.125,0.631579,0.493392,37.28571,35.57142,3,24,2,1,376.571428,7,19,0,-7,252,140,35,62,261,1
MIN,20212022,playoff,6,16,22,4,2,4,,0.166666,0.692308,0.482248,31.0,31.33333,4,24,0,4,408.833333,8,26,0,-8,133,83,53,36,186,2
NJD,20222023,regular,82,289,222,112,52,22,8,0.21875,0.826087,0.512613,34.40243,28.2317,49,224,8,41,262.804878,40,230,9,-31,1366,1220,619,744,2821,19
NYI,20222023,regular,82,242,217,93,42,31,9,0.157657,0.821918,0.517256,30.78048,31.02439,35,222,7,28,278.658536,39,219,6,-33,2139,1323,528,746,2524,15
NYR,20222023,regular,82,273,216,107,47,22,13,0.240816,0.81166,0.490672,31.4878,29.32926,59,245,5,54,293.768292,42,223,8,-34,1978,1205,677,832,2582,16
PHI,20222023,regular,82,220,276,75,31,38,13,0.155555,0.746782,0.457323,29.46341,31.52439,35,225,9,26,280.719512,59,233,11,-48,2223,1411,514,567,2416,11
PIT,20222023,regular,82,261,263,91,40,31,11,0.217241,0.790875,0.52064,34.36585,32.76829,63,290,5,58,338.243902,55,263,5,-50,2309,1222,676,765,2818,14
BOS,20222023,regular,82,301,174,135,65,12,5,0.222222,0.872792,0.544854,32.96341,29.84146,62,279,8,54,319.731707,36,283,8,-28,1925,1146,564,758,2702,17
BUF,20222023,regular,82,293,297,91,42,33,7,0.2342,0.730089,0.451186,32.5,33.04878,63,269,7,56,322.207317,61,226,9,-52,1171,927,580,551,2665,15
MTL,20222023,regular,82,227,305,68,31,45,6,0.161016,0.727273,0.484794,27.28048,33.57317,38,236,3,35,297.426829,75,275,8,-67,1597,1410,512,956,2237,7
OTT,20222023,regular,82,259,270,86,39,35,8,0.235294,0.800676,0.514472,33.4878,31.36585,72,306,11,61,367.634146,59,296,9,-50,2290,1254,557,745,2746,13
TOR,20222023,regular,82,278,220,111,50,21,11,0.260162,0.818549,0.530917,32.04878,29.51219,64,246,8,56,294.52439,45,248,8,-37,1775,1214,704,807,2628,13
CAR,20222023,regular,82,262,210,113,52,21,9,0.197628,0.84375,0.528568,34.78048,26.0,50,253,6,44,308.536585,40,256,11,-29,1351,834,737,671,2852,12
FLA,20222023,regular,82,288,272,92,42,32,8,0.22826,0.759451,0.489062,36.81707,31.7439,63,276,9,54,342.804878,70,291,6,-64,1755,1064,559,678,3019,18
TBL,20222023,regular,82,280,252,98,46,30,6,0.253571,0.796935,0.516375,31.96341,31.4878,71,280,11,60,322.0,53,261,7,-46,2025,1148,741,739,2621,18
WSH,20222023,regular,82,253,261,80,35,37,10,0.212244,0.818585,0.495408,31.08536,31.07317,52,245,8,44,294.012195,41,226,4,-37,2015,1274,587,748,2548,11
CHI,20222023,regular,82,202,299,59,26,49,7,0.163793,0.761905,0.526963,26.95121,33.63414,38,232,10,28,290.707317,55,231,7,-48,1971,1283,682,737,2209,9
DET,20222023,regular,82,237,275,80,35,37,10,0.211111,0.783133,0.491293,28.19512,30.43902,57,270,12,45,320.926829,54,249,5,-49,1812,1282,471,551,2312,14
NSH,20222023,regular,82,223,236,92,42,32,8,0.176,0.825455,0.522261,29.5,33.28048,44,250,6,38,301.02439,48,275,6,-42,2242,1322,573,647,2419,12
STL,20222023,regular,82,260,298,81,37,38,7,0.193277,0.723503,0.484889,28.54878,32.34146,46,238,14,32,295.5,60,217,7,-53,1813,1173,676,584,2341,14
CGY,20222023,regular,82,258,247,93,38,27,17,0.198412,0.825926,0.503481,35.95121,27.31707,50,252,6,44,310.902439,47,270,8,-39,1980,1024,621,689,2948,12
COL,20222023,regular,82,274,223,109,51,24,7,0.24521,0.790323,0.46708,33.25609,30.96341,64,261,5,59,316.560975,52,248,6,-46,1613,1114,607,497,2727,12
EDM,20222023,regular,82,325,256,109,50,23,9,0.323636,0.769785,0.508183,33.58536,31.36585,89,275,7,82,295.756097,64,278,18,-46,1873,1037,728,803,2754,16
VAN,20222023,regular,82,270,296,83,38,37,7,0.227106,0.71605,0.494883,29.7317,30.81707,62,273,14,48,327.256097,69,243,15,-54,2024,1139,518,523,2438,12
ANA,20222023,regular,82,206,335,58,23,47,12,0.157205,0.721429,0.467368,28.36585,39.10975,36,229,7,29,276.475609,78,280,1,-77,1284,1201,457,630,2326,8
DAL,20222023,regular,82,281,215,108,47,21,14,0.25,0.834711,0.547534,31.91463,29.90243,64,256,5,59,300.682926,40,242,10,-30,1648,1151,580,754,2617,18
LAK,20222023,regular,82,274,254,104,47,25,10,0.252788,0.758365,0.533245,32.41463,27.91463,68,269,9,59,307.914634,65,269,7,-58,1741,1308,410,595,2657,18
SJS,20222023,regular,82,233,315,60,22,44,16,0.183856,0.823771,0.509872,29.45121,32.19512,41,223,13,28,274.804878,43,244,4,-39,1871,1308,744,658,2415,11
CBJ,20222023,regular,82,213,329,59,25,48,9,0.183035,0.751055,0.486339,29.25609,35.41463,41,224,9,32,271.804878,59,237,5,-54,1880,1343,535,526,2399,10
MIN,20222023,regular,82,239,219,103,46,25,11,0.214285,0.820313,0.476825,30.91463,31.12195,54,252,3,51,296.292682,46,256,14,-32,1784,1318,535,502,2535,18
WPG,20222023,regular,82,246,224,95,46,33,3,0.192592,0.824268,0.489356,30.31707,30.32926,52,270,6,46,327.170731,42,239,7,-35,1789,1113,584,654,2486,13
UTA,20222023,regular,82,225,295,70,28,40,14,0.189075,0.746082,0.458899,25.84146,35.04878,45,238,6,39,291.878048,81,319,5,-76,2095,1226,484,750,2119,13
VGK,20222023,regular,82,267,225,111,51,22,9,0.202898,0.774359,0.522547,31.54878,30.89024,42,207,4,38,253.170731,44,195,10,-34,1930,1494,716,532,2587,14
SEA,20222023,regular,82,289,252,100,46,28,8,0.19753,0.76695,0.453156,30.45121,27.01219,48,243,9,39,300.036585,55,236,6,-49,1802,1127,786,540,2497,15
NJD,20222023,playoff,12,30,41,10,5,7,,0.166666,0.825,0.532751,28.16666,29.25,6,36,3,3,277.666666,7,40,3,-4,338,189,106,154,338,3
NYI,20222023,playoff,6,15,16,4,2,4,,0.055555,0.8,0.512953,29.0,35.0,1,18,1,0,318.666666,5,25,1,-4,227,114,47,84,174,1
NYR,20222023,playoff,7,17,17,6,3,4,,0.178571,0.833334,0.485488,27.85714,29.42857,5,28,2,3,379.285714,4,24,0,-4,204,132,64,75,194,1
BOS,20222023,playoff,7,27,26,6,3,4,,0.407407,0.75,0.53796,35.57142,32.28571,11,27,1,10,380.428571,5,20,2,-3,249,125,36,81,249,1
TOR,20222023,playoff,11,33,35,10,5,6,,0.25,0.733334,0.554179,32.54545,31.81818,8,32,0,8,271.818181,8,30,0,-8,476,226,130,138,358,0
CAR,20222023,playoff,15,46,38,16,8,7,,0.17647,0.84091,0.492668,36.0,28.86666,9,51,2,7,330.733333,7,44,4,-3,479,242,139,141,540,1
FLA,20222023,playoff,21,62,69,26,13,8,,0.210526,0.704226,0.451704,31.5238,35.66666,12,57,3,9,280.904761,21,71,2,-19,717,344,189,239,662,2
TBL,20222023,playoff,6,21,23,4,2,4,,0.238095,0.714286,0.487738,32.66666,30.66666,5,21,0,5,308.666666,6,21,0,-6,276,107,70,50,196,1
COL,20222023,playoff,7,19,18,6,3,4,,0.111111,0.857143,0.549751,33.28571,30.0,2,18,1,1,271.428571,3,21,1,-2,242,110,52,48,233,2
EDM,20222023,playoff,12,44,42,12,6,6,,0.461538,0.755556,0.517006,34.25,31.5,18,39,1,17,295.666666,11,45,1,-10,491,191,91,125,411,1
DAL,20222023,playoff,19,59,61,20,10,9,,0.307692,0.82,0.55575,30.63157,29.26315,16,52,1,15,256.368421,9,50,1,-8,534,298,132,179,582,4
LAK,20222023,playoff,6,20,25,4,2,4,,0.333333,0.4375,0.456989,33.5,35.33333,7,21,0,7,328.333333,9,16,1,-8,263,95,45,59,201,0
MIN,20222023,playoff,6,14,21,4,2,4,,0.181818,0.625,0.437017,30.66666,31.66666,4,22,1,3,394.166666,9,24,0,-9,198,114,41,58,184,1
WPG,20222023,playoff,5,14,19,2,1,4,,0.416666,0.8125,0.491909,30.8,31.8,5,12,0,5,198.8,3,16,0,-3,259,92,38,50,154,1
VGK,20222023,playoff,22,88,57,32,16,6,,0.219178,0.716667,0.504119,30.0909,32.04545,16,73,2,14,328.90909,17,60,1,-16,681,450,247,219,662,5
SEA,20222023,playoff,14,44,45,14,7,7,,0.142857,0.828572,0.43599,29.14285,30.57142,5,35,1,4,250.357142,6,35,2,-4,576,261,125,86,408,1
NJD,20232024,regular,82,264,281,81,38,39,5,0.224489,0.806585,0.535349,30.68292,29.9756,55,245,9,46,292.57317,47,243,3,-44,1667,1116,563,620,2516,14
NYI,20232024,regular,82,245,258,94,39,27,16,0.203463,0.714933,0.51265,30.12195,32.75609,47,231,3,44,272.804878,63,221,10,-53,2062,1552,526,682,2470,5
NYR,20232024,regular,82,278,226,114,55,23,4,0.264227,0.844828,0.522617,31.4878,29.4878,65,246,6,59,280.560975,36,232,8,-28,1981,1289,560,549,2581,19
PHI,20232024,regular,82,231,258,87,38,33,11,0.122047,0.834025,0.496789,33.02439,27.13414,31,254,4,27,320.609756,40,241,16,-24,2024,1533,496,448,2708,9
PIT,20232024,regular,82,253,248,88,38,32,12,0.152671,0.806585,0.546383,32.7439,30.2317,40,262,12,28,318.402439,47,243,5,-42,1632,1250,700,637,2682,20
BOS,20232024,regular,82,263,221,109,47,20,15,0.222222,0.824627,0.495045,29.25609,30.53658,54,243,6,48,289.621951,47,268,7,-40,2259,1299,516,677,2398,13
BUF,20232024,regular,82,244,243,84,39,37,6,0.165919,0.798354,0.450241,30.90243,29.29268,37,223,10,27,272.09756,49,243,7,-42,1786,1201,542,469,2534,17
MTL,20232024,regular,82,232,281,76,30,36,16,0.174603,0.764493,0.514563,27.67073,33.39024,44,252,12,32,306.317073,65,276,7,-58,1808,1464,463,750,2268,7
OTT,20232024,regular,82,250,281,78,37,41,4,0.180212,0.751021,0.509871,31.7317,29.65853,51,283,6,45,348.158536,61,245,7,-54,1994,1356,597,763,2602,13
TOR,20232024,regular,82,298,261,102,46,26,10,0.239495,0.768908,0.534512,32.57317,29.82926,57,238,9,48,277.731707,55,238,6,-49,2277,1352,621,757,2671,12
CAR,20232024,regular,82,277,211,111,52,23,7,0.269076,0.864342,0.525654,33.32926,25.62195,67,249,8,59,285.231707,35,258,11,-24,1383,937,621,652,2733,20
FLA,20232024,regular,82,265,198,110,52,24,6,0.235074,0.824743,0.512679,33.70731,27.79268,63,268,9,54,324.768292,51,291,8,-43,2339,1044,563,629,2763,21
TBL,20232024,regular,82,288,267,98,45,29,8,0.28629,0.833334,0.517539,29.28048,29.63414,71,248,6,65,282.792682,39,234,5,-34,1983,1247,519,572,2401,23
WSH,20232024,regular,82,216,252,91,40,31,11,0.20614,0.7897,0.466535,26.4878,30.52439,47,228,5,42,280.134146,49,233,3,-46,1878,1419,626,660,2172,12
CHI,20232024,regular,82,178,289,52,23,53,6,0.165957,0.757576,0.462608,26.25609,32.69512,39,235,8,31,287.646341,56,231,3,-53,1874,1340,710,701,2153,6
DET,20232024,regular,82,275,273,91,41,32,9,0.230769,0.795834,0.505829,28.96341,32.40243,63,273,10,53,324.304878,49,240,7,-42,1684,1360,457,554,2375,13
NSH,20232024,regular,82,266,248,99,47,30,5,0.215613,0.769231,0.503536,32.21951,30.57317,58,269,5,53,318.317073,57,247,7,-50,2149,1265,648,716,2642,18
STL,20232024,regular,82,234,248,92,43,33,6,0.18,0.790698,0.499003,28.90243,32.14634,45,250,7,38,305.719512,45,215,11,-34,1654,1219,723,573,2369,15
CGY,20232024,regular,82,253,267,81,38,39,5,0.178571,0.808164,0.496267,31.36585,29.7317,45,252,11,34,298.036585,47,245,11,-36,1752,1379,619,787,2572,19
COL,20232024,regular,82,302,252,107,50,25,7,0.244604,0.799243,0.47944,32.9878,29.80487,68,278,6,62,330.487804,53,264,7,-46,1670,1214,646,554,2705,19
EDM,20232024,regular,82,292,236,104,49,27,6,0.263374,0.794574,0.532288,33.75609,28.13414,64,243,5,59,266.329268,53,258,7,-46,1873,1103,700,760,2768,12
VAN,20232024,regular,82,279,221,109,50,23,9,0.226562,0.791339,0.521312,28.39024,28.57317,58,256,7,51,309.829268,53,254,7,-46,2178,1152,498,466,2328,14
ANA,20232024,regular,82,203,293,59,27,50,5,0.178723,0.724243,0.466475,26.75609,32.51219,42,235,5,37,283.060975,91,330,12,-79,1915,1343,499,562,2194,7
DAL,20232024,regular,82,294,232,113,52,21,9,0.241666,0.820084,0.540144,31.56097,28.65853,58,240,4,54,275.109756,43,239,12,-31,1458,1225,558,646,2588,13
LAK,20232024,regular,82,254,210,99,44,27,11,0.225806,0.84585,0.505976,31.90243,28.0,56,248,7,49,297.5,39,253,11,-28,1764,1267,423,540,2616,13
SJS,20232024,regular,82,180,326,47,19,54,9,0.201923,0.753969,0.490405,25.2317,35.13414,42,208,8,34,251.585365,62,252,3,-59,1875,1491,544,423,2069,4
CBJ,20232024,regular,82,234,298,66,27,43,12,0.150943,0.762712,0.472216,29.9756,34.41463,32,212,6,26,269.768292,56,236,5,-51,1578,1396,514,442,2458,11
MIN,20232024,regular,82,248,260,87,39,34,9,0.227106,0.745248,0.473127,30.13414,29.71951,62,273,11,51,335.658536,67,263,3,-64,1599,1305,496,508,2471,14
WPG,20232024,regular,82,259,198,110,52,24,6,0.1875,0.771301,0.475866,30.34146,29.62195,45,240,5,40,303.963414,51,223,3,-48,1853,1230,510,518,2488,24
UTA,20232024,regular,82,254,274,77,36,41,5,0.219917,0.763158,0.450821,27.71951,31.68292,53,241,7,46,290.463414,63,266,7,-56,1849,1228,473,630,2273,13
VGK,20232024,regular,82,263,243,98,45,29,8,0.20238,0.793428,0.501952,31.07317,30.32926,51,252,8,43,309.158536,44,213,9,-35,2019,1506,686,544,2548,18
SEA,20232024,regular,82,214,232,81,34,35,13,0.206611,0.788289,0.475171,28.62195,29.15853,50,242,9,41,300.780487,47,222,6,-41,1829,1218,681,403,2347,9
NYI,20232024,playoff,5,12,19,2,1,4,,0.272727,0.666667,0.498412,27.2,33.8,3,11,0,3,218.4,5,15,0,-5,139,117,27,57,136,0
NYR,20232024,playoff,16,47,42,20,10,6,,0.24,0.842106,0.507723,25.75,32.9375,12,50,0,12,296.3125,9,57,6,-3,549,349,103,138,412,2
BOS,20232024,playoff,13,31,31,12,6,7,,0.212121,0.857143,0.465561,24.84615,32.15384,7,33,1,6,252.076923,7,49,0,-7,621,258,65,140,323,3
TOR,20232024,playoff,7,12,18,6,3,4,,0.047619,0.647059,0.561881,30.71428,27.57142,1,21,0,1,348.571428,6,17,0,-6,346,107,46,68,215,0
CAR,20232024,playoff,11,38,32,12,6,5,,0.194444,0.733334,0.505882,35.72727,26.63636,7,36,2,5,296.636363,8,30,0,-8,291,185,73,107,393,4
FLA,20232024,playoff,24,73,62,32,16,8,,0.185185,0.88,0.511409,30.91666,25.25,15,81,5,10,350.041666,9,75,2,-7,1035,376,196,236,742,9
TBL,20232024,playoff,5,14,20,2,1,4,,0.2,0.769231,0.489864,27.0,32.0,4,20,1,3,358.0,3,13,1,-2,281,82,25,55,135,0
WSH,20232024,playoff,4,7,15,0,0,4,,0.117647,0.625,0.444954,25.25,26.0,2,17,2,0,438.25,6,16,0,-6,144,67,21,31,101,0
NSH,20232024,playoff,6,12,13,4,2,4,,0.090909,0.846154,0.498583,25.0,20.16666,2,22,0,2,372.0,2,13,0,-2,192,104,39,35,150,1
COL,20232024,playoff,11,43,37,12,6,5,,0.366666,0.733334,0.459574,32.0909,28.63636,11,30,2,9,237.90909,8,30,1,-7,434,204,83,95,353,4
EDM,20232024,playoff,25,86,65,30,15,10,,0.293333,0.942858,0.47319,28.4,25.08,22,75,0,22,280.84,4,70,3,-1,749,432,195,233,710,5
VAN,20232024,playoff,13,33,36,14,7,6,,0.138888,0.809524,0.531413,20.76923,27.15384,5,36,0,5,268.461538,8,42,0,-8,502,206,68,68,270,1
DAL,20232024,playoff,19,52,48,20,10,9,,0.2,0.675676,0.521591,27.94736,27.31578,9,45,2,7,252.421052,12,37,2,-10,525,398,184,141,531,7
LAK,20232024,playoff,5,13,22,2,1,4,,0.0,0.55,0.493333,29.0,31.0,0,12,0,0,286.6,9,20,0,-9,248,76,26,29,145,0
WPG,20232024,playoff,5,15,28,2,1,4,,0.230769,0.625,0.555555,28.0,37.0,3,13,1,2,260.8,6,16,0,-6,204,97,25,22,140,0
VGK,20232024,playoff,7,16,16,6,3,4,,0.25,0.714286,0.484777,27.0,28.57142,3,12,0,3,154.285714,4,14,1,-3,308,134,43,40,189,2
NJD,20242025,regular,82,240,220,91,42,33,7,0.282407,0.826667,0.498233,28.09756,26.35365,61,216,4,57,250.256097,39,225,7,-32,1929,1155,342,1205,2302,11
NYI,20242025,regular,82,222,257,82,35,35,12,0.125603,0.722223,0.549049,29.4878,28.7317,26,207,8,18,276.243902,50,180,9,-41,1814,1340,412,1200,2418,13
NYR,20242025,regular,82,255,255,85,39,36,7,0.17619,0.803348,0.535706,28.58536,29.89024,37,210,7,30,255.158536,47,239,18,-29,2031,1221,405,1213,2344,13
PHI,20242025,regular,82,232,283,76,33,39,10,0.149532,0.77612,0.499223,26.96341,26.95121,32,214,10,22,264.353658,45,201,4,-41,1727,1455,430,1266,2211,13
PIT,20242025,regular,82,242,287,80,34,36,12,0.257918,0.777778,0.527669,28.34146,30.13414,57,221,5,52,272.219512,48,216,5,-43,1665,1207,436,1242,2323,14
BOS,20242025,regular,82,222,271,76,33,39,10,0.152173,0.762712,0.516932,26.51219,28.60975,35,230,13,22,285.231707,56,236,6,-50,2168,1254,438,1310,2174,17
BUF,20242025,regular,82,265,287,79,36,39,7,0.187772,0.763486,0.478296,27.78048,28.87804,43,229,8,35,277.853658,57,241,10,-47,1736,1190,382,1187,2278,13
MTL,20242025,regular,82,243,261,91,40,31,11,0.200854,0.809339,0.507995,25.56097,29.04878,47,234,6,41,283.121951,49,257,9,-40,1987,1424,392,1145,2096,15
OTT,20242025,regular,82,242,232,97,45,30,7,0.237918,0.777293,0.530777,29.30487,28.60975,64,269,3,61,320.475609,51,229,9,-42,2106,1270,398,1055,2403,13
TOR,20242025,regular,82,267,229,108,52,26,4,0.247706,0.778724,0.537442,28.01219,29.32926,54,218,7,47,254.109756,52,235,6,-46,1962,1357,378,1208,2297,22
CAR,20242025,regular,82,266,230,99,47,30,5,0.186991,0.836066,0.527134,31.68292,24.92682,46,246,5,41,299.353658,40,244,10,-30,1415,947,452,1293,2597,22
FLA,20242025,regular,82,246,223,98,47,31,4,0.235294,0.807378,0.493886,31.57317,26.19512,56,238,10,46,281.378048,47,244,12,-35,2446,990,410,1142,2586,16
TBL,20242025,regular,82,292,216,102,47,27,8,0.25862,0.815534,0.500841,28.54878,28.18292,60,232,13,47,276.121951,38,206,11,-27,1443,1177,348,1159,2341,28
WSH,20242025,regular,82,286,229,111,51,22,9,0.235294,0.820084,0.501848,27.62195,27.18292,52,221,7,45,260.756097,43,239,8,-35,1580,1340,362,1190,2265,23
CHI,20242025,regular,82,224,292,61,25,46,11,0.248677,0.792952,0.44756,24.45121,31.10975,47,189,7,40,218.5,47,227,6,-41,1533,1205,413,1169,2004,8
DET,20242025,regular,82,235,259,86,39,35,8,0.270042,0.701087,0.489738,27.42682,28.4878,64,237,7,57,274.841463,55,184,2,-53,1570,1275,367,1235,2249,19
NSH,20242025,regular,82,212,274,68,30,44,8,0.219298,0.814815,0.512694,29.30487,28.56097,50,228,5,45,268.585365,45,243,1,-44,1933,1161,392,1224,2403,18
STL,20242025,regular,82,250,231,96,44,30,8,0.220512,0.742106,0.515607,26.65853,27.26829,43,195,5,38,237.04878,49,190,4,-45,2003,1249,367,1256,2186,11
CGY,20242025,regular,82,220,236,96,41,27,14,0.2103,0.761062,0.462442,29.43902,28.92682,49,233,6,43,291.914634,54,226,7,-47,1908,1316,435,1261,2414,17
COL,20242025,regular,82,273,231,102,49,29,4,0.247863,0.798077,0.470775,29.89024,25.92682,58,234,7,51,280.036585,42,208,5,-37,1549,1190,416,1224,2450,27
EDM,20242025,regular,82,259,235,101,48,29,5,0.237209,0.781554,0.509074,31.9756,26.96341,51,215,4,47,255.317073,45,206,5,-40,1241,1150,443,1183,2622,12
VAN,20242025,regular,82,233,251,90,38,30,14,0.225225,0.825893,0.488603,25.53658,26.80487,50,222,7,43,277.060975,39,224,4,-35,2213,1208,356,1074,2094,13
ANA,20242025,regular,82,217,261,80,35,37,10,0.117647,0.741936,0.446417,27.68292,32.29268,26,221,6,20,288.292682,64,248,3,-61,1876,1380,349,1145,2269,12
DAL,20242025,regular,82,275,222,106,50,26,6,0.22,0.820176,0.521353,28.35365,29.04878,55,250,4,51,305.02439,41,228,8,-33,1245,1153,373,1323,2325,20
LAK,20242025,regular,82,249,203,105,48,25,9,0.178743,0.814346,0.506218,28.08536,25.5,37,207,6,31,251.963414,44,237,4,-40,1742,1202,351,1129,2303,23
SJS,20242025,regular,82,208,310,52,20,50,12,0.18584,0.742188,0.480641,26.86585,31.78048,42,226,8,34,279.731707,66,256,5,-61,1818,1418,365,1185,2203,6
CBJ,20242025,regular,82,267,267,89,40,33,9,0.194594,0.769586,0.477787,29.04878,29.91463,36,185,7,29,223.09756,50,217,9,-41,1656,1327,391,1227,2382,14
MIN,20242025,regular,82,225,236,97,45,30,7,0.208737,0.724138,0.46701,27.59756,29.60975,43,206,4,39,256.585365,56,203,4,-52,1645,1319,407,1206,2261,21
WPG,20242025,regular,82,275,190,116,56,22,4,0.28899,0.79397,0.493291,28.21951,27.18292,63,218,4,59,250.231707,41,199,4,-37,1700,1270,415,1125,2314,21
VGK,20242025,regular,82,274,214,110,50,22,10,0.283422,0.757397,0.504107,30.26829,26.10975,53,187,3,50,217.402439,41,169,6,-35,1488,1267,401,1279,2482,22
SEA,20242025,regular,82,245,262,76,35,41,6,0.189427,0.772021,0.485609,27.35365,28.56097,43,227,4,39,285.475609,44,193,3,-41,1697,1332,418,1128,2242,15
UTA,20242025,regular,82,240,247,89,38,31,13,0.241525,0.792829,0.515686,28.54878,27.70731,57,236,8,49,278.170731,52,251,4,-48,1467,1252,384,1377,2341,12
NJD,20242025,playoff,5,11,19,2,1,4,,0.0,0.684211,0.511428,28.8,36.6,0,15,1,-1,356.4,6,19,0,-6,216,101,22,64,144,0
MTL,20242025,playoff,5,12,18,2,1,4,,0.333333,0.769231,0.510638,29.6,27.8,5,15,0,5,284.6,3,13,0,-3,184,57,18,62,148,0
OTT,20242025,playoff,6,16,19,4,2,4,,0.2,0.647059,0.434017,24.0,25.16666,3,15,0,3,245.5,6,17,2,-4,269,81,24,74,144,2
TOR,20242025,playoff,13,36,42,14,7,6,,0.216216,0.81579,0.566137,24.92307,27.84615,8,37,2,6,262.461538,7,38,0,-7,490,301,56,178,324,1
CAR,20242025,playoff,15,44,39,18,9,6,,0.230769,0.851064,0.516264,30.53333,23.6,12,52,0,12,358.466666,7,47,1,-6,621,211,60,213,458,7
FLA,20242025,playoff,23,94,56,32,16,7,,0.253164,0.864198,0.476858,28.21739,27.0,20,79,0,20,329.565217,11,81,1,-10,1042,345,110,291,649,8
TBL,20242025,playoff,5,12,19,2,1,4,,0.111111,0.75,0.507092,22.4,25.6,2,18,0,2,478.6,4,16,0,-4,154,71,17,79,112,1
WSH,20242025,playoff,10,25,27,10,5,5,,0.178571,0.714286,0.487001,23.5,29.7,5,28,0,5,289.9,8,28,0,-8,339,228,38,135,235,5
STL,20242025,playoff,7,27,21,6,3,4,,0.230769,0.772728,0.522167,23.71428,27.71428,6,26,0,6,356.571428,5,22,0,-5,301,113,26,131,166,0
COL,20242025,playoff,7,24,21,6,3,4,,0.136363,0.695653,0.510158,34.42857,26.57142,3,22,0,3,324.0,7,23,2,-5,284,112,42,104,241,3
EDM,20242025,playoff,22,82,73,28,14,8,,0.253968,0.671429,0.480529,31.95454,28.22727,16,63,1,15,273.90909,23,70,0,-23,849,411,82,307,703,7
DAL,20242025,playoff,18,45,60,18,9,9,,0.320754,0.796611,0.522598,25.33333,30.27777,17,53,2,15,277.611111,12,59,0,-12,561,293,60,253,456,3
LAK,20242025,playoff,6,24,27,4,2,4,,0.4,0.615385,0.520215,29.83333,35.16666,8,20,0,8,308.5,5,13,0,-5,222,118,24,79,179,0
MIN,20242025,playoff,6,19,18,4,2,4,,0.230769,0.722223,0.473829,25.5,32.16666,3,13,2,1,228.833333,5,18,1,-4,204,130,28,73,153,2
WPG,20242025,playoff,13,35,40,12,6,7,,0.186046,0.738096,0.473118,28.15384,23.30769,8,43,0,8,337.0,11,42,0,-11,595,190,61,179,366,4
VGK,20242025,playoff,11,28,35,10,5,6,,0.258064,0.833334,0.499231,28.45454,27.54545,8,31,1,7,284.454545,4,24,2,-2,393,203,52,128,313,1
NJD,20252026,regular,82,226,253,87,42,37,3,0.219512,0.79327,0.505188,29.58536,27.36585,45,205,4,41,249.390243,43,208,7,-36,1514,1131,380,1282,2426,18
NYI,20252026,regular,82,229,236,91,43,34,5,0.165289,0.808412,0.526467,28.17073,27.69512,40,242,9,31,293.402439,41,214,9,-32,1599,1185,368,1156,2309,7
NYR,20252026,regular,82,235,249,77,34,39,9,0.246511,0.799197,0.545151,25.19512,28.82926,53,215,9,44,260.414634,50,249,6,-44,2112,1176,366,1190,2064,12
PHI,20252026,regular,82,240,239,98,43,27,12,0.157446,0.775511,0.494852,25.46341,25.45121,37,235,9,28,288.390243,55,245,7,-48,1882,1237,349,1191,2088,21
PIT,20252026,regular,82,290,258,98,41,25,16,0.241379,0.814346,0.482095,28.57317,27.36585,56,232,12,44,280.5,44,237,6,-38,1444,1204,406,1306,2343,16
BOS,20252026,regular,82,268,247,100,45,27,10,0.234042,0.769785,0.530607,27.02439,29.69512,55,235,9,46,275.682926,64,278,2,-62,1861,1242,376,1306,2216,15
BUF,20252026,regular,82,283,240,109,50,23,9,0.195121,0.818966,0.458991,28.12195,29.06097,48,246,6,42,299.59756,42,232,11,-31,1575,1167,413,1222,2306,27
MTL,20252026,regular,82,279,251,106,48,24,10,0.231404,0.782259,0.509786,26.29268,27.82926,56,242,4,52,290.341463,54,248,8,-46,1810,1331,364,1094,2156,15
OTT,20252026,regular,82,275,245,99,44,27,11,0.239543,0.757447,0.545119,28.91463,24.40243,63,263,6,57,318.634146,57,235,8,-49,1953,1101,413,1130,2371,19
TOR,20252026,regular,82,252,295,78,32,36,14,0.213197,0.812228,0.541766,26.32926,32.43902,42,197,7,35,245.926829,43,229,6,-37,1870,1239,378,1298,2159,19
CAR,20252026,regular,82,291,236,113,53,22,7,0.248962,0.805195,0.501205,32.15853,23.92682,60,241,4,56,283.036585,45,231,12,-33,1635,928,470,1260,2637,17
FLA,20252026,regular,82,246,274,84,40,38,4,0.195488,0.809524,0.467549,27.9878,26.79268,52,266,7,45,318.951219,52,273,6,-46,2024,992,343,1129,2295,14
TBL,20252026,regular,82,286,229,106,50,26,6,0.207317,0.825582,0.473892,28.10975,26.69512,51,246,6,45,301.170731,45,258,6,-39,1642,1006,336,1203,2305,23
WSH,20252026,regular,82,261,238,95,43,30,9,0.178423,0.800797,0.493212,28.04878,28.13414,43,241,11,32,293.731707,50,251,4,-46,1615,1307,373,1212,2299,25
CHI,20252026,regular,82,210,270,72,29,39,14,0.169491,0.836135,0.460129,24.58536,29.96341,40,236,3,37,284.109756,39,238,6,-33,1346,1020,403,1257,2015,9
DET,20252026,regular,82,239,254,92,41,31,10,0.225806,0.771429,0.510032,28.2439,27.7439,56,248,5,51,297.975609,48,210,3,-45,1480,1304,364,1189,2316,21
NSH,20252026,regular,82,242,267,86,38,34,10,0.231092,0.817074,0.504733,27.86585,29.62195,55,238,2,53,285.02439,45,246,8,-37,1576,1005,425,1201,2285,16
STL,20252026,regular,82,230,254,86,37,33,12,0.175925,0.766817,0.493662,25.32926,27.70731,38,216,4,34,270.280487,52,223,6,-46,1796,1116,358,1138,2077,13
CGY,20252026,regular,82,208,256,77,34,39,9,0.161572,0.804082,0.493174,28.10975,29.91463,37,229,4,33,276.817073,48,245,11,-37,1660,1235,371,1310,2305,13
COL,20252026,regular,82,298,197,121,55,16,11,0.171102,0.846154,0.512164,33.7317,26.13414,45,263,13,32,326.987804,36,234,2,-34,1360,1039,369,1273,2766,23
EDM,20252026,regular,82,282,265,93,41,30,11,0.306306,0.778281,0.526014,29.7439,26.70731,68,222,7,61,250.536585,49,221,6,-43,1545,1198,345,1241,2438,17
VAN,20252026,regular,82,210,314,58,25,49,8,0.217948,0.714913,0.493092,25.96341,29.81707,51,234,6,45,276.060975,65,228,9,-56,1739,1108,364,1249,2129,8
ANA,20252026,regular,82,265,288,92,43,33,6,0.185606,0.763566,0.479983,30.80487,28.36585,49,264,6,43,317.475609,61,258,8,-53,1718,1181,416,1240,2526,15
DAL,20252026,regular,82,273,222,112,50,20,12,0.28629,0.803213,0.515944,25.29268,26.15853,71,248,7,64,287.841463,49,249,4,-45,1553,1222,382,1171,2074,11
LAK,20252026,regular,82,220,238,90,35,27,20,0.169642,0.745834,0.497544,28.01219,27.17073,38,224,7,31,273.256097,61,240,7,-54,1650,1199,367,1255,2297,10
SJS,20252026,regular,82,249,290,86,39,35,8,0.211764,0.764228,0.47811,25.75609,29.64634,54,255,8,46,308.865853,58,246,3,-55,1794,1204,375,1298,2112,12
CBJ,20252026,regular,82,246,251,92,40,30,12,0.189054,0.760181,0.50568,29.39024,28.84146,38,201,5,33,246.182926,53,221,5,-48,1577,1195,413,1244,2409,16
MIN,20252026,regular,82,268,235,104,46,24,12,0.251937,0.798123,0.466382,29.18292,29.40243,65,258,4,61,308.329268,43,213,7,-36,1742,1268,374,1181,2393,18
WPG,20252026,regular,82,229,256,82,35,35,12,0.185022,0.776316,0.511055,26.36585,27.76829,42,227,5,37,283.414634,51,228,6,-45,1776,1121,330,1161,2162,13
VGK,20252026,regular,82,264,242,95,39,26,17,0.245762,0.813726,0.509544,28.9878,24.39024,58,236,6,52,269.012195,38,204,6,-32,1713,1179,363,1292,2377,9
SEA,20252026,regular,82,224,257,79,34,37,11,0.195454,0.722223,0.477162,25.58536,29.45121,43,220,7,36,264.182926,60,216,2,-58,1517,1279,392,1188,2095,17
UTA,20252026,regular,82,268,240,92,43,33,6,0.2,0.781377,0.492474,27.70731,26.14634,46,230,3,43,278.487804,54,247,8,-46,1580,1117,353,1313,2272,19
PHI,20252026,playoff,10,21,24,8,4,6,,0.083333,0.853659,0.507438,24.6,29.5,3,36,1,2,373.2,6,41,1,-5,420,164,47,161,246,2
PIT,20252026,playoff,6,11,16,4,2,4,,0.157894,0.882353,0.474137,26.5,25.83333,3,19,1,2,324.833333,2,17,0,-2,199,75,25,94,159,1
BOS,20252026,playoff,6,12,20,4,2,4,,0.125,0.958334,0.561797,25.16666,31.66666,2,16,0,2,280.0,1,24,1,0,233,100,28,103,151,0
BUF,20252026,playoff,13,43,39,14,7,6,,0.204081,0.761905,0.456919,30.46153,26.6923,10,49,2,8,384.076923,10,42,0,-10,375,188,53,191,396,4
MTL,20252026,playoff,19,54,56,18,9,10,,0.230769,0.780822,0.533516,23.21052,29.94736,15,65,0,15,340.631578,16,73,1,-15,584,339,85,267,441,2
OTT,20252026,playoff,4,5,11,0,0,4,,0.047619,0.866667,0.585271,27.5,33.75,1,21,0,1,538.25,2,15,0,-2,173,78,21,75,110,0
CAR,20252026,playoff,19,66,39,32,16,3,,0.173333,0.915493,0.500422,31.63157,23.26315,13,75,0,13,388.842105,6,71,1,-5,684,267,116,326,601,6
TBL,20252026,playoff,7,15,16,6,3,4,,0.172413,0.807693,0.444162,28.0,22.28571,5,29,0,5,413.571428,5,26,0,-5,228,99,39,93,196,0
COL,20252026,playoff,13,44,37,16,8,5,,0.205882,0.8,0.503128,32.15384,25.92307,7,34,1,6,252.461538,8,40,2,-6,357,185,60,190,418,6
EDM,20252026,playoff,6,21,26,4,2,4,,0.285714,0.5,0.51715,28.33333,32.33333,4,14,1,3,223.166666,8,16,0,-8,212,86,31,99,169,0
ANA,20252026,playoff,12,39,42,12,6,6,,0.315789,0.689656,0.467514,31.66666,26.33333,12,38,2,10,312.666666,9,29,1,-8,429,141,50,170,380,4
DAL,20252026,playoff,6,15,23,4,2,4,,0.4,0.84,0.490909,31.0,30.33333,10,25,0,10,367.833333,4,25,0,-4,176,95,26,79,186,1
LAK,20252026,playoff,4,5,13,0,0,4,,0.1875,0.909091,0.496062,25.25,30.75,3,16,1,2,369.5,1,11,0,-1,154,76,16,51,101,0
MIN,20252026,playoff,11,41,39,10,5,6,,0.18421,0.605264,0.495702,28.72727,32.36363,7,38,0,7,366.636363,15,38,1,-14,373,191,46,149,316,5
VGK,20252026,playoff,22,76,62,28,14,8,,0.203125,0.820896,0.508112,26.54545,29.0909,13,64,1,12,293.045454,12,67,4,-8,774,386,105,374,584,7
UTA,20252026,playoff,6,18,23,4,2,4,,0.0625,0.8,0.4733,27.66666,30.66666,1,16,2,-1,323.666666,4,20,0,-4,250,108,31,119,166,0
