player_name,team,pos,GP,Rating,Tier,Dep,Shot,Prod,player_id
Erik Karlsson,SJS,D,82,100.0,Elite,100.0,,100.0,8474578
Roman Josi,NSH,D,67,97.1,Elite,96.8,,97.6,8474600
Josh Morrissey,WPG,D,78,97.0,Elite,95.6,,99.2,8477504
Rasmus Dahlin,BUF,D,78,96.7,Elite,98.8,,93.6,8480839
Zach Werenski,CBJ,D,13,96.5,Elite,94.4,,99.6,8478460
Vince Dunn,SEA,D,81,95.9,Elite,96.4,,95.2,8478407
Bowen Byram,COL,D,42,92.7,Elite,94.8,,89.6,8481524
Gustav Forsling,FLA,D,82,91.9,Elite,88.4,,97.2,8478055
Cale Makar,COL,D,60,91.5,Elite,88.8,,95.6,8480069
Adam Larsson,SEA,D,82,90.4,Elite,98.4,,78.3,8476457
Mike Matheson,MTL,D,48,90.2,Elite,84.7,,98.4,8476875
Justin Faulk,STL,D,82,90.1,Elite,89.2,,91.6,8475753
Miro Heiskanen,DAL,D,79,89.5,Elite,97.2,,77.9,8480036
Mikhail Sergachev,TBL,D,79,89.4,Elite,86.3,,94.0,8479410
Quinn Hughes,VAN,D,78,89.2,Elite,95.2,,80.3,8480800
Darnell Nurse,EDM,D,82,88.9,Elite,92.0,,84.3,8477498
Shea Theodore,VGK,D,55,87.6,Elite,84.3,,92.4,8477447
Brandon Montour,FLA,D,80,86.9,Elite,81.9,,94.4,8477986
Devon Toews,COL,D,80,86.0,Elite,93.6,,74.7,8478038
K'Andre Miller,NYR,D,79,85.9,Elite,92.4,,76.3,8480817
Victor Hedman,TBL,D,76,84.7,Elite,87.1,,81.1,8475167
Nick Jensen,WSH,D,77,84.2,Elite,79.5,,91.2,8475324
Cam Fowler,ANA,D,82,84.1,Elite,91.2,,73.5,8475764
Alex Pietrangelo,VGK,D,73,83.9,Elite,82.3,,86.3,8474565
Dougie Hamilton,NJD,D,82,83.5,Elite,75.1,,96.0,8476462
Marcus Pettersson,PIT,D,68,83.5,Elite,85.9,,79.9,8477969
Adam Fox,NYR,D,82,83.1,Elite,78.3,,90.4,8479323
Rasmus Andersson,CGY,D,79,83.0,Elite,79.9,,87.6,8478397
Seth Jones,CHI,D,72,82.8,Elite,88.0,,75.1,8477495
Brent Burns,CAR,D,82,82.1,Elite,71.5,,98.0,8470613
Brady Skjei,CAR,D,81,81.7,Elite,81.5,,81.9,8476869
Kaiden Guhle,MTL,D,44,80.9,Elite,70.3,,96.8,8482087
Adam Pelech,NYI,D,61,79.7,Elite,87.6,,67.9,8476917
Jakob Chychrun,ARI,D,48,79.4,Elite,83.9,,72.7,8479345
Hampus Lindholm,BOS,D,80,78.7,Elite,73.9,,85.9,8476854
John Klingberg,ANA,D,67,78.5,Elite,69.5,,92.0,8475906
Nick Leddy,STL,D,78,76.1,Elite,92.8,,51.0,8475181
Noah Hanifin,CGY,D,81,75.3,Elite,75.9,,74.3,8478396
Mattias Ekholm,NSH,D,78,75.0,Middle,65.9,,88.8,8475218
Owen Power,BUF,D,79,74.4,Middle,99.6,,36.5,8482671
Travis Sanheim,PHI,D,81,74.1,Middle,73.1,,75.5,8477948
Oliver Ekman-Larsson,VAN,D,54,74.0,Middle,67.9,,83.1,8475171
Jaccob Slavin,CAR,D,76,73.8,Middle,85.5,,56.2,8476958
Morgan Rielly,TOR,D,65,73.3,Middle,65.5,,85.1,8476853
Tony DeAngelo,PHI,D,70,72.7,Middle,66.3,,82.3,8477950
Brett Pesce,CAR,D,82,72.4,Middle,80.7,,59.8,8477488
Samuel Girard,COL,D,76,72.4,Middle,90.0,,46.2,8479398
Charlie McAvoy,BOS,D,67,72.3,Middle,58.6,,92.8,8479325
Erik Gustafsson,WSH,D,70,72.0,Middle,59.4,,90.8,8476979
Scott Mayfield,NYI,D,82,71.5,Middle,78.7,,60.6,8476429
John Carlson,WSH,D,40,71.4,Middle,63.9,,82.7,8474590
Colton Parayko,STL,D,79,71.2,Middle,99.2,,29.3,8476892
Damon Severson,NJD,D,81,71.2,Middle,67.5,,76.7,8476923
Thomas Chabot,OTT,D,68,70.8,Middle,98.0,,30.1,8478469
John Marino,NJD,D,64,70.6,Middle,71.1,,69.9,8478507
Neal Pionk,WPG,D,82,70.0,Middle,75.5,,61.8,8480145
Jacob Trouba,NYR,D,82,69.7,Middle,74.7,,62.2,8476885
MacKenzie Weegar,CGY,D,81,69.4,Middle,81.1,,51.8,8477346
Mathew Dumba,MIN,D,79,69.1,Middle,91.6,,35.3,8476856
Brian Dumoulin,PIT,D,82,69.0,Middle,72.7,,63.5,8475208
Kris Letang,PIT,D,64,68.8,Middle,96.0,,28.1,8471724
Ivan Provorov,PHI,D,82,68.1,Middle,90.8,,34.1,8478500
Jared Spurgeon,MIN,D,79,67.6,Middle,56.2,,84.7,8474716
Ryan Graves,NJD,D,78,67.6,Middle,71.9,,61.0,8477435
Dmitry Orlov,WSH,D,66,67.3,Middle,83.5,,43.0,8475200
David Savard,MTL,D,62,67.3,Middle,86.7,,38.2,8475233
Rasmus Sandin,TOR,D,71,67.1,Middle,59.0,,79.1,8480873
Ryan Pulock,NYI,D,82,67.1,Middle,77.1,,52.2,8477506
Cam York,PHI,D,54,66.3,Middle,64.7,,68.7,8481546
Drew Doughty,LAK,D,81,66.1,Middle,97.6,,18.9,8474563
Nikita Zadorov,CGY,D,82,65.8,Middle,51.8,,86.7,8477507
Jake McCabe,CHI,D,76,65.8,Middle,67.1,,63.9,8476931
Noah Dobson,NYI,D,78,65.6,Middle,46.2,,94.8,8480865
Ryan McDonagh,NSH,D,71,65.4,Middle,76.3,,49.0,8474151
Martin Fehérváry,WSH,D,67,65.2,Middle,80.3,,42.6,8480796
Mattias Samuelsson,BUF,D,55,65.2,Middle,94.0,,22.1,8480807
Henri Jokiharju,BUF,D,60,64.8,Middle,90.4,,26.5,8480035
Olli Määttä,DET,D,78,64.7,Middle,61.4,,69.5,8476874
Josh Manson,COL,D,27,63.4,Middle,39.8,,98.8,8476312
Alexander Romanov,NYI,D,76,63.2,Middle,68.7,,55.0,8481014
Daniil Miromanov,VGK,D,14,63.2,Middle,45.4,,90.0,8482624
Aaron Ekblad,FLA,D,71,63.2,Middle,57.4,,71.9,8477932
Dylan DeMelo,WPG,D,75,62.8,Middle,60.2,,66.7,8476331
Jamie Oleksiak,SEA,D,75,62.7,Middle,53.8,,75.9,8476467
Nick Blankenburg,CBJ,D,36,62.6,Middle,56.6,,71.5,8483565
Mikey Anderson,LAK,D,77,62.5,Middle,93.2,,16.5,8479998
Nicolas Hague,VGK,D,81,62.3,Middle,72.3,,47.4,8479980
Vladislav Gavrikov,CBJ,D,72,62.1,Middle,77.5,,39.0,8478882
Jordan Harris,MTL,D,65,61.4,Middle,69.1,,49.8,8480887
Dmitry Kulikov,ANA,D,67,61.2,Middle,54.6,,71.1,8475179
Tyson Barrie,EDM,D,85,60.9,Middle,45.8,,83.5,8475197
Tyler Myers,VAN,D,78,60.7,Middle,85.1,,24.1,8474574
Ben Chiarot,DET,D,76,60.6,Middle,70.7,,45.4,8475279
Jonas Siegenthaler,NJD,D,80,60.5,Middle,74.3,,39.8,8478399
Shayne Gostisbehere,ARI,D,75,60.2,Middle,61.0,,59.0,8476906
Jake Walman,DET,D,63,60.1,Middle,55.4,,67.1,8478013
Jeff Petry,PIT,D,61,59.9,Middle,69.9,,45.0,8473507
Erik Gudbranson,CBJ,D,70,59.4,Middle,89.6,,14.1,8475790
Sean Durzi,LAK,D,72,59.1,Middle,44.2,,81.5,8480434
Moritz Seider,DET,D,82,58.8,Middle,57.0,,61.4,8481542
Connor Clifton,BOS,D,78,58.0,Middle,53.0,,65.5,8477365
Ryan Lindgren,NYR,D,63,57.8,Middle,57.8,,57.8,8479324
Trevor van Riemsdyk,WSH,D,75,57.8,Middle,49.4,,70.3,8477845
Nick Perbix,TBL,D,69,57.0,Middle,32.9,,93.2,8480246
Matt Benning,SJS,D,77,56.9,Middle,49.8,,67.5,8476988
Andrew Peeke,CBJ,D,80,56.9,Middle,79.1,,23.7,8479369
Matt Grzelcyk,BOS,D,75,56.8,Middle,52.6,,63.1,8476891
Brenden Dillon,WPG,D,82,56.1,Middle,60.6,,49.4,8475455
Colin Miller,DAL,D,79,56.1,Middle,50.2,,65.1,8476525
TJ Brodie,TOR,D,58,55.7,Middle,77.9,,22.5,8474673
Ryan Suter,DAL,D,82,54.8,Middle,64.3,,40.6,8470600
Filip Hronek,DET,D,64,54.5,Middle,63.1,,41.8,8479425
Calle Rosen,STL,D,49,54.2,Middle,26.1,,96.4,8480157
Adam Boqvist,CBJ,D,46,53.9,Middle,31.7,,87.1,8480871
Zach Whitecloud,VGK,D,59,53.6,Middle,43.8,,68.3,8480727
Brayden McNabb,VGK,D,82,53.3,Middle,73.5,,22.9,8475188
Jordan Gross,NSH,D,15,53.1,Middle,53.4,,52.6,8480913
Luke Schenn,VAN,D,70,52.9,Middle,29.3,,88.4,8474568
Jonas Brodin,MIN,D,60,52.3,Middle,83.1,,6.0,8476463
Kevin Shattenkirk,ANA,D,75,52.0,Middle,51.0,,53.4,8474031
Ian Cole,TBL,D,78,51.6,Middle,54.2,,47.8,8474013
Isaak Phillips,CHI,D,16,51.3,Middle,28.5,,85.5,8482192
Esa Lindell,DAL,D,82,51.2,Middle,49.0,,54.6,8476902
Artem Zub,OTT,D,53,51.1,Middle,82.7,,3.6,8482245
Connor Murphy,CHI,D,80,51.1,Middle,68.3,,25.3,8476473
Jaycob Megna,SJS,D,54,50.9,Middle,66.7,,27.3,8477034
Scott Harrington,SJS,D,45,50.8,Middle,48.6,,54.2,8476449
Justin Barron,MTL,D,39,50.0,Middle,27.3,,83.9,8482111
Evan Bouchard,EDM,D,82,49.2,Middle,37.8,,66.3,8480803
Torey Krug,STL,D,63,49.2,Middle,39.0,,64.7,8476792
Ethan Bear,VAN,D,61,48.9,Middle,55.8,,38.6,8478451
Matt Roy,LAK,D,82,48.7,Middle,51.4,,44.6,8478911
Mark Giordano,TOR,D,78,48.2,Middle,46.6,,50.6,8470966
Timothy Liljegren,TOR,D,67,48.1,Middle,43.0,,55.8,8480043
Mario Ferraro,SJS,D,72,47.8,Middle,76.7,,4.4,8479983
Jake Middleton,MIN,D,79,47.6,Middle,58.2,,31.7,8478136
Sebastian Aho,NYI,D,71,47.1,Middle,35.7,,64.3,8480222
Robert Hagg,DET,D,38,46.7,Middle,26.5,,77.1,8477462
Caleb Jones,CHI,D,73,46.7,Middle,62.2,,23.3,8478452
Will Borgen,SEA,D,82,45.5,Middle,29.7,,69.1,8478840
Conor Timmins,TOR,D,27,45.1,Middle,16.5,,88.0,8479982
Travis Hamonic,OTT,D,75,44.8,Middle,34.5,,60.2,8474612
Arber Xhekaj,MTL,D,51,44.5,Middle,21.7,,78.7,8482964
Chris Tanev,CGY,D,65,44.3,Middle,59.8,,20.9,8475690
Darren Raddysh,TBL,D,17,44.1,Middle,44.6,,43.4,8478178
Jani Hakanpää,DAL,D,82,43.7,Middle,48.2,,36.9,8475825
J.J. Moser,ARI,D,82,43.4,Middle,40.2,,48.2,8482655
Derek Forbort,BOS,D,54,43.1,Middle,23.7,,72.3,8475762
Ben Hutton,VGK,D,31,42.7,Middle,32.1,,58.6,8477018
Cody Ceci,EDM,D,80,42.6,Middle,61.8,,13.7,8476879
Alec Martinez,VGK,D,77,42.4,Middle,65.1,,8.4,8474166
Jake Sanderson,OTT,D,77,42.3,Middle,41.4,,43.8,8482105
Johnathan Kovacevic,MTL,D,77,42.0,Middle,40.6,,44.2,8480192
Nils Lundkvist,DAL,D,60,41.9,Middle,28.1,,62.7,8480878
Justin Schultz,SEA,D,73,41.8,Middle,36.1,,50.2,8474602
Pierre-Olivier Joseph,PIT,D,75,41.3,Middle,20.1,,73.1,8480058
Justin Holl,TOR,D,80,41.3,Middle,63.5,,8.0,8475718
Braden Schneider,NYR,D,81,41.2,Middle,33.3,,53.0,8482073
Samuel Bolduc,NYI,D,17,41.0,Middle,8.8,,89.2,8481541
Nate Schmidt,WPG,D,71,39.7,Middle,38.6,,41.4,8477220
Joshua Mahura,FLA,D,82,39.4,Middle,14.1,,77.5,8479372
Erik Cernak,TBL,D,70,39.4,Middle,47.8,,26.9,8478416
Jack Johnson,CHI,D,83,39.2,Middle,62.7,,4.0,8471677
Gavin Bayreuther,CBJ,D,51,38.0,Middle,30.9,,48.6,8479945
Jordan Oesterle,DET,D,52,37.9,Middle,41.0,,33.3,8477851
Brandon Carlo,BOS,D,75,37.8,Middle,38.2,,37.3,8478443
Radko Gudas,FLA,D,72,37.8,Middle,25.3,,56.6,8475462
Kyle Burroughs,VAN,D,48,36.5,Middle,43.4,,26.1,8477335
Juuso Välimäki,ARI,D,78,36.1,Middle,36.9,,34.9,8479976
Nick Seeler,PHI,D,77,36.0,Middle,16.1,,65.9,8476372
Troy Stecher,ARI,D,81,35.6,Middle,19.7,,59.4,8479442
Rasmus Ristolainen,PHI,D,74,35.4,Middle,47.0,,18.1,8477499
Simon Benoit,ANA,D,78,35.0,Middle,52.2,,9.2,8481122
Marco Scandella,STL,D,20,35.0,Middle,35.3,,34.5,8474618
Marc Staal,FLA,D,82,34.7,Poor,39.4,,27.7,8471686
Connor Mackey,ARI,D,30,34.4,Poor,8.0,,73.9,8482067
Tim Berni,CBJ,D,59,34.3,Poor,55.0,,3.2,8481072
Brad Hunt,COL,D,47,33.5,Poor,2.0,,80.7,8476779
Urho Vaakanainen,ANA,D,23,32.6,Poor,50.6,,5.6,8480001
Michael Stone,CGY,D,48,32.4,Poor,6.8,,70.7,8474628
Kurtis MacDermid,COL,D,44,32.0,Poor,0.4,,79.5,8477073
Joel Edmundson,MTL,D,61,32.0,Poor,47.4,,8.8,8476441
Jarred Tinordi,CHI,D,44,31.6,Poor,31.3,,32.1,8475797
Marcus Bjork,CBJ,D,33,31.3,Poor,30.5,,32.5,8483620
Gustav Lindstrom,DET,D,36,31.2,Poor,20.9,,46.6,8480184
Brett Kulak,EDM,D,82,31.0,Poor,41.8,,14.9,8476967
Jalen Chatfield,CAR,D,78,30.3,Poor,11.6,,58.2,8478970
Sean Walker,LAK,D,70,30.1,Poor,13.3,,55.4,8480336
Alex Goligoski,MIN,D,46,29.6,Poor,45.0,,6.4,8471274
Nick Holden,OTT,D,65,28.9,Poor,17.7,,45.8,8474207
Calvin de Haan,CAR,D,53,28.8,Poor,10.0,,57.0,8475177
Alexander Edler,LAK,D,64,28.8,Poor,13.7,,51.4,8471303
Alexander Alexeyev,WSH,D,32,28.8,Poor,37.3,,16.1,8480823
Alexandre Carrier,NSH,D,43,28.0,Poor,32.5,,21.3,8478851
Carson Soucy,SEA,D,78,27.6,Poor,24.1,,32.9,8477369
Niko Mikkola,STL,D,81,27.5,Poor,42.6,,4.8,8478859
Erik Johnson,COL,D,63,27.4,Poor,34.1,,17.3,8473446
Filip Roos,CHI,D,17,26.7,Poor,34.9,,14.5,8483619
Dante Fabbro,NSH,D,79,26.3,Poor,36.5,,10.8,8479371
Zach Bogosian,TBL,D,46,26.3,Poor,23.3,,30.9,8474567
Jon Merrill,MIN,D,73,25.9,Poor,19.3,,35.7,8475750
Logan Stanley,WPG,D,19,25.9,Poor,7.2,,53.8,8479378
Ian Mitchell,CHI,D,35,25.9,Poor,22.9,,30.5,8480070
Jacob Bernard-Docker,OTT,D,19,25.7,Poor,42.2,,1.0,8480879
Victor Soderstrom,ARI,D,30,25.4,Poor,28.9,,20.1,8481599
Zac Jones,NYR,D,16,25.1,Poor,30.1,,17.7,8481708
Erik Brannstrom,OTT,D,74,24.3,Poor,15.3,,37.8,8480073
Robert Bortuzzo,STL,D,43,23.9,Poor,1.6,,57.4,8474145
Cal Foote,TBL,D,50,23.0,Poor,18.5,,29.7,8479984
Kevin Bahl,NJD,D,42,22.8,Poor,11.2,,40.2,8480860
Guillaume Brisebois,VAN,D,17,21.7,Poor,25.7,,15.7,8478465
Marc-Edouard Vlasic,SJS,D,78,21.3,Poor,27.7,,11.6,8471709
Jakub Zboril,BOS,D,22,21.2,Poor,4.0,,47.0,8478415
Jan Rutta,PIT,D,56,21.1,Poor,26.9,,12.4,8480172
Nikita Zaitsev,OTT,D,46,21.0,Poor,21.3,,20.5,8479458
Mark Friedman,PIT,D,23,21.0,Poor,12.4,,33.7,8478017
Kale Clague,BUF,D,33,20.6,Poor,33.7,,1.0,8479348
Jeremy Lauzon,NSH,D,67,20.2,Poor,22.5,,16.9,8478468
Christian Wolanin,VAN,D,16,20.0,Poor,20.5,,19.3,8478846
Dennis Gilbert,CGY,D,23,19.5,Poor,4.4,,42.2,8478502
Joshua Brown,ARI,D,68,19.5,Poor,8.4,,36.1,8477384
Jacob Bryson,BUF,D,59,19.2,Poor,15.7,,24.5,8480196
Radim Simek,SJS,D,44,18.9,Poor,14.9,,24.9,8480160
Nick Cicek,SJS,D,16,18.2,Poor,17.3,,19.7,8482824
Vincent Desharnais,EDM,D,36,18.1,Poor,2.8,,41.0,8479576
Riley Stillman,VAN,D,50,17.5,Poor,16.9,,18.5,8479388
Jake Christiansen,CBJ,D,24,17.4,Poor,24.5,,6.8,8481161
Ilya Lyubushkin,BUF,D,68,17.3,Poor,9.6,,28.9,8480950
Casey Fitzgerald,BUF,D,27,16.5,Poor,1.2,,39.4,8479578
Libor Hajek,NYR,D,16,15.9,Poor,12.0,,21.7,8479333
Patrik Nemeth,ARI,D,75,15.7,Poor,24.9,,2.0,8475747
Tyler Tucker,STL,D,26,15.3,Poor,22.1,,5.2,8481006
Jacob MacDonald,SJS,D,58,14.0,Poor,2.4,,31.3,8479439
Calen Addison,MIN,D,62,13.7,Poor,5.6,,25.7,8480884
Philip Broberg,EDM,D,46,13.6,Poor,3.6,,28.5,8481598
Colton White,ANA,D,46,12.5,Poor,14.5,,9.6,8478841
Ben Harpur,NYR,D,42,12.4,Poor,18.9,,2.8,8477433
Brendan Smith,NJD,D,60,11.8,Poor,18.1,,2.4,8474090
Justin Braun,PHI,D,51,10.8,Poor,12.9,,7.6,8474027
Dylan Samberg,WPG,D,63,10.7,Poor,9.2,,12.9,8480049
Kevin Gravel,NSH,D,23,10.7,Poor,10.8,,10.4,8475857
Matt Irwin,WSH,D,61,10.0,Poor,6.4,,15.3,8475625
Nathan Beaulieu,ANA,D,52,9.2,Poor,10.4,,7.2,8476470
Chad Ruhwedel,PIT,D,47,9.1,Poor,7.6,,11.2,8477244
Chris Wideman,MTL,D,46,8.4,Poor,6.0,,12.0,8475227
Andreas Englund,COL,D,47,7.2,Poor,3.2,,13.3,8477971
Joel Hanley,DAL,D,26,6.9,Poor,4.8,,10.0,8477810
Haydn Fleury,TBL,D,29,3.5,Poor,5.2,,1.0,8477938
Markus Niemelainen,EDM,D,23,0.9,Poor,0.8,,1.0,8479338
