player_id,player_name,team,position,GP,TOI_Down2,TOI_Down1,TOI_Tied,TOI_Up1,TOI_Up2,TOI_Total,TOI_Existing_AllSit
8470613,Brent Burns,COL,D,81,1012.0667,1431.3833,2850.3667,1576.35,1389.4667,8259.6333,8541.57
8471724,Kris Letang,PIT,D,74,1041.2667,1477.4333,2908.0333,1535.6,1313.5833,8275.9167,8524.43
8473507,Jeff Petry,TRADED:FLA+MIN,D,67,986.2667,1153.05,2107.2833,953.65,762.3667,5962.6167,6060.28
8474013,Ian Cole,UTA,D,81,799.4667,992.0,2409.9,1358.3,1293.7833,6853.45,6999.68
8474151,Ryan McDonagh,TBL,D,48,747.5667,1070.4667,2431.3667,1371.45,1251.5333,6872.3833,7042.48
8474563,Drew Doughty,LAK,D,71,982.8333,1192.5333,2635.0333,1233.75,1121.8667,7166.0167,7407.48
8474567,Zach Bogosian,MIN,D,41,476.9,731.7333,1609.4167,879.4333,777.05,4474.5333,4540.98
8474568,Luke Schenn,TRADED:WPG+BUF,D,50,759.6167,707.45,1728.8333,871.1167,749.0833,4816.1,4880.78
8474574,Tyler Myers,TRADED:VAN+DAL,D,73,1262.1333,1347.4333,2515.0833,1268.8333,1110.2667,7503.75,7651.72
8474578,Erik Karlsson,PIT,D,75,1331.8333,1648.9,2872.0167,1386.6167,959.3333,8198.7,8422.57
8474590,John Carlson,TRADED:WSH+ANA,D,70,985.5833,1340.5667,2618.7667,1424.6667,1111.45,7481.0333,7783.48
8474600,Roman Josi,NSH,D,68,1229.0833,1374.3333,2961.9833,1401.8,972.0833,7939.2833,8227.13
8474612,Travis Hamonic,DET,D,26,703.5167,842.3833,1445.6667,761.2,523.7833,4276.55,4341.28
8474716,Jared Spurgeon,MIN,D,79,664.5833,1039.4333,2204.0167,1133.2,943.35,5984.5833,6176.25
8475167,Victor Hedman,TBL,D,33,839.2,1320.8333,2566.7667,1349.3167,1350.6333,7426.75,7673.6
8475171,Oliver Ekman-Larsson,TOR,D,78,1178.0,1303.85,2360.1833,1167.2167,913.75,6923.0,7081.2
8475181,Nick Leddy,SJS,D,32,1054.3,1063.0833,2296.1333,1009.75,952.7833,6376.05,6486.38
8475188,Brayden McNabb,VGK,D,64,769.15,1189.7833,2516.9167,1350.3333,1307.9,7134.0833,7303.6
8475200,Dmitry Orlov,SJS,D,81,879.8667,1271.8333,2555.1833,1388.1333,1221.7833,7316.8,7463.42
8475208,Brian Dumoulin,LAK,D,81,946.9833,1241.0333,2704.45,1398.1,1086.2,7376.7667,7495.03
8475218,Mattias Ekholm,EDM,D,81,979.3667,1303.9167,2715.55,1353.7833,1206.6667,7559.2833,7757.33
8475279,Ben Chiarot,DET,D,82,1245.85,1449.9167,2761.9,1212.9833,956.4,7627.05,7773.3
8475324,Nick Jensen,OTT,D,61,937.9667,1069.3167,2448.6167,1386.5,1081.0833,6923.4833,7044.35
8475455,Brenden Dillon,NJD,D,82,863.35,1153.35,2829.25,1351.4833,1161.1167,7358.55,7492.95
8475462,Radko Gudas,ANA,D,56,894.0167,1102.8833,2145.0333,1081.8667,911.7167,6135.5167,6260.1
8475753,Justin Faulk,TRADED:STL+DET,D,78,1230.15,1416.45,2767.0167,1457.6667,1224.0667,8095.35,8287.58
8475764,Cam Fowler,STL,D,81,1617.8167,1563.3833,2971.7167,1211.4833,836.0167,8200.4167,8402.85
8475790,Erik Gudbranson,CBJ,D,37,819.9667,920.1,1805.9,878.35,786.35,5210.6667,5292.5
8475906,John Klingberg,SJS,D,55,813.5667,905.7333,1793.15,770.2833,531.6333,4814.3667,4928.77
8476312,Josh Manson,COL,D,79,533.5,768.8167,1750.2333,971.7167,970.2333,4994.5,5082.1
8476331,Dylan DeMelo,WPG,D,81,850.9,1260.8167,2811.7167,1496.0333,1323.25,7742.7167,7879.22
8476372,Nick Seeler,PHI,D,80,841.3833,880.6167,1712.1333,839.1667,555.7,4829.0,4904.25
8476422,Mike Reilly,CAR,D,42,524.2333,611.55,1388.25,735.35,591.5667,3850.95,3897.97
8476429,Scott Mayfield,NYI,D,80,712.8833,1016.9,2508.7833,1025.2667,930.4,6194.2333,6328.88
8476441,Joel Edmundson,LAK,D,81,842.5,1012.55,2106.7833,1030.45,687.35,5679.6333,5786.63
8476457,Adam Larsson,SEA,D,81,1331.8833,1593.3,3023.35,1562.1333,1088.7667,8599.4333,8776.52
8476462,Dougie Hamilton,NJD,D,77,886.8167,1166.6833,2398.9167,1062.4167,817.1167,6331.95,6521.08
8476463,Jonas Brodin,MIN,D,62,765.7,1138.3333,2383.1833,1334.1667,1004.6833,6626.0667,6829.37
8476467,Jamie Oleksiak,SEA,D,78,1173.2167,1335.9,2480.4833,1207.1167,987.4833,7184.2,7316.95
8476473,Connor Murphy,TRADED:CHI+EDM,D,79,1233.9167,1214.3167,2369.5667,1016.6833,615.35,6449.8333,6550.53
8476853,Morgan Rielly,TOR,D,78,974.0333,1428.9,2772.5667,1510.75,1281.15,7967.4,8189.42
8476854,Hampus Lindholm,BOS,D,67,591.9833,869.6333,2205.8833,1248.8,913.8,5830.1,5989.02
8476869,Brady Skjei,NSH,D,81,888.7667,1363.8333,2994.7667,1578.6667,1241.9667,8068.0,8275.25
8476874,Olli Määttä,TRADED:UTA+CGY,D,42,892.7667,1035.9167,2131.4667,956.0,752.3167,5768.4667,5846.38
8476875,Mike Matheson,MTL,D,78,1020.7167,1260.9333,2840.65,1321.3,984.5833,7428.1833,7650.05
8476879,Cody Ceci,TRADED:LAK+SJS,D,82,930.0167,1286.5333,2719.6333,1530.6333,1179.1,7645.9167,7814.75
8476885,Jacob Trouba,ANA,D,80,951.1667,1365.0333,2672.4333,1466.5667,1064.9167,7520.1167,7681.02
8476891,Matt Grzelcyk,CHI,D,69,684.55,1037.2333,2400.7333,1185.0667,995.3667,6302.95,6372.27
8476892,Colton Parayko,STL,D,76,1169.6167,1306.7667,2902.6333,1436.5167,1229.3833,8044.9167,8238.47
8476902,Esa Lindell,DAL,D,82,839.8167,1248.5667,3044.0833,1579.0167,1357.5333,8069.0167,8270.37
8476906,Shayne Gostisbehere,CAR,D,55,1198.6833,1333.8333,2240.7,978.95,770.4167,6522.5833,6716.42
8476917,Adam Pelech,NYI,D,82,893.1833,1183.0667,2720.3167,1248.5667,1005.1833,7050.3167,7216.68
8476923,Damon Severson,CBJ,D,71,1162.3167,1418.9333,2680.65,1315.4167,957.5,7534.8167,7703.05
8476931,Jake McCabe,TOR,D,80,1122.6667,1218.5833,2330.3667,1168.9833,880.3833,6720.9833,6865.17
8476958,Jaccob Slavin,CAR,D,39,623.15,1130.4333,2599.9,1585.1333,1350.5167,7289.1333,7493.8
8476967,Brett Kulak,TRADED:EDM+COL+PIT,D,82,905.0167,1265.9667,2290.5333,1228.0833,1263.7667,6953.3667,7037.72
8477018,Ben Hutton,VGK,D,55,437.95,687.6333,1104.4333,546.0167,540.2167,3316.25,3361.78
8477220,Nate Schmidt,UTA,D,81,920.25,1136.1,2313.9833,1146.7667,995.4667,6512.5667,6621.55
8477346,MacKenzie Weegar,TRADED:CGY+UTA,D,78,1072.0333,1692.5833,2943.65,1483.7833,1185.6167,8377.6667,8582.93
8477365,Connor Clifton,PIT,D,50,661.7667,835.7,1836.6,1131.1667,1032.7,5497.9333,5577.07
8477369,Carson Soucy,TRADED:NYR+NYI,D,76,778.65,918.55,1824.65,1043.75,892.1,5457.7,5533.0
8477435,Ryan Graves,PIT,D,22,779.3833,993.5833,2009.9833,1077.7167,895.8167,5756.4833,5840.88
8477447,Shea Theodore,VGK,D,71,810.2833,1294.5667,2380.4333,1289.6667,1115.7,6890.65,7076.92
8477488,Brett Pesce,NJD,D,37,570.85,1025.4167,2583.8167,1419.9167,1220.5833,6820.5833,6968.52
8477495,Seth Jones,FLA,D,52,1604.25,1532.3167,2712.1667,1169.5833,634.2,7652.5167,7900.95
8477498,Darnell Nurse,EDM,D,81,1007.8,1463.95,2932.0333,1582.1667,1465.0167,8450.9667,8614.52
8477499,Rasmus Ristolainen,PHI,D,44,986.9,1093.4167,2072.4333,893.4167,516.4333,5562.6,5675.58
8477504,Josh Morrissey,WPG,D,76,1081.8333,1565.95,3278.75,1628.3,1378.25,8933.0833,9173.9
8477506,Ryan Pulock,NYI,D,76,860.0333,1113.8167,2740.5833,1268.15,1088.65,7071.2333,7242.97
8477507,Nikita Zadorov,BOS,D,81,942.25,1281.4333,2509.0167,1382.7667,1111.0,7226.4667,7353.72
8477810,Joel Hanley,CGY,D,68,563.45,676.65,1133.1,617.7667,416.6333,3407.6,3452.25
8477845,Trevor van Riemsdyk,WSH,D,68,841.9167,1036.5667,2074.1167,1087.8833,849.8833,5890.3667,5970.02
8477932,Aaron Ekblad,FLA,D,72,710.7,1116.75,2169.15,1219.3333,1075.2667,6291.2,6475.3
8477938,Haydn Fleury,WPG,D,37,369.6833,488.1833,1041.1667,467.0833,404.5167,2770.6333,2808.88
8477948,Travis Sanheim,PHI,D,81,1567.3,1665.0,3056.95,1373.95,940.6333,8603.8333,8795.78
8477950,Tony DeAngelo,NYI,D,76,705.45,766.8833,1686.2333,771.9333,640.0,4570.5,4703.85
8477969,Marcus Pettersson,VAN,D,81,1013.3833,1325.05,2646.3833,1278.1167,1123.65,7386.5833,7499.65
8477986,Brandon Montour,SEA,D,63,1163.9,1388.9833,2525.85,1296.5833,1106.4667,7481.7833,7711.12
8478013,Jake Walman,EDM,D,52,860.3333,910.7833,1868.5167,800.7333,561.45,5001.8167,5099.85
8478038,Devon Toews,COL,D,67,798.75,1137.1667,2896.2167,1688.8333,1607.9167,8128.8833,8356.45
8478055,Gustav Forsling,FLA,D,80,939.2833,1294.35,2675.5,1571.75,1353.5,7834.3833,7991.15
8478136,Jake Middleton,MIN,D,75,744.4333,1054.2333,2289.2833,1183.9167,851.8,6123.6667,6247.68
8478178,Darren Raddysh,TBL,D,73,494.7333,782.0333,1304.85,680.35,780.2833,4042.25,4140.48
8478396,Noah Hanifin,VGK,D,72,983.5833,1416.25,2835.6167,1469.9833,1232.8167,7938.25,8123.48
8478397,Rasmus Andersson,TRADED:CGY+VGK,D,81,1106.7167,1615.7167,2963.2333,1525.8667,1153.3833,8364.9167,8604.53
8478399,Jonas Siegenthaler,NJD,D,82,908.1167,1135.8167,2284.8833,1051.1,794.1,6174.0167,6288.95
8478407,Vince Dunn,SEA,D,80,1141.1,1423.25,2506.2667,1285.8167,879.4167,7235.85,7433.43
8478416,Erik Cernak,TBL,D,61,643.7167,993.6833,2076.9667,1039.4167,1131.25,5885.0333,6020.08
8478443,Brandon Carlo,TOR,D,55,659.25,943.9833,2382.9667,1277.7167,1074.15,6338.0667,6472.17
8478450,Parker Wotherspoon,PIT,D,80,373.0667,501.6,1000.6,586.0,521.1333,2982.4,3024.78
8478454,Noah Juulsen,PHI,D,52,322.9667,373.4333,692.15,357.65,330.1667,2076.3667,2111.45
8478460,Zach Werenski,CBJ,D,75,1078.9167,1324.45,2528.4,1286.6,840.55,7058.9167,7280.48
8478468,Jeremy Lauzon,VGK,D,68,778.5667,935.35,1949.1667,955.5833,665.5667,5284.2333,5376.4
8478469,Thomas Chabot,OTT,D,57,1183.2833,1324.2167,2466.85,1165.7833,968.1333,7108.2667,7274.25
8478500,Ivan Provorov,CBJ,D,82,1376.75,1627.5,3147.1667,1517.9667,1042.0,8711.3833,8962.7
8478507,John Marino,UTA,D,79,731.8,1155.55,2427.55,1258.7167,1138.85,6712.4667,6835.53
8478840,Will Borgen,NYR,D,75,829.8,1043.85,1841.1,886.6833,798.1,5399.5333,5471.95
8478851,Alexandre Carrier,MTL,D,73,709.1833,927.6833,2208.35,1116.4833,900.4333,5862.1333,6009.95
8478854,Ryan Shea,PIT,D,80,278.1167,327.3833,723.1667,407.3833,396.5,2132.55,2173.35
8478859,Niko Mikkola,FLA,D,68,741.15,964.9,2215.3667,1275.1833,1014.15,6210.75,6310.23
8478882,Vladislav Gavrikov,NYR,D,82,1169.65,1471.0167,3012.3333,1398.45,1136.8,8188.25,8354.77
8478911,Matt Roy,WSH,D,79,853.8833,1161.1167,2536.2,1296.8833,1137.7,6985.7833,7119.05
8478970,Jalen Chatfield,CAR,D,72,510.4833,795.8,1638.05,999.5167,934.6167,4878.4667,4939.72
8479026,Philippe Myers,TOR,D,39,351.85,440.9833,797.0167,371.0167,270.95,2231.8167,2262.5
8479323,Adam Fox,NYR,D,55,994.45,1414.8167,2735.7167,1508.15,1120.45,7773.5833,8035.58
8479324,Ryan Lindgren,SEA,D,75,829.4167,1169.4167,2541.8,1395.5833,1023.3167,6959.5333,7081.67
8479325,Charlie McAvoy,BOS,D,69,685.45,1154.8333,2705.6,1505.6,1181.5,7232.9833,7445.63
8479345,Jakob Chychrun,WSH,D,80,1176.0167,1505.4,2475.8833,1122.2167,867.55,7147.0667,7332.73
8479369,Andrew Peeke,BOS,D,77,1098.75,1216.5833,2031.9,996.8667,725.5167,6069.6167,6171.1
8479371,Dante Fabbro,CBJ,D,74,816.6667,965.9833,2236.0,1069.5,904.7833,5992.9333,6088.63
8479372,Joshua Mahura,SEA,D,23,539.4333,556.75,1047.95,544.9833,457.7667,3146.8833,3185.97
8479378,Logan Stanley,TRADED:WPG+BUF,D,76,372.35,589.2333,1381.6667,672.2167,696.3333,3711.8,3776.78
8479398,Samuel Girard,TRADED:COL+PIT,D,60,772.15,950.5333,2206.4833,1314.8,1340.1,6584.0667,6666.63
8479410,Mikhail Sergachev,UTA,D,77,896.35,1316.2,2599.85,1336.7667,1204.1,7353.2667,7574.78
8479425,Filip Hronek,VAN,D,81,1354.5833,1270.0667,2812.6833,1368.2667,953.2,7758.8,7999.13
8479442,Troy Stecher,TRADED:TOR+EDM,D,64,844.1833,914.2333,1717.8167,819.5667,586.0,4881.8,4955.75
8479576,Vincent Desharnais,SJS,D,53,398.7667,468.8667,975.2333,551.55,566.25,2960.6667,3007.03
8479980,Nicolas Hague,TRADED:NSH+VGK,D,63,717.15,1109.1167,2090.5167,1136.2667,1108.2833,6161.3333,6263.65
8479982,Conor Timmins,BUF,D,39,389.25,498.8833,868.5,458.0667,478.5333,2693.2333,2738.62
8479983,Mario Ferraro,SJS,D,82,1546.45,1564.5333,2779.45,1313.9833,682.0167,7886.4333,8040.6
8479998,Mikey Anderson,LAK,D,79,876.7167,1162.5833,2992.05,1361.45,1195.25,7588.05,7736.25
8480001,Urho Vaakanainen,NYR,D,34,564.05,587.3167,1096.3167,475.4,417.0167,3140.1,3167.03
8480035,Henri Jokiharju,BOS,D,41,986.75,1126.4167,2004.8833,893.7,675.15,5686.9,5768.32
8480036,Miro Heiskanen,DAL,D,77,905.95,1305.7833,3015.75,1487.75,1247.75,7962.9833,8223.25
8480043,Timothy Liljegren,TRADED:SJS+WSH,D,48,601.95,795.8,1489.5,860.5833,817.95,4565.7833,4658.73
8480049,Dylan Samberg,WPG,D,65,492.0667,655.65,1574.1333,795.3833,777.1667,4294.4,4384.35
8480058,Pierre-Olivier Joseph,VAN,D,31,439.1,630.9167,1093.5667,454.1333,447.1,3064.8167,3101.62
8480069,Cale Makar,COL,D,74,894.65,1240.3833,2800.4167,1606.1333,1519.5667,8061.15,8363.8
8480145,Neal Pionk,WPG,D,51,798.4,1205.6167,2655.1333,1363.4167,1220.0833,7242.65,7425.22
8480192,Johnathan Kovacevic,NJD,D,34,637.35,604.6833,1481.1167,670.1167,480.9333,3874.2,3933.27
8480196,Jacob Bryson,TRADED:BUF+WPG,D,50,687.9833,871.9,1362.0167,621.65,570.0,4113.55,4162.98
8480246,Nick Perbix,NSH,D,78,586.0,833.5167,1520.1667,765.8167,695.9333,4401.4333,4466.37
8480336,Sean Walker,CAR,D,81,798.1833,938.4167,1846.7833,1029.0167,943.8167,5556.2167,5663.23
8480434,Sean Durzi,UTA,D,60,736.0833,891.1667,1753.7167,857.3333,675.55,4913.85,5026.9
8480727,Zach Whitecloud,TRADED:VGK+CGY,D,78,673.6167,1040.7667,2090.3667,1135.3,1078.0333,6018.0833,6131.55
8480796,Martin Fehérváry,WSH,D,81,860.3167,1056.6833,2186.1167,1226.5833,876.1,6205.8,6344.78
8480800,Quinn Hughes,TRADED:MIN+VAN,D,74,1367.0333,1673.45,2910.7333,1506.95,1255.1667,8713.3333,8961.4
8480803,Evan Bouchard,EDM,D,81,912.95,1386.45,2525.05,1275.8667,1247.05,7347.3667,7522.53
8480807,Mattias Samuelsson,BUF,D,78,760.3,883.6333,1738.1167,957.9167,795.4833,5135.45,5260.0
8480817,K'Andre Miller,CAR,D,72,886.55,1328.6,2753.7167,1686.4,1278.2,7933.4667,8065.2
8480834,Ty Emberson,EDM,D,71,366.9333,404.6833,827.7167,399.65,393.3,2392.2833,2427.0
8480839,Rasmus Dahlin,BUF,D,77,1548.7167,1720.7,2982.2167,1438.2333,1093.9667,8783.8333,9062.15
8480860,Kevin Bahl,CGY,D,76,696.8333,892.9833,1795.6833,875.1167,569.1,4829.7167,4917.73
8480865,Noah Dobson,MTL,D,80,985.0167,1317.0667,2907.6167,1359.45,1098.8833,7668.0333,7902.03
8480871,Adam Boqvist,NYI,D,28,776.6667,612.5333,1066.15,445.1833,368.25,3268.7833,3343.53
8480873,Rasmus Sandin,WSH,D,73,752.1,952.3167,1918.4167,1085.4667,992.3833,5700.6833,5785.02
8480878,Nils Lundkvist,DAL,D,52,272.8833,458.6333,1228.65,648.4,604.6167,3213.1833,3255.17
8480879,Jacob Bernard-Docker,DET,D,63,455.5,496.9833,875.95,444.3667,437.9333,2710.7333,2743.0
8480891,Michael Kesselring,BUF,D,34,396.8333,504.3833,999.2,471.9,352.8833,2725.2,2758.13
8480950,Ilya Lyubushkin,DAL,D,53,891.3167,930.95,2068.95,805.9667,834.1,5531.2833,5617.07
8480990,Declan Chisholm,WSH,D,26,208.9,303.9667,637.05,331.45,253.45,1734.8167,1750.87
8481006,Tyler Tucker,STL,D,68,369.4667,279.2667,660.0833,343.5333,352.1333,2004.4833,2025.82
8481056,Spencer Stastney,TRADED:EDM+NSH,D,66,280.4667,266.7167,538.5333,244.6833,271.1833,1601.5833,1628.75
8481122,Simon Benoit,TOR,D,73,874.1833,910.7333,1793.6667,866.75,633.7167,5079.05,5177.93
8481161,Jake Christiansen,CBJ,D,40,250.8833,280.1333,606.7167,322.6,257.7667,1718.1,1733.3
8481167,Brayden Pachal,CGY,D,38,352.1333,415.2,757.9333,381.7667,302.1333,2209.1667,2230.5
8481178,Egor Zamula,TRADED:CBJ+PHI,D,33,485.3833,448.3333,839.15,436.1167,349.9333,2558.9167,2588.35
8481524,Bowen Byram,BUF,D,82,720.1833,943.3,1842.1667,1117.95,1101.5667,5725.1667,5848.85
8481527,Kaedan Korczak,VGK,D,78,326.6167,454.3167,699.2667,351.4667,404.6167,2236.2833,2257.43
8481542,Moritz Seider,DET,D,82,1311.6667,1345.4167,2777.9667,1287.8833,885.0833,7608.0167,7883.88
8481546,Cam York,PHI,D,74,980.9667,1023.7667,1898.25,863.9,638.1333,5405.0167,5518.12
8481563,Drew Helleson,ANA,D,60,303.2833,343.7333,603.0,270.6667,173.4333,1694.1167,1715.97
8481568,Alex Vlasic,CHI,D,81,987.7167,928.5167,1605.2,744.1167,373.2833,4638.8333,4748.92
8481581,Thomas Harley,DAL,D,70,505.0833,780.45,1692.1,884.5833,787.6667,4649.8833,4744.12
8481593,Jayden Struble,MTL,D,59,359.8833,386.65,849.0667,405.85,318.8833,2320.3333,2344.12
8481598,Philip Broberg,STL,D,80,525.35,574.6333,1210.0,637.4167,652.35,3599.75,3682.17
8481605,Jackson LaCombe,ANA,D,81,681.8667,810.0167,1459.2333,583.8667,390.6667,3925.65,4055.53
8481606,Jordan Spence,OTT,D,73,417.7333,569.7,1251.95,696.8833,687.2833,3623.55,3688.63
8481607,Albert Johansson,DET,D,82,333.3333,325.95,710.7,342.9333,271.2667,1984.1833,2022.5
8481806,Louis Crevier,CHI,D,78,413.15,346.2333,666.9333,315.7833,200.3333,1942.4333,1972.12
8482073,Braden Schneider,NYR,D,82,705.3,1057.3167,1867.15,1004.7,866.3833,5500.85,5564.27
8482087,Kaiden Guhle,MTL,D,39,492.6167,657.4833,1365.2833,606.75,383.0833,3505.2167,3562.72
8482095,Tyler Kleven,OTT,D,70,298.5833,321.3,805.5333,435.0333,380.7,2241.15,2266.93
8482105,Jake Sanderson,OTT,D,67,921.3167,919.6,1786.0333,950.85,788.5167,5366.3167,5571.47
8482111,Justin Barron,NSH,D,51,552.0333,572.4,1030.95,478.05,289.25,2922.6833,2956.65
8482122,Brock Faber,MIN,D,80,580.55,897.6667,1766.25,909.1,615.2333,4768.8,4907.0
8482126,Emil Andrae,PHI,D,61,241.9167,286.9333,482.1167,272.65,218.3,1501.9167,1520.02
8482142,Jamie Drysdale,PHI,D,78,955.2,990.3,1783.2167,748.6333,546.1667,5023.5167,5134.22
8482176,Wyatt Kaiser,CHI,D,77,536.7667,515.9333,980.7167,479.8667,258.4167,2771.7,2807.67
8482245,Artem Zub,OTT,D,81,1047.0833,1108.8167,2390.5667,1189.8,975.6167,6711.8833,6859.7
8482511,Mason Lohrei,BOS,D,73,373.85,493.4833,1020.5167,548.7833,410.1167,2846.75,2895.87
8482655,J.J. Moser,TBL,D,79,830.4167,1104.35,2002.4,881.8333,770.7833,5589.7833,5699.77
8482671,Owen Power,BUF,D,81,937.4833,1090.1667,1925.4833,999.15,877.8833,5830.1667,5976.58
8482684,Luke Hughes,NJD,D,68,618.1167,774.9333,1406.5833,651.1167,522.95,3973.7,4071.0
8482730,Brandt Clarke,LAK,D,81,304.2333,483.8833,1072.7833,497.5833,322.7667,2681.25,2729.5
8482762,Simon Edvinsson,DET,D,72,453.9,534.05,1179.2833,561.7833,413.85,3142.8667,3211.55
8482803,Olen Zellweger,ANA,D,76,487.2,483.15,928.25,375.4167,208.35,2482.3667,2523.23
8482858,Ryker Evans,SEA,D,66,538.6333,584.2667,966.85,396.3,292.8333,2778.8833,2827.22
8482929,Emil Lilleberg,TBL,D,50,216.2167,420.5833,792.4667,397.0333,454.1833,2280.4833,2311.43
8482964,Arber Xhekaj,MTL,D,65,490.7333,493.7,1097.65,417.8833,368.7167,2868.6833,2902.37
8483457,Lane Hutson,MTL,D,82,412.45,612.7333,1197.9167,525.4833,362.4333,3111.0167,3199.17
8483485,Denton Mateychuk,CBJ,D,75,198.55,315.2,698.0333,367.0667,301.0833,1879.9333,1914.08
8483490,Pavel Mintyukov,ANA,D,72,599.7667,624.2167,1042.15,449.1,310.0,3025.2333,3090.05
8483495,Simon Nemec,NJD,D,68,433.35,495.1667,891.45,352.35,301.65,2473.9667,2519.17
8483565,Nick Blankenburg,TRADED:NSH+COL,D,60,513.0,553.0667,874.4167,369.4833,272.5,2582.4667,2642.82
8484258,Sam Malinski,COL,D,81,271.15,433.8,885.4667,483.0333,519.6,2593.05,2622.58
8484304,Uvis Balinskis,FLA,D,54,325.3,305.9167,686.4,383.25,280.2333,1981.1,2016.17
8485366,Matthew Schaefer,NYI,D,82,255.0,297.6667,571.5167,264.5167,206.7667,1595.4667,1683.95
